county_fips,tax_year,state_income_tax_rate,local_sales_tax_rate,state_income_tax_source_url,local_sales_tax_source_url
01001,2026,0.04735,0.094570262502145119,https://taxfoundation.org/data/all/state/state-income-tax-rates-2026/,https://taxfoundation.org/data/all/state/sales-tax-rates/
01003,2026,0.04735,0.094570262502145119,https://taxfoundation.org/data/all/state/state-income-tax-rates-2026/,https://taxfoundation.org/data/all/state/sales-tax-rates/
01005,2026,0.04735,0.094570262502145119,https://taxfoundation.org/data/all/state/state-income-tax-rates-2026/,https://taxfoundation.org/data/all/state/sales-tax-rates/
01007,2026,0.04735,0.094570262502145119,https://taxfoundation.org/data/all/state/state-income-tax-rates-2026/,https://taxfoundation.org/data/all/state/sales-tax-rates/
01009,2026,0.04735,0.094570262502145119,https://taxfoundation.org/data/all/state/state-income-tax-rates-2026/,https://taxfoundation.org/data/all/state/sales-tax-rates/
01011,2026,0.04735,0.094570262502145119,https://taxfoundation.org/data/all/state/state-income-tax-rates-2026/,https://taxfoundation.org/data/all/state/sales-tax-rates/
01013,2026,0.04735,0.094570262502145119,https://taxfoundation.org/data/all/state/state-income-tax-rates-2026/,https://taxfoundation.org/data/all/state/sales-tax-rates/
01015,2026,0.04735,0.094570262502145119,https://taxfoundation.org/data/all/state/state-income-tax-rates-2026/,https://taxfoundation.org/data/all/state/sales-tax-rates/
01017,2026,0.04735,0.094570262502145119,https://taxfoundation.org/data/all/state/state-income-tax-rates-2026/,https://taxfoundation.org/data/all/state/sales-tax-rates/
01019,2026,0.04735,0.094570262502145119,https://taxfoundation.org/data/all/state/state-income-tax-rates-2026/,https://taxfoundation.org/data/all/state/sales-tax-rates/
01021,2026,0.04735,0.094570262502145119,https://taxfoundation.org/data/all/state/state-income-tax-rates-2026/,https://taxfoundation.org/data/all/state/sales-tax-rates/
01023,2026,0.04735,0.094570262502145119,https://taxfoundation.org/data/all/state/state-income-tax-rates-2026/,https://taxfoundation.org/data/all/state/sales-tax-rates/
01025,2026,0.04735,0.094570262502145119,https://taxfoundation.org/data/all/state/state-income-tax-rates-2026/,https://taxfoundation.org/data/all/state/sales-tax-rates/
01027,2026,0.04735,0.094570262502145119,https://taxfoundation.org/data/all/state/state-income-tax-rates-2026/,https://taxfoundation.org/data/all/state/sales-tax-rates/
01029,2026,0.04735,0.094570262502145119,https://taxfoundation.org/data/all/state/state-income-tax-rates-2026/,https://taxfoundation.org/data/all/state/sales-tax-rates/
01031,2026,0.04735,0.094570262502145119,https://taxfoundation.org/data/all/state/state-income-tax-rates-2026/,https://taxfoundation.org/data/all/state/sales-tax-rates/
01033,2026,0.04735,0.094570262502145119,https://taxfoundation.org/data/all/state/state-income-tax-rates-2026/,https://taxfoundation.org/data/all/state/sales-tax-rates/
01035,2026,0.04735,0.094570262502145119,https://taxfoundation.org/data/all/state/state-income-tax-rates-2026/,https://taxfoundation.org/data/all/state/sales-tax-rates/
01037,2026,0.04735,0.094570262502145119,https://taxfoundation.org/data/all/state/state-income-tax-rates-2026/,https://taxfoundation.org/data/all/state/sales-tax-rates/
01039,2026,0.04735,0.094570262502145119,https://taxfoundation.org/data/all/state/state-income-tax-rates-2026/,https://taxfoundation.org/data/all/state/sales-tax-rates/
01041,2026,0.04735,0.094570262502145119,https://taxfoundation.org/data/all/state/state-income-tax-rates-2026/,https://taxfoundation.org/data/all/state/sales-tax-rates/
01043,2026,0.04735,0.094570262502145119,https://taxfoundation.org/data/all/state/state-income-tax-rates-2026/,https://taxfoundation.org/data/all/state/sales-tax-rates/
01045,2026,0.04735,0.094570262502145119,https://taxfoundation.org/data/all/state/state-income-tax-rates-2026/,https://taxfoundation.org/data/all/state/sales-tax-rates/
01047,2026,0.04735,0.094570262502145119,https://taxfoundation.org/data/all/state/state-income-tax-rates-2026/,https://taxfoundation.org/data/all/state/sales-tax-rates/
01049,2026,0.04735,0.094570262502145119,https://taxfoundation.org/data/all/state/state-income-tax-rates-2026/,https://taxfoundation.org/data/all/state/sales-tax-rates/
01051,2026,0.04735,0.094570262502145119,https://taxfoundation.org/data/all/state/state-income-tax-rates-2026/,https://taxfoundation.org/data/all/state/sales-tax-rates/
01053,2026,0.04735,0.094570262502145119,https://taxfoundation.org/data/all/state/state-income-tax-rates-2026/,https://taxfoundation.org/data/all/state/sales-tax-rates/
01055,2026,0.04735,0.094570262502145119,https://taxfoundation.org/data/all/state/state-income-tax-rates-2026/,https://taxfoundation.org/data/all/state/sales-tax-rates/
01057,2026,0.04735,0.094570262502145119,https://taxfoundation.org/data/all/state/state-income-tax-rates-2026/,https://taxfoundation.org/data/all/state/sales-tax-rates/
01059,2026,0.04735,0.094570262502145119,https://taxfoundation.org/data/all/state/state-income-tax-rates-2026/,https://taxfoundation.org/data/all/state/sales-tax-rates/
01061,2026,0.04735,0.094570262502145119,https://taxfoundation.org/data/all/state/state-income-tax-rates-2026/,https://taxfoundation.org/data/all/state/sales-tax-rates/
01063,2026,0.04735,0.094570262502145119,https://taxfoundation.org/data/all/state/state-income-tax-rates-2026/,https://taxfoundation.org/data/all/state/sales-tax-rates/
01065,2026,0.04735,0.094570262502145119,https://taxfoundation.org/data/all/state/state-income-tax-rates-2026/,https://taxfoundation.org/data/all/state/sales-tax-rates/
01067,2026,0.04735,0.094570262502145119,https://taxfoundation.org/data/all/state/state-income-tax-rates-2026/,https://taxfoundation.org/data/all/state/sales-tax-rates/
01069,2026,0.04735,0.094570262502145119,https://taxfoundation.org/data/all/state/state-income-tax-rates-2026/,https://taxfoundation.org/data/all/state/sales-tax-rates/
01071,2026,0.04735,0.094570262502145119,https://taxfoundation.org/data/all/state/state-income-tax-rates-2026/,https://taxfoundation.org/data/all/state/sales-tax-rates/
01073,2026,0.04735,0.094570262502145119,https://taxfoundation.org/data/all/state/state-income-tax-rates-2026/,https://taxfoundation.org/data/all/state/sales-tax-rates/
01075,2026,0.04735,0.094570262502145119,https://taxfoundation.org/data/all/state/state-income-tax-rates-2026/,https://taxfoundation.org/data/all/state/sales-tax-rates/
01077,2026,0.04735,0.094570262502145119,https://taxfoundation.org/data/all/state/state-income-tax-rates-2026/,https://taxfoundation.org/data/all/state/sales-tax-rates/
01079,2026,0.04735,0.094570262502145119,https://taxfoundation.org/data/all/state/state-income-tax-rates-2026/,https://taxfoundation.org/data/all/state/sales-tax-rates/
01081,2026,0.04735,0.094570262502145119,https://taxfoundation.org/data/all/state/state-income-tax-rates-2026/,https://taxfoundation.org/data/all/state/sales-tax-rates/
01083,2026,0.04735,0.094570262502145119,https://taxfoundation.org/data/all/state/state-income-tax-rates-2026/,https://taxfoundation.org/data/all/state/sales-tax-rates/
01085,2026,0.04735,0.094570262502145119,https://taxfoundation.org/data/all/state/state-income-tax-rates-2026/,https://taxfoundation.org/data/all/state/sales-tax-rates/
01087,2026,0.04735,0.094570262502145119,https://taxfoundation.org/data/all/state/state-income-tax-rates-2026/,https://taxfoundation.org/data/all/state/sales-tax-rates/
01089,2026,0.04735,0.094570262502145119,https://taxfoundation.org/data/all/state/state-income-tax-rates-2026/,https://taxfoundation.org/data/all/state/sales-tax-rates/
01091,2026,0.04735,0.094570262502145119,https://taxfoundation.org/data/all/state/state-income-tax-rates-2026/,https://taxfoundation.org/data/all/state/sales-tax-rates/
01093,2026,0.04735,0.094570262502145119,https://taxfoundation.org/data/all/state/state-income-tax-rates-2026/,https://taxfoundation.org/data/all/state/sales-tax-rates/
01095,2026,0.04735,0.094570262502145119,https://taxfoundation.org/data/all/state/state-income-tax-rates-2026/,https://taxfoundation.org/data/all/state/sales-tax-rates/
01097,2026,0.04735,0.094570262502145119,https://taxfoundation.org/data/all/state/state-income-tax-rates-2026/,https://taxfoundation.org/data/all/state/sales-tax-rates/
01099,2026,0.04735,0.094570262502145119,https://taxfoundation.org/data/all/state/state-income-tax-rates-2026/,https://taxfoundation.org/data/all/state/sales-tax-rates/
01101,2026,0.04735,0.094570262502145119,https://taxfoundation.org/data/all/state/state-income-tax-rates-2026/,https://taxfoundation.org/data/all/state/sales-tax-rates/
01103,2026,0.04735,0.094570262502145119,https://taxfoundation.org/data/all/state/state-income-tax-rates-2026/,https://taxfoundation.org/data/all/state/sales-tax-rates/
01105,2026,0.04735,0.094570262502145119,https://taxfoundation.org/data/all/state/state-income-tax-rates-2026/,https://taxfoundation.org/data/all/state/sales-tax-rates/
01107,2026,0.04735,0.094570262502145119,https://taxfoundation.org/data/all/state/state-income-tax-rates-2026/,https://taxfoundation.org/data/all/state/sales-tax-rates/
01109,2026,0.04735,0.094570262502145119,https://taxfoundation.org/data/all/state/state-income-tax-rates-2026/,https://taxfoundation.org/data/all/state/sales-tax-rates/
01111,2026,0.04735,0.094570262502145119,https://taxfoundation.org/data/all/state/state-income-tax-rates-2026/,https://taxfoundation.org/data/all/state/sales-tax-rates/
01113,2026,0.04735,0.094570262502145119,https://taxfoundation.org/data/all/state/state-income-tax-rates-2026/,https://taxfoundation.org/data/all/state/sales-tax-rates/
01115,2026,0.04735,0.094570262502145119,https://taxfoundation.org/data/all/state/state-income-tax-rates-2026/,https://taxfoundation.org/data/all/state/sales-tax-rates/
01117,2026,0.04735,0.094570262502145119,https://taxfoundation.org/data/all/state/state-income-tax-rates-2026/,https://taxfoundation.org/data/all/state/sales-tax-rates/
01119,2026,0.04735,0.094570262502145119,https://taxfoundation.org/data/all/state/state-income-tax-rates-2026/,https://taxfoundation.org/data/all/state/sales-tax-rates/
01121,2026,0.04735,0.094570262502145119,https://taxfoundation.org/data/all/state/state-income-tax-rates-2026/,https://taxfoundation.org/data/all/state/sales-tax-rates/
01123,2026,0.04735,0.094570262502145119,https://taxfoundation.org/data/all/state/state-income-tax-rates-2026/,https://taxfoundation.org/data/all/state/sales-tax-rates/
01125,2026,0.04735,0.094570262502145119,https://taxfoundation.org/data/all/state/state-income-tax-rates-2026/,https://taxfoundation.org/data/all/state/sales-tax-rates/
01127,2026,0.04735,0.094570262502145119,https://taxfoundation.org/data/all/state/state-income-tax-rates-2026/,https://taxfoundation.org/data/all/state/sales-tax-rates/
01129,2026,0.04735,0.094570262502145119,https://taxfoundation.org/data/all/state/state-income-tax-rates-2026/,https://taxfoundation.org/data/all/state/sales-tax-rates/
01131,2026,0.04735,0.094570262502145119,https://taxfoundation.org/data/all/state/state-income-tax-rates-2026/,https://taxfoundation.org/data/all/state/sales-tax-rates/
01133,2026,0.04735,0.094570262502145119,https://taxfoundation.org/data/all/state/state-income-tax-rates-2026/,https://taxfoundation.org/data/all/state/sales-tax-rates/
02013,2026,0,0.018210609880122908,https://taxfoundation.org/data/all/state/state-income-tax-rates-2026/,https://taxfoundation.org/data/all/state/sales-tax-rates/
02016,2026,0,0.018210609880122908,https://taxfoundation.org/data/all/state/state-income-tax-rates-2026/,https://taxfoundation.org/data/all/state/sales-tax-rates/
02020,2026,0,0.018210609880122908,https://taxfoundation.org/data/all/state/state-income-tax-rates-2026/,https://taxfoundation.org/data/all/state/sales-tax-rates/
02050,2026,0,0.018210609880122908,https://taxfoundation.org/data/all/state/state-income-tax-rates-2026/,https://taxfoundation.org/data/all/state/sales-tax-rates/
02060,2026,0,0.018210609880122908,https://taxfoundation.org/data/all/state/state-income-tax-rates-2026/,https://taxfoundation.org/data/all/state/sales-tax-rates/
02063,2026,0,0.018210609880122908,https://taxfoundation.org/data/all/state/state-income-tax-rates-2026/,https://taxfoundation.org/data/all/state/sales-tax-rates/
02066,2026,0,0.018210609880122908,https://taxfoundation.org/data/all/state/state-income-tax-rates-2026/,https://taxfoundation.org/data/all/state/sales-tax-rates/
02068,2026,0,0.018210609880122908,https://taxfoundation.org/data/all/state/state-income-tax-rates-2026/,https://taxfoundation.org/data/all/state/sales-tax-rates/
02070,2026,0,0.018210609880122908,https://taxfoundation.org/data/all/state/state-income-tax-rates-2026/,https://taxfoundation.org/data/all/state/sales-tax-rates/
02090,2026,0,0.018210609880122908,https://taxfoundation.org/data/all/state/state-income-tax-rates-2026/,https://taxfoundation.org/data/all/state/sales-tax-rates/
02100,2026,0,0.018210609880122908,https://taxfoundation.org/data/all/state/state-income-tax-rates-2026/,https://taxfoundation.org/data/all/state/sales-tax-rates/
02105,2026,0,0.018210609880122908,https://taxfoundation.org/data/all/state/state-income-tax-rates-2026/,https://taxfoundation.org/data/all/state/sales-tax-rates/
02110,2026,0,0.018210609880122908,https://taxfoundation.org/data/all/state/state-income-tax-rates-2026/,https://taxfoundation.org/data/all/state/sales-tax-rates/
02122,2026,0,0.018210609880122908,https://taxfoundation.org/data/all/state/state-income-tax-rates-2026/,https://taxfoundation.org/data/all/state/sales-tax-rates/
02130,2026,0,0.018210609880122908,https://taxfoundation.org/data/all/state/state-income-tax-rates-2026/,https://taxfoundation.org/data/all/state/sales-tax-rates/
02150,2026,0,0.018210609880122908,https://taxfoundation.org/data/all/state/state-income-tax-rates-2026/,https://taxfoundation.org/data/all/state/sales-tax-rates/
02158,2026,0,0.018210609880122908,https://taxfoundation.org/data/all/state/state-income-tax-rates-2026/,https://taxfoundation.org/data/all/state/sales-tax-rates/
02164,2026,0,0.018210609880122908,https://taxfoundation.org/data/all/state/state-income-tax-rates-2026/,https://taxfoundation.org/data/all/state/sales-tax-rates/
02170,2026,0,0.018210609880122908,https://taxfoundation.org/data/all/state/state-income-tax-rates-2026/,https://taxfoundation.org/data/all/state/sales-tax-rates/
02180,2026,0,0.018210609880122908,https://taxfoundation.org/data/all/state/state-income-tax-rates-2026/,https://taxfoundation.org/data/all/state/sales-tax-rates/
02185,2026,0,0.018210609880122908,https://taxfoundation.org/data/all/state/state-income-tax-rates-2026/,https://taxfoundation.org/data/all/state/sales-tax-rates/
02188,2026,0,0.018210609880122908,https://taxfoundation.org/data/all/state/state-income-tax-rates-2026/,https://taxfoundation.org/data/all/state/sales-tax-rates/
02195,2026,0,0.018210609880122908,https://taxfoundation.org/data/all/state/state-income-tax-rates-2026/,https://taxfoundation.org/data/all/state/sales-tax-rates/
02198,2026,0,0.018210609880122908,https://taxfoundation.org/data/all/state/state-income-tax-rates-2026/,https://taxfoundation.org/data/all/state/sales-tax-rates/
02220,2026,0,0.018210609880122908,https://taxfoundation.org/data/all/state/state-income-tax-rates-2026/,https://taxfoundation.org/data/all/state/sales-tax-rates/
02230,2026,0,0.018210609880122908,https://taxfoundation.org/data/all/state/state-income-tax-rates-2026/,https://taxfoundation.org/data/all/state/sales-tax-rates/
02240,2026,0,0.018210609880122908,https://taxfoundation.org/data/all/state/state-income-tax-rates-2026/,https://taxfoundation.org/data/all/state/sales-tax-rates/
02275,2026,0,0.018210609880122908,https://taxfoundation.org/data/all/state/state-income-tax-rates-2026/,https://taxfoundation.org/data/all/state/sales-tax-rates/
02282,2026,0,0.018210609880122908,https://taxfoundation.org/data/all/state/state-income-tax-rates-2026/,https://taxfoundation.org/data/all/state/sales-tax-rates/
02290,2026,0,0.018210609880122908,https://taxfoundation.org/data/all/state/state-income-tax-rates-2026/,https://taxfoundation.org/data/all/state/sales-tax-rates/
04001,2026,0.0229125000000000009165,0.085193639982002689,https://taxfoundation.org/data/all/state/state-income-tax-rates-2026/,https://taxfoundation.org/data/all/state/sales-tax-rates/
04003,2026,0.0229125000000000009165,0.085193639982002689,https://taxfoundation.org/data/all/state/state-income-tax-rates-2026/,https://taxfoundation.org/data/all/state/sales-tax-rates/
04005,2026,0.0229125000000000009165,0.085193639982002689,https://taxfoundation.org/data/all/state/state-income-tax-rates-2026/,https://taxfoundation.org/data/all/state/sales-tax-rates/
04007,2026,0.0229125000000000009165,0.085193639982002689,https://taxfoundation.org/data/all/state/state-income-tax-rates-2026/,https://taxfoundation.org/data/all/state/sales-tax-rates/
04009,2026,0.0229125000000000009165,0.085193639982002689,https://taxfoundation.org/data/all/state/state-income-tax-rates-2026/,https://taxfoundation.org/data/all/state/sales-tax-rates/
04011,2026,0.0229125000000000009165,0.085193639982002689,https://taxfoundation.org/data/all/state/state-income-tax-rates-2026/,https://taxfoundation.org/data/all/state/sales-tax-rates/
04012,2026,0.0229125000000000009165,0.085193639982002689,https://taxfoundation.org/data/all/state/state-income-tax-rates-2026/,https://taxfoundation.org/data/all/state/sales-tax-rates/
04013,2026,0.0229125000000000009165,0.085193639982002689,https://taxfoundation.org/data/all/state/state-income-tax-rates-2026/,https://taxfoundation.org/data/all/state/sales-tax-rates/
04015,2026,0.0229125000000000009165,0.085193639982002689,https://taxfoundation.org/data/all/state/state-income-tax-rates-2026/,https://taxfoundation.org/data/all/state/sales-tax-rates/
04017,2026,0.0229125000000000009165,0.085193639982002689,https://taxfoundation.org/data/all/state/state-income-tax-rates-2026/,https://taxfoundation.org/data/all/state/sales-tax-rates/
04019,2026,0.0229125000000000009165,0.085193639982002689,https://taxfoundation.org/data/all/state/state-income-tax-rates-2026/,https://taxfoundation.org/data/all/state/sales-tax-rates/
04021,2026,0.0229125000000000009165,0.085193639982002689,https://taxfoundation.org/data/all/state/state-income-tax-rates-2026/,https://taxfoundation.org/data/all/state/sales-tax-rates/
04023,2026,0.0229125000000000009165,0.085193639982002689,https://taxfoundation.org/data/all/state/state-income-tax-rates-2026/,https://taxfoundation.org/data/all/state/sales-tax-rates/
04025,2026,0.0229125000000000009165,0.085193639982002689,https://taxfoundation.org/data/all/state/state-income-tax-rates-2026/,https://taxfoundation.org/data/all/state/sales-tax-rates/
04027,2026,0.0229125000000000009165,0.085193639982002689,https://taxfoundation.org/data/all/state/state-income-tax-rates-2026/,https://taxfoundation.org/data/all/state/sales-tax-rates/
05001,2026,0.0368727,0.094626313806135565,https://taxfoundation.org/data/all/state/state-income-tax-rates-2026/,https://taxfoundation.org/data/all/state/sales-tax-rates/
05003,2026,0.0368727,0.094626313806135565,https://taxfoundation.org/data/all/state/state-income-tax-rates-2026/,https://taxfoundation.org/data/all/state/sales-tax-rates/
05005,2026,0.0368727,0.094626313806135565,https://taxfoundation.org/data/all/state/state-income-tax-rates-2026/,https://taxfoundation.org/data/all/state/sales-tax-rates/
05007,2026,0.0368727,0.094626313806135565,https://taxfoundation.org/data/all/state/state-income-tax-rates-2026/,https://taxfoundation.org/data/all/state/sales-tax-rates/
05009,2026,0.0368727,0.094626313806135565,https://taxfoundation.org/data/all/state/state-income-tax-rates-2026/,https://taxfoundation.org/data/all/state/sales-tax-rates/
05011,2026,0.0368727,0.094626313806135565,https://taxfoundation.org/data/all/state/state-income-tax-rates-2026/,https://taxfoundation.org/data/all/state/sales-tax-rates/
05013,2026,0.0368727,0.094626313806135565,https://taxfoundation.org/data/all/state/state-income-tax-rates-2026/,https://taxfoundation.org/data/all/state/sales-tax-rates/
05015,2026,0.0368727,0.094626313806135565,https://taxfoundation.org/data/all/state/state-income-tax-rates-2026/,https://taxfoundation.org/data/all/state/sales-tax-rates/
05017,2026,0.0368727,0.094626313806135565,https://taxfoundation.org/data/all/state/state-income-tax-rates-2026/,https://taxfoundation.org/data/all/state/sales-tax-rates/
05019,2026,0.0368727,0.094626313806135565,https://taxfoundation.org/data/all/state/state-income-tax-rates-2026/,https://taxfoundation.org/data/all/state/sales-tax-rates/
05021,2026,0.0368727,0.094626313806135565,https://taxfoundation.org/data/all/state/state-income-tax-rates-2026/,https://taxfoundation.org/data/all/state/sales-tax-rates/
05023,2026,0.0368727,0.094626313806135565,https://taxfoundation.org/data/all/state/state-income-tax-rates-2026/,https://taxfoundation.org/data/all/state/sales-tax-rates/
05025,2026,0.0368727,0.094626313806135565,https://taxfoundation.org/data/all/state/state-income-tax-rates-2026/,https://taxfoundation.org/data/all/state/sales-tax-rates/
05027,2026,0.0368727,0.094626313806135565,https://taxfoundation.org/data/all/state/state-income-tax-rates-2026/,https://taxfoundation.org/data/all/state/sales-tax-rates/
05029,2026,0.0368727,0.094626313806135565,https://taxfoundation.org/data/all/state/state-income-tax-rates-2026/,https://taxfoundation.org/data/all/state/sales-tax-rates/
05031,2026,0.0368727,0.094626313806135565,https://taxfoundation.org/data/all/state/state-income-tax-rates-2026/,https://taxfoundation.org/data/all/state/sales-tax-rates/
05033,2026,0.0368727,0.094626313806135565,https://taxfoundation.org/data/all/state/state-income-tax-rates-2026/,https://taxfoundation.org/data/all/state/sales-tax-rates/
05035,2026,0.0368727,0.094626313806135565,https://taxfoundation.org/data/all/state/state-income-tax-rates-2026/,https://taxfoundation.org/data/all/state/sales-tax-rates/
05037,2026,0.0368727,0.094626313806135565,https://taxfoundation.org/data/all/state/state-income-tax-rates-2026/,https://taxfoundation.org/data/all/state/sales-tax-rates/
05039,2026,0.0368727,0.094626313806135565,https://taxfoundation.org/data/all/state/state-income-tax-rates-2026/,https://taxfoundation.org/data/all/state/sales-tax-rates/
05041,2026,0.0368727,0.094626313806135565,https://taxfoundation.org/data/all/state/state-income-tax-rates-2026/,https://taxfoundation.org/data/all/state/sales-tax-rates/
05043,2026,0.0368727,0.094626313806135565,https://taxfoundation.org/data/all/state/state-income-tax-rates-2026/,https://taxfoundation.org/data/all/state/sales-tax-rates/
05045,2026,0.0368727,0.094626313806135565,https://taxfoundation.org/data/all/state/state-income-tax-rates-2026/,https://taxfoundation.org/data/all/state/sales-tax-rates/
05047,2026,0.0368727,0.094626313806135565,https://taxfoundation.org/data/all/state/state-income-tax-rates-2026/,https://taxfoundation.org/data/all/state/sales-tax-rates/
05049,2026,0.0368727,0.094626313806135565,https://taxfoundation.org/data/all/state/state-income-tax-rates-2026/,https://taxfoundation.org/data/all/state/sales-tax-rates/
05051,2026,0.0368727,0.094626313806135565,https://taxfoundation.org/data/all/state/state-income-tax-rates-2026/,https://taxfoundation.org/data/all/state/sales-tax-rates/
05053,2026,0.0368727,0.094626313806135565,https://taxfoundation.org/data/all/state/state-income-tax-rates-2026/,https://taxfoundation.org/data/all/state/sales-tax-rates/
05055,2026,0.0368727,0.094626313806135565,https://taxfoundation.org/data/all/state/state-income-tax-rates-2026/,https://taxfoundation.org/data/all/state/sales-tax-rates/
05057,2026,0.0368727,0.094626313806135565,https://taxfoundation.org/data/all/state/state-income-tax-rates-2026/,https://taxfoundation.org/data/all/state/sales-tax-rates/
05059,2026,0.0368727,0.094626313806135565,https://taxfoundation.org/data/all/state/state-income-tax-rates-2026/,https://taxfoundation.org/data/all/state/sales-tax-rates/
05061,2026,0.0368727,0.094626313806135565,https://taxfoundation.org/data/all/state/state-income-tax-rates-2026/,https://taxfoundation.org/data/all/state/sales-tax-rates/
05063,2026,0.0368727,0.094626313806135565,https://taxfoundation.org/data/all/state/state-income-tax-rates-2026/,https://taxfoundation.org/data/all/state/sales-tax-rates/
05065,2026,0.0368727,0.094626313806135565,https://taxfoundation.org/data/all/state/state-income-tax-rates-2026/,https://taxfoundation.org/data/all/state/sales-tax-rates/
05067,2026,0.0368727,0.094626313806135565,https://taxfoundation.org/data/all/state/state-income-tax-rates-2026/,https://taxfoundation.org/data/all/state/sales-tax-rates/
05069,2026,0.0368727,0.094626313806135565,https://taxfoundation.org/data/all/state/state-income-tax-rates-2026/,https://taxfoundation.org/data/all/state/sales-tax-rates/
05071,2026,0.0368727,0.094626313806135565,https://taxfoundation.org/data/all/state/state-income-tax-rates-2026/,https://taxfoundation.org/data/all/state/sales-tax-rates/
05073,2026,0.0368727,0.094626313806135565,https://taxfoundation.org/data/all/state/state-income-tax-rates-2026/,https://taxfoundation.org/data/all/state/sales-tax-rates/
05075,2026,0.0368727,0.094626313806135565,https://taxfoundation.org/data/all/state/state-income-tax-rates-2026/,https://taxfoundation.org/data/all/state/sales-tax-rates/
05077,2026,0.0368727,0.094626313806135565,https://taxfoundation.org/data/all/state/state-income-tax-rates-2026/,https://taxfoundation.org/data/all/state/sales-tax-rates/
05079,2026,0.0368727,0.094626313806135565,https://taxfoundation.org/data/all/state/state-income-tax-rates-2026/,https://taxfoundation.org/data/all/state/sales-tax-rates/
05081,2026,0.0368727,0.094626313806135565,https://taxfoundation.org/data/all/state/state-income-tax-rates-2026/,https://taxfoundation.org/data/all/state/sales-tax-rates/
05083,2026,0.0368727,0.094626313806135565,https://taxfoundation.org/data/all/state/state-income-tax-rates-2026/,https://taxfoundation.org/data/all/state/sales-tax-rates/
05085,2026,0.0368727,0.094626313806135565,https://taxfoundation.org/data/all/state/state-income-tax-rates-2026/,https://taxfoundation.org/data/all/state/sales-tax-rates/
05087,2026,0.0368727,0.094626313806135565,https://taxfoundation.org/data/all/state/state-income-tax-rates-2026/,https://taxfoundation.org/data/all/state/sales-tax-rates/
05089,2026,0.0368727,0.094626313806135565,https://taxfoundation.org/data/all/state/state-income-tax-rates-2026/,https://taxfoundation.org/data/all/state/sales-tax-rates/
05091,2026,0.0368727,0.094626313806135565,https://taxfoundation.org/data/all/state/state-income-tax-rates-2026/,https://taxfoundation.org/data/all/state/sales-tax-rates/
05093,2026,0.0368727,0.094626313806135565,https://taxfoundation.org/data/all/state/state-income-tax-rates-2026/,https://taxfoundation.org/data/all/state/sales-tax-rates/
05095,2026,0.0368727,0.094626313806135565,https://taxfoundation.org/data/all/state/state-income-tax-rates-2026/,https://taxfoundation.org/data/all/state/sales-tax-rates/
05097,2026,0.0368727,0.094626313806135565,https://taxfoundation.org/data/all/state/state-income-tax-rates-2026/,https://taxfoundation.org/data/all/state/sales-tax-rates/
05099,2026,0.0368727,0.094626313806135565,https://taxfoundation.org/data/all/state/state-income-tax-rates-2026/,https://taxfoundation.org/data/all/state/sales-tax-rates/
05101,2026,0.0368727,0.094626313806135565,https://taxfoundation.org/data/all/state/state-income-tax-rates-2026/,https://taxfoundation.org/data/all/state/sales-tax-rates/
05103,2026,0.0368727,0.094626313806135565,https://taxfoundation.org/data/all/state/state-income-tax-rates-2026/,https://taxfoundation.org/data/all/state/sales-tax-rates/
05105,2026,0.0368727,0.094626313806135565,https://taxfoundation.org/data/all/state/state-income-tax-rates-2026/,https://taxfoundation.org/data/all/state/sales-tax-rates/
05107,2026,0.0368727,0.094626313806135565,https://taxfoundation.org/data/all/state/state-income-tax-rates-2026/,https://taxfoundation.org/data/all/state/sales-tax-rates/
05109,2026,0.0368727,0.094626313806135565,https://taxfoundation.org/data/all/state/state-income-tax-rates-2026/,https://taxfoundation.org/data/all/state/sales-tax-rates/
05111,2026,0.0368727,0.094626313806135565,https://taxfoundation.org/data/all/state/state-income-tax-rates-2026/,https://taxfoundation.org/data/all/state/sales-tax-rates/
05113,2026,0.0368727,0.094626313806135565,https://taxfoundation.org/data/all/state/state-income-tax-rates-2026/,https://taxfoundation.org/data/all/state/sales-tax-rates/
05115,2026,0.0368727,0.094626313806135565,https://taxfoundation.org/data/all/state/state-income-tax-rates-2026/,https://taxfoundation.org/data/all/state/sales-tax-rates/
05117,2026,0.0368727,0.094626313806135565,https://taxfoundation.org/data/all/state/state-income-tax-rates-2026/,https://taxfoundation.org/data/all/state/sales-tax-rates/
05119,2026,0.0368727,0.094626313806135565,https://taxfoundation.org/data/all/state/state-income-tax-rates-2026/,https://taxfoundation.org/data/all/state/sales-tax-rates/
05121,2026,0.0368727,0.094626313806135565,https://taxfoundation.org/data/all/state/state-income-tax-rates-2026/,https://taxfoundation.org/data/all/state/sales-tax-rates/
05123,2026,0.0368727,0.094626313806135565,https://taxfoundation.org/data/all/state/state-income-tax-rates-2026/,https://taxfoundation.org/data/all/state/sales-tax-rates/
05125,2026,0.0368727,0.094626313806135565,https://taxfoundation.org/data/all/state/state-income-tax-rates-2026/,https://taxfoundation.org/data/all/state/sales-tax-rates/
05127,2026,0.0368727,0.094626313806135565,https://taxfoundation.org/data/all/state/state-income-tax-rates-2026/,https://taxfoundation.org/data/all/state/sales-tax-rates/
05129,2026,0.0368727,0.094626313806135565,https://taxfoundation.org/data/all/state/state-income-tax-rates-2026/,https://taxfoundation.org/data/all/state/sales-tax-rates/
05131,2026,0.0368727,0.094626313806135565,https://taxfoundation.org/data/all/state/state-income-tax-rates-2026/,https://taxfoundation.org/data/all/state/sales-tax-rates/
05133,2026,0.0368727,0.094626313806135565,https://taxfoundation.org/data/all/state/state-income-tax-rates-2026/,https://taxfoundation.org/data/all/state/sales-tax-rates/
05135,2026,0.0368727,0.094626313806135565,https://taxfoundation.org/data/all/state/state-income-tax-rates-2026/,https://taxfoundation.org/data/all/state/sales-tax-rates/
05137,2026,0.0368727,0.094626313806135565,https://taxfoundation.org/data/all/state/state-income-tax-rates-2026/,https://taxfoundation.org/data/all/state/sales-tax-rates/
05139,2026,0.0368727,0.094626313806135565,https://taxfoundation.org/data/all/state/state-income-tax-rates-2026/,https://taxfoundation.org/data/all/state/sales-tax-rates/
05141,2026,0.0368727,0.094626313806135565,https://taxfoundation.org/data/all/state/state-income-tax-rates-2026/,https://taxfoundation.org/data/all/state/sales-tax-rates/
05143,2026,0.0368727,0.094626313806135565,https://taxfoundation.org/data/all/state/state-income-tax-rates-2026/,https://taxfoundation.org/data/all/state/sales-tax-rates/
05145,2026,0.0368727,0.094626313806135565,https://taxfoundation.org/data/all/state/state-income-tax-rates-2026/,https://taxfoundation.org/data/all/state/sales-tax-rates/
05147,2026,0.0368727,0.094626313806135565,https://taxfoundation.org/data/all/state/state-income-tax-rates-2026/,https://taxfoundation.org/data/all/state/sales-tax-rates/
05149,2026,0.0368727,0.094626313806135565,https://taxfoundation.org/data/all/state/state-income-tax-rates-2026/,https://taxfoundation.org/data/all/state/sales-tax-rates/
06001,2026,0.05070417999999999978264,0.089869789553059451,https://taxfoundation.org/data/all/state/state-income-tax-rates-2026/,https://taxfoundation.org/data/all/state/sales-tax-rates/
06003,2026,0.05070417999999999978264,0.089869789553059451,https://taxfoundation.org/data/all/state/state-income-tax-rates-2026/,https://taxfoundation.org/data/all/state/sales-tax-rates/
06005,2026,0.05070417999999999978264,0.089869789553059451,https://taxfoundation.org/data/all/state/state-income-tax-rates-2026/,https://taxfoundation.org/data/all/state/sales-tax-rates/
06007,2026,0.05070417999999999978264,0.089869789553059451,https://taxfoundation.org/data/all/state/state-income-tax-rates-2026/,https://taxfoundation.org/data/all/state/sales-tax-rates/
06009,2026,0.05070417999999999978264,0.089869789553059451,https://taxfoundation.org/data/all/state/state-income-tax-rates-2026/,https://taxfoundation.org/data/all/state/sales-tax-rates/
06011,2026,0.05070417999999999978264,0.089869789553059451,https://taxfoundation.org/data/all/state/state-income-tax-rates-2026/,https://taxfoundation.org/data/all/state/sales-tax-rates/
06013,2026,0.05070417999999999978264,0.089869789553059451,https://taxfoundation.org/data/all/state/state-income-tax-rates-2026/,https://taxfoundation.org/data/all/state/sales-tax-rates/
06015,2026,0.05070417999999999978264,0.089869789553059451,https://taxfoundation.org/data/all/state/state-income-tax-rates-2026/,https://taxfoundation.org/data/all/state/sales-tax-rates/
06017,2026,0.05070417999999999978264,0.089869789553059451,https://taxfoundation.org/data/all/state/state-income-tax-rates-2026/,https://taxfoundation.org/data/all/state/sales-tax-rates/
06019,2026,0.05070417999999999978264,0.089869789553059451,https://taxfoundation.org/data/all/state/state-income-tax-rates-2026/,https://taxfoundation.org/data/all/state/sales-tax-rates/
06021,2026,0.05070417999999999978264,0.089869789553059451,https://taxfoundation.org/data/all/state/state-income-tax-rates-2026/,https://taxfoundation.org/data/all/state/sales-tax-rates/
06023,2026,0.05070417999999999978264,0.089869789553059451,https://taxfoundation.org/data/all/state/state-income-tax-rates-2026/,https://taxfoundation.org/data/all/state/sales-tax-rates/
06025,2026,0.05070417999999999978264,0.089869789553059451,https://taxfoundation.org/data/all/state/state-income-tax-rates-2026/,https://taxfoundation.org/data/all/state/sales-tax-rates/
06027,2026,0.05070417999999999978264,0.089869789553059451,https://taxfoundation.org/data/all/state/state-income-tax-rates-2026/,https://taxfoundation.org/data/all/state/sales-tax-rates/
06029,2026,0.05070417999999999978264,0.089869789553059451,https://taxfoundation.org/data/all/state/state-income-tax-rates-2026/,https://taxfoundation.org/data/all/state/sales-tax-rates/
06031,2026,0.05070417999999999978264,0.089869789553059451,https://taxfoundation.org/data/all/state/state-income-tax-rates-2026/,https://taxfoundation.org/data/all/state/sales-tax-rates/
06033,2026,0.05070417999999999978264,0.089869789553059451,https://taxfoundation.org/data/all/state/state-income-tax-rates-2026/,https://taxfoundation.org/data/all/state/sales-tax-rates/
06035,2026,0.05070417999999999978264,0.089869789553059451,https://taxfoundation.org/data/all/state/state-income-tax-rates-2026/,https://taxfoundation.org/data/all/state/sales-tax-rates/
06037,2026,0.05070417999999999978264,0.089869789553059451,https://taxfoundation.org/data/all/state/state-income-tax-rates-2026/,https://taxfoundation.org/data/all/state/sales-tax-rates/
06039,2026,0.05070417999999999978264,0.089869789553059451,https://taxfoundation.org/data/all/state/state-income-tax-rates-2026/,https://taxfoundation.org/data/all/state/sales-tax-rates/
06041,2026,0.05070417999999999978264,0.089869789553059451,https://taxfoundation.org/data/all/state/state-income-tax-rates-2026/,https://taxfoundation.org/data/all/state/sales-tax-rates/
06043,2026,0.05070417999999999978264,0.089869789553059451,https://taxfoundation.org/data/all/state/state-income-tax-rates-2026/,https://taxfoundation.org/data/all/state/sales-tax-rates/
06045,2026,0.05070417999999999978264,0.089869789553059451,https://taxfoundation.org/data/all/state/state-income-tax-rates-2026/,https://taxfoundation.org/data/all/state/sales-tax-rates/
06047,2026,0.05070417999999999978264,0.089869789553059451,https://taxfoundation.org/data/all/state/state-income-tax-rates-2026/,https://taxfoundation.org/data/all/state/sales-tax-rates/
06049,2026,0.05070417999999999978264,0.089869789553059451,https://taxfoundation.org/data/all/state/state-income-tax-rates-2026/,https://taxfoundation.org/data/all/state/sales-tax-rates/
06051,2026,0.05070417999999999978264,0.089869789553059451,https://taxfoundation.org/data/all/state/state-income-tax-rates-2026/,https://taxfoundation.org/data/all/state/sales-tax-rates/
06053,2026,0.05070417999999999978264,0.089869789553059451,https://taxfoundation.org/data/all/state/state-income-tax-rates-2026/,https://taxfoundation.org/data/all/state/sales-tax-rates/
06055,2026,0.05070417999999999978264,0.089869789553059451,https://taxfoundation.org/data/all/state/state-income-tax-rates-2026/,https://taxfoundation.org/data/all/state/sales-tax-rates/
06057,2026,0.05070417999999999978264,0.089869789553059451,https://taxfoundation.org/data/all/state/state-income-tax-rates-2026/,https://taxfoundation.org/data/all/state/sales-tax-rates/
06059,2026,0.05070417999999999978264,0.089869789553059451,https://taxfoundation.org/data/all/state/state-income-tax-rates-2026/,https://taxfoundation.org/data/all/state/sales-tax-rates/
06061,2026,0.05070417999999999978264,0.089869789553059451,https://taxfoundation.org/data/all/state/state-income-tax-rates-2026/,https://taxfoundation.org/data/all/state/sales-tax-rates/
06063,2026,0.05070417999999999978264,0.089869789553059451,https://taxfoundation.org/data/all/state/state-income-tax-rates-2026/,https://taxfoundation.org/data/all/state/sales-tax-rates/
06065,2026,0.05070417999999999978264,0.089869789553059451,https://taxfoundation.org/data/all/state/state-income-tax-rates-2026/,https://taxfoundation.org/data/all/state/sales-tax-rates/
06067,2026,0.05070417999999999978264,0.089869789553059451,https://taxfoundation.org/data/all/state/state-income-tax-rates-2026/,https://taxfoundation.org/data/all/state/sales-tax-rates/
06069,2026,0.05070417999999999978264,0.089869789553059451,https://taxfoundation.org/data/all/state/state-income-tax-rates-2026/,https://taxfoundation.org/data/all/state/sales-tax-rates/
06071,2026,0.05070417999999999978264,0.089869789553059451,https://taxfoundation.org/data/all/state/state-income-tax-rates-2026/,https://taxfoundation.org/data/all/state/sales-tax-rates/
06073,2026,0.05070417999999999978264,0.089869789553059451,https://taxfoundation.org/data/all/state/state-income-tax-rates-2026/,https://taxfoundation.org/data/all/state/sales-tax-rates/
06075,2026,0.05070417999999999978264,0.089869789553059451,https://taxfoundation.org/data/all/state/state-income-tax-rates-2026/,https://taxfoundation.org/data/all/state/sales-tax-rates/
06077,2026,0.05070417999999999978264,0.089869789553059451,https://taxfoundation.org/data/all/state/state-income-tax-rates-2026/,https://taxfoundation.org/data/all/state/sales-tax-rates/
06079,2026,0.05070417999999999978264,0.089869789553059451,https://taxfoundation.org/data/all/state/state-income-tax-rates-2026/,https://taxfoundation.org/data/all/state/sales-tax-rates/
06081,2026,0.05070417999999999978264,0.089869789553059451,https://taxfoundation.org/data/all/state/state-income-tax-rates-2026/,https://taxfoundation.org/data/all/state/sales-tax-rates/
06083,2026,0.05070417999999999978264,0.089869789553059451,https://taxfoundation.org/data/all/state/state-income-tax-rates-2026/,https://taxfoundation.org/data/all/state/sales-tax-rates/
06085,2026,0.05070417999999999978264,0.089869789553059451,https://taxfoundation.org/data/all/state/state-income-tax-rates-2026/,https://taxfoundation.org/data/all/state/sales-tax-rates/
06087,2026,0.05070417999999999978264,0.089869789553059451,https://taxfoundation.org/data/all/state/state-income-tax-rates-2026/,https://taxfoundation.org/data/all/state/sales-tax-rates/
06089,2026,0.05070417999999999978264,0.089869789553059451,https://taxfoundation.org/data/all/state/state-income-tax-rates-2026/,https://taxfoundation.org/data/all/state/sales-tax-rates/
06091,2026,0.05070417999999999978264,0.089869789553059451,https://taxfoundation.org/data/all/state/state-income-tax-rates-2026/,https://taxfoundation.org/data/all/state/sales-tax-rates/
06093,2026,0.05070417999999999978264,0.089869789553059451,https://taxfoundation.org/data/all/state/state-income-tax-rates-2026/,https://taxfoundation.org/data/all/state/sales-tax-rates/
06095,2026,0.05070417999999999978264,0.089869789553059451,https://taxfoundation.org/data/all/state/state-income-tax-rates-2026/,https://taxfoundation.org/data/all/state/sales-tax-rates/
06097,2026,0.05070417999999999978264,0.089869789553059451,https://taxfoundation.org/data/all/state/state-income-tax-rates-2026/,https://taxfoundation.org/data/all/state/sales-tax-rates/
06099,2026,0.05070417999999999978264,0.089869789553059451,https://taxfoundation.org/data/all/state/state-income-tax-rates-2026/,https://taxfoundation.org/data/all/state/sales-tax-rates/
06101,2026,0.05070417999999999978264,0.089869789553059451,https://taxfoundation.org/data/all/state/state-income-tax-rates-2026/,https://taxfoundation.org/data/all/state/sales-tax-rates/
06103,2026,0.05070417999999999978264,0.089869789553059451,https://taxfoundation.org/data/all/state/state-income-tax-rates-2026/,https://taxfoundation.org/data/all/state/sales-tax-rates/
06105,2026,0.05070417999999999978264,0.089869789553059451,https://taxfoundation.org/data/all/state/state-income-tax-rates-2026/,https://taxfoundation.org/data/all/state/sales-tax-rates/
06107,2026,0.05070417999999999978264,0.089869789553059451,https://taxfoundation.org/data/all/state/state-income-tax-rates-2026/,https://taxfoundation.org/data/all/state/sales-tax-rates/
06109,2026,0.05070417999999999978264,0.089869789553059451,https://taxfoundation.org/data/all/state/state-income-tax-rates-2026/,https://taxfoundation.org/data/all/state/sales-tax-rates/
06111,2026,0.05070417999999999978264,0.089869789553059451,https://taxfoundation.org/data/all/state/state-income-tax-rates-2026/,https://taxfoundation.org/data/all/state/sales-tax-rates/
06113,2026,0.05070417999999999978264,0.089869789553059451,https://taxfoundation.org/data/all/state/state-income-tax-rates-2026/,https://taxfoundation.org/data/all/state/sales-tax-rates/
06115,2026,0.05070417999999999978264,0.089869789553059451,https://taxfoundation.org/data/all/state/state-income-tax-rates-2026/,https://taxfoundation.org/data/all/state/sales-tax-rates/
08001,2026,0.036915999999999997483,0.078940891450994977,https://taxfoundation.org/data/all/state/state-income-tax-rates-2026/,https://taxfoundation.org/data/all/state/sales-tax-rates/
08003,2026,0.036915999999999997483,0.078940891450994977,https://taxfoundation.org/data/all/state/state-income-tax-rates-2026/,https://taxfoundation.org/data/all/state/sales-tax-rates/
08005,2026,0.036915999999999997483,0.078940891450994977,https://taxfoundation.org/data/all/state/state-income-tax-rates-2026/,https://taxfoundation.org/data/all/state/sales-tax-rates/
08007,2026,0.036915999999999997483,0.078940891450994977,https://taxfoundation.org/data/all/state/state-income-tax-rates-2026/,https://taxfoundation.org/data/all/state/sales-tax-rates/
08009,2026,0.036915999999999997483,0.078940891450994977,https://taxfoundation.org/data/all/state/state-income-tax-rates-2026/,https://taxfoundation.org/data/all/state/sales-tax-rates/
08011,2026,0.036915999999999997483,0.078940891450994977,https://taxfoundation.org/data/all/state/state-income-tax-rates-2026/,https://taxfoundation.org/data/all/state/sales-tax-rates/
08013,2026,0.036915999999999997483,0.078940891450994977,https://taxfoundation.org/data/all/state/state-income-tax-rates-2026/,https://taxfoundation.org/data/all/state/sales-tax-rates/
08014,2026,0.036915999999999997483,0.078940891450994977,https://taxfoundation.org/data/all/state/state-income-tax-rates-2026/,https://taxfoundation.org/data/all/state/sales-tax-rates/
08015,2026,0.036915999999999997483,0.078940891450994977,https://taxfoundation.org/data/all/state/state-income-tax-rates-2026/,https://taxfoundation.org/data/all/state/sales-tax-rates/
08017,2026,0.036915999999999997483,0.078940891450994977,https://taxfoundation.org/data/all/state/state-income-tax-rates-2026/,https://taxfoundation.org/data/all/state/sales-tax-rates/
08019,2026,0.036915999999999997483,0.078940891450994977,https://taxfoundation.org/data/all/state/state-income-tax-rates-2026/,https://taxfoundation.org/data/all/state/sales-tax-rates/
08021,2026,0.036915999999999997483,0.078940891450994977,https://taxfoundation.org/data/all/state/state-income-tax-rates-2026/,https://taxfoundation.org/data/all/state/sales-tax-rates/
08023,2026,0.036915999999999997483,0.078940891450994977,https://taxfoundation.org/data/all/state/state-income-tax-rates-2026/,https://taxfoundation.org/data/all/state/sales-tax-rates/
08025,2026,0.036915999999999997483,0.078940891450994977,https://taxfoundation.org/data/all/state/state-income-tax-rates-2026/,https://taxfoundation.org/data/all/state/sales-tax-rates/
08027,2026,0.036915999999999997483,0.078940891450994977,https://taxfoundation.org/data/all/state/state-income-tax-rates-2026/,https://taxfoundation.org/data/all/state/sales-tax-rates/
08029,2026,0.036915999999999997483,0.078940891450994977,https://taxfoundation.org/data/all/state/state-income-tax-rates-2026/,https://taxfoundation.org/data/all/state/sales-tax-rates/
08031,2026,0.036915999999999997483,0.078940891450994977,https://taxfoundation.org/data/all/state/state-income-tax-rates-2026/,https://taxfoundation.org/data/all/state/sales-tax-rates/
08033,2026,0.036915999999999997483,0.078940891450994977,https://taxfoundation.org/data/all/state/state-income-tax-rates-2026/,https://taxfoundation.org/data/all/state/sales-tax-rates/
08035,2026,0.036915999999999997483,0.078940891450994977,https://taxfoundation.org/data/all/state/state-income-tax-rates-2026/,https://taxfoundation.org/data/all/state/sales-tax-rates/
08037,2026,0.036915999999999997483,0.078940891450994977,https://taxfoundation.org/data/all/state/state-income-tax-rates-2026/,https://taxfoundation.org/data/all/state/sales-tax-rates/
08039,2026,0.036915999999999997483,0.078940891450994977,https://taxfoundation.org/data/all/state/state-income-tax-rates-2026/,https://taxfoundation.org/data/all/state/sales-tax-rates/
08041,2026,0.036915999999999997483,0.078940891450994977,https://taxfoundation.org/data/all/state/state-income-tax-rates-2026/,https://taxfoundation.org/data/all/state/sales-tax-rates/
08043,2026,0.036915999999999997483,0.078940891450994977,https://taxfoundation.org/data/all/state/state-income-tax-rates-2026/,https://taxfoundation.org/data/all/state/sales-tax-rates/
08045,2026,0.036915999999999997483,0.078940891450994977,https://taxfoundation.org/data/all/state/state-income-tax-rates-2026/,https://taxfoundation.org/data/all/state/sales-tax-rates/
08047,2026,0.036915999999999997483,0.078940891450994977,https://taxfoundation.org/data/all/state/state-income-tax-rates-2026/,https://taxfoundation.org/data/all/state/sales-tax-rates/
08049,2026,0.036915999999999997483,0.078940891450994977,https://taxfoundation.org/data/all/state/state-income-tax-rates-2026/,https://taxfoundation.org/data/all/state/sales-tax-rates/
08051,2026,0.036915999999999997483,0.078940891450994977,https://taxfoundation.org/data/all/state/state-income-tax-rates-2026/,https://taxfoundation.org/data/all/state/sales-tax-rates/
08053,2026,0.036915999999999997483,0.078940891450994977,https://taxfoundation.org/data/all/state/state-income-tax-rates-2026/,https://taxfoundation.org/data/all/state/sales-tax-rates/
08055,2026,0.036915999999999997483,0.078940891450994977,https://taxfoundation.org/data/all/state/state-income-tax-rates-2026/,https://taxfoundation.org/data/all/state/sales-tax-rates/
08057,2026,0.036915999999999997483,0.078940891450994977,https://taxfoundation.org/data/all/state/state-income-tax-rates-2026/,https://taxfoundation.org/data/all/state/sales-tax-rates/
08059,2026,0.036915999999999997483,0.078940891450994977,https://taxfoundation.org/data/all/state/state-income-tax-rates-2026/,https://taxfoundation.org/data/all/state/sales-tax-rates/
08061,2026,0.036915999999999997483,0.078940891450994977,https://taxfoundation.org/data/all/state/state-income-tax-rates-2026/,https://taxfoundation.org/data/all/state/sales-tax-rates/
08063,2026,0.036915999999999997483,0.078940891450994977,https://taxfoundation.org/data/all/state/state-income-tax-rates-2026/,https://taxfoundation.org/data/all/state/sales-tax-rates/
08065,2026,0.036915999999999997483,0.078940891450994977,https://taxfoundation.org/data/all/state/state-income-tax-rates-2026/,https://taxfoundation.org/data/all/state/sales-tax-rates/
08067,2026,0.036915999999999997483,0.078940891450994977,https://taxfoundation.org/data/all/state/state-income-tax-rates-2026/,https://taxfoundation.org/data/all/state/sales-tax-rates/
08069,2026,0.036915999999999997483,0.078940891450994977,https://taxfoundation.org/data/all/state/state-income-tax-rates-2026/,https://taxfoundation.org/data/all/state/sales-tax-rates/
08071,2026,0.036915999999999997483,0.078940891450994977,https://taxfoundation.org/data/all/state/state-income-tax-rates-2026/,https://taxfoundation.org/data/all/state/sales-tax-rates/
08073,2026,0.036915999999999997483,0.078940891450994977,https://taxfoundation.org/data/all/state/state-income-tax-rates-2026/,https://taxfoundation.org/data/all/state/sales-tax-rates/
08075,2026,0.036915999999999997483,0.078940891450994977,https://taxfoundation.org/data/all/state/state-income-tax-rates-2026/,https://taxfoundation.org/data/all/state/sales-tax-rates/
08077,2026,0.036915999999999997483,0.078940891450994977,https://taxfoundation.org/data/all/state/state-income-tax-rates-2026/,https://taxfoundation.org/data/all/state/sales-tax-rates/
08079,2026,0.036915999999999997483,0.078940891450994977,https://taxfoundation.org/data/all/state/state-income-tax-rates-2026/,https://taxfoundation.org/data/all/state/sales-tax-rates/
08081,2026,0.036915999999999997483,0.078940891450994977,https://taxfoundation.org/data/all/state/state-income-tax-rates-2026/,https://taxfoundation.org/data/all/state/sales-tax-rates/
08083,2026,0.036915999999999997483,0.078940891450994977,https://taxfoundation.org/data/all/state/state-income-tax-rates-2026/,https://taxfoundation.org/data/all/state/sales-tax-rates/
08085,2026,0.036915999999999997483,0.078940891450994977,https://taxfoundation.org/data/all/state/state-income-tax-rates-2026/,https://taxfoundation.org/data/all/state/sales-tax-rates/
08087,2026,0.036915999999999997483,0.078940891450994977,https://taxfoundation.org/data/all/state/state-income-tax-rates-2026/,https://taxfoundation.org/data/all/state/sales-tax-rates/
08089,2026,0.036915999999999997483,0.078940891450994977,https://taxfoundation.org/data/all/state/state-income-tax-rates-2026/,https://taxfoundation.org/data/all/state/sales-tax-rates/
08091,2026,0.036915999999999997483,0.078940891450994977,https://taxfoundation.org/data/all/state/state-income-tax-rates-2026/,https://taxfoundation.org/data/all/state/sales-tax-rates/
08093,2026,0.036915999999999997483,0.078940891450994977,https://taxfoundation.org/data/all/state/state-income-tax-rates-2026/,https://taxfoundation.org/data/all/state/sales-tax-rates/
08095,2026,0.036915999999999997483,0.078940891450994977,https://taxfoundation.org/data/all/state/state-income-tax-rates-2026/,https://taxfoundation.org/data/all/state/sales-tax-rates/
08097,2026,0.036915999999999997483,0.078940891450994977,https://taxfoundation.org/data/all/state/state-income-tax-rates-2026/,https://taxfoundation.org/data/all/state/sales-tax-rates/
08099,2026,0.036915999999999997483,0.078940891450994977,https://taxfoundation.org/data/all/state/state-income-tax-rates-2026/,https://taxfoundation.org/data/all/state/sales-tax-rates/
08101,2026,0.036915999999999997483,0.078940891450994977,https://taxfoundation.org/data/all/state/state-income-tax-rates-2026/,https://taxfoundation.org/data/all/state/sales-tax-rates/
08103,2026,0.036915999999999997483,0.078940891450994977,https://taxfoundation.org/data/all/state/state-income-tax-rates-2026/,https://taxfoundation.org/data/all/state/sales-tax-rates/
08105,2026,0.036915999999999997483,0.078940891450994977,https://taxfoundation.org/data/all/state/state-income-tax-rates-2026/,https://taxfoundation.org/data/all/state/sales-tax-rates/
08107,2026,0.036915999999999997483,0.078940891450994977,https://taxfoundation.org/data/all/state/state-income-tax-rates-2026/,https://taxfoundation.org/data/all/state/sales-tax-rates/
08109,2026,0.036915999999999997483,0.078940891450994977,https://taxfoundation.org/data/all/state/state-income-tax-rates-2026/,https://taxfoundation.org/data/all/state/sales-tax-rates/
08111,2026,0.036915999999999997483,0.078940891450994977,https://taxfoundation.org/data/all/state/state-income-tax-rates-2026/,https://taxfoundation.org/data/all/state/sales-tax-rates/
08113,2026,0.036915999999999997483,0.078940891450994977,https://taxfoundation.org/data/all/state/state-income-tax-rates-2026/,https://taxfoundation.org/data/all/state/sales-tax-rates/
08115,2026,0.036915999999999997483,0.078940891450994977,https://taxfoundation.org/data/all/state/state-income-tax-rates-2026/,https://taxfoundation.org/data/all/state/sales-tax-rates/
08117,2026,0.036915999999999997483,0.078940891450994977,https://taxfoundation.org/data/all/state/state-income-tax-rates-2026/,https://taxfoundation.org/data/all/state/sales-tax-rates/
08119,2026,0.036915999999999997483,0.078940891450994977,https://taxfoundation.org/data/all/state/state-income-tax-rates-2026/,https://taxfoundation.org/data/all/state/sales-tax-rates/
08121,2026,0.036915999999999997483,0.078940891450994977,https://taxfoundation.org/data/all/state/state-income-tax-rates-2026/,https://taxfoundation.org/data/all/state/sales-tax-rates/
08123,2026,0.036915999999999997483,0.078940891450994977,https://taxfoundation.org/data/all/state/state-income-tax-rates-2026/,https://taxfoundation.org/data/all/state/sales-tax-rates/
08125,2026,0.036915999999999997483,0.078940891450994977,https://taxfoundation.org/data/all/state/state-income-tax-rates-2026/,https://taxfoundation.org/data/all/state/sales-tax-rates/
09110,2026,0.0392499999999999992,0.063500000000000001,https://taxfoundation.org/data/all/state/state-income-tax-rates-2026/,https://taxfoundation.org/data/all/state/sales-tax-rates/
09120,2026,0.0392499999999999992,0.063500000000000001,https://taxfoundation.org/data/all/state/state-income-tax-rates-2026/,https://taxfoundation.org/data/all/state/sales-tax-rates/
09130,2026,0.0392499999999999992,0.063500000000000001,https://taxfoundation.org/data/all/state/state-income-tax-rates-2026/,https://taxfoundation.org/data/all/state/sales-tax-rates/
09140,2026,0.0392499999999999992,0.063500000000000001,https://taxfoundation.org/data/all/state/state-income-tax-rates-2026/,https://taxfoundation.org/data/all/state/sales-tax-rates/
09150,2026,0.0392499999999999992,0.063500000000000001,https://taxfoundation.org/data/all/state/state-income-tax-rates-2026/,https://taxfoundation.org/data/all/state/sales-tax-rates/
09160,2026,0.0392499999999999992,0.063500000000000001,https://taxfoundation.org/data/all/state/state-income-tax-rates-2026/,https://taxfoundation.org/data/all/state/sales-tax-rates/
09170,2026,0.0392499999999999992,0.063500000000000001,https://taxfoundation.org/data/all/state/state-income-tax-rates-2026/,https://taxfoundation.org/data/all/state/sales-tax-rates/
09180,2026,0.0392499999999999992,0.063500000000000001,https://taxfoundation.org/data/all/state/state-income-tax-rates-2026/,https://taxfoundation.org/data/all/state/sales-tax-rates/
09190,2026,0.0392499999999999992,0.063500000000000001,https://taxfoundation.org/data/all/state/state-income-tax-rates-2026/,https://taxfoundation.org/data/all/state/sales-tax-rates/
10001,2026,0.0525900000000000014225,0,https://taxfoundation.org/data/all/state/state-income-tax-rates-2026/,https://taxfoundation.org/data/all/state/sales-tax-rates/
10003,2026,0.0525900000000000014225,0,https://taxfoundation.org/data/all/state/state-income-tax-rates-2026/,https://taxfoundation.org/data/all/state/sales-tax-rates/
10005,2026,0.0525900000000000014225,0,https://taxfoundation.org/data/all/state/state-income-tax-rates-2026/,https://taxfoundation.org/data/all/state/sales-tax-rates/
11001,2026,0.055315000000000001834,0.06,https://taxfoundation.org/data/all/state/state-income-tax-rates-2026/,https://taxfoundation.org/data/all/state/sales-tax-rates/
12001,2026,0,0.069786772682479264,https://taxfoundation.org/data/all/state/state-income-tax-rates-2026/,https://taxfoundation.org/data/all/state/sales-tax-rates/
12003,2026,0,0.069786772682479264,https://taxfoundation.org/data/all/state/state-income-tax-rates-2026/,https://taxfoundation.org/data/all/state/sales-tax-rates/
12005,2026,0,0.069786772682479264,https://taxfoundation.org/data/all/state/state-income-tax-rates-2026/,https://taxfoundation.org/data/all/state/sales-tax-rates/
12007,2026,0,0.069786772682479264,https://taxfoundation.org/data/all/state/state-income-tax-rates-2026/,https://taxfoundation.org/data/all/state/sales-tax-rates/
12009,2026,0,0.069786772682479264,https://taxfoundation.org/data/all/state/state-income-tax-rates-2026/,https://taxfoundation.org/data/all/state/sales-tax-rates/
12011,2026,0,0.069786772682479264,https://taxfoundation.org/data/all/state/state-income-tax-rates-2026/,https://taxfoundation.org/data/all/state/sales-tax-rates/
12013,2026,0,0.069786772682479264,https://taxfoundation.org/data/all/state/state-income-tax-rates-2026/,https://taxfoundation.org/data/all/state/sales-tax-rates/
12015,2026,0,0.069786772682479264,https://taxfoundation.org/data/all/state/state-income-tax-rates-2026/,https://taxfoundation.org/data/all/state/sales-tax-rates/
12017,2026,0,0.069786772682479264,https://taxfoundation.org/data/all/state/state-income-tax-rates-2026/,https://taxfoundation.org/data/all/state/sales-tax-rates/
12019,2026,0,0.069786772682479264,https://taxfoundation.org/data/all/state/state-income-tax-rates-2026/,https://taxfoundation.org/data/all/state/sales-tax-rates/
12021,2026,0,0.069786772682479264,https://taxfoundation.org/data/all/state/state-income-tax-rates-2026/,https://taxfoundation.org/data/all/state/sales-tax-rates/
12023,2026,0,0.069786772682479264,https://taxfoundation.org/data/all/state/state-income-tax-rates-2026/,https://taxfoundation.org/data/all/state/sales-tax-rates/
12027,2026,0,0.069786772682479264,https://taxfoundation.org/data/all/state/state-income-tax-rates-2026/,https://taxfoundation.org/data/all/state/sales-tax-rates/
12029,2026,0,0.069786772682479264,https://taxfoundation.org/data/all/state/state-income-tax-rates-2026/,https://taxfoundation.org/data/all/state/sales-tax-rates/
12031,2026,0,0.069786772682479264,https://taxfoundation.org/data/all/state/state-income-tax-rates-2026/,https://taxfoundation.org/data/all/state/sales-tax-rates/
12033,2026,0,0.069786772682479264,https://taxfoundation.org/data/all/state/state-income-tax-rates-2026/,https://taxfoundation.org/data/all/state/sales-tax-rates/
12035,2026,0,0.069786772682479264,https://taxfoundation.org/data/all/state/state-income-tax-rates-2026/,https://taxfoundation.org/data/all/state/sales-tax-rates/
12037,2026,0,0.069786772682479264,https://taxfoundation.org/data/all/state/state-income-tax-rates-2026/,https://taxfoundation.org/data/all/state/sales-tax-rates/
12039,2026,0,0.069786772682479264,https://taxfoundation.org/data/all/state/state-income-tax-rates-2026/,https://taxfoundation.org/data/all/state/sales-tax-rates/
12041,2026,0,0.069786772682479264,https://taxfoundation.org/data/all/state/state-income-tax-rates-2026/,https://taxfoundation.org/data/all/state/sales-tax-rates/
12043,2026,0,0.069786772682479264,https://taxfoundation.org/data/all/state/state-income-tax-rates-2026/,https://taxfoundation.org/data/all/state/sales-tax-rates/
12045,2026,0,0.069786772682479264,https://taxfoundation.org/data/all/state/state-income-tax-rates-2026/,https://taxfoundation.org/data/all/state/sales-tax-rates/
12047,2026,0,0.069786772682479264,https://taxfoundation.org/data/all/state/state-income-tax-rates-2026/,https://taxfoundation.org/data/all/state/sales-tax-rates/
12049,2026,0,0.069786772682479264,https://taxfoundation.org/data/all/state/state-income-tax-rates-2026/,https://taxfoundation.org/data/all/state/sales-tax-rates/
12051,2026,0,0.069786772682479264,https://taxfoundation.org/data/all/state/state-income-tax-rates-2026/,https://taxfoundation.org/data/all/state/sales-tax-rates/
12053,2026,0,0.069786772682479264,https://taxfoundation.org/data/all/state/state-income-tax-rates-2026/,https://taxfoundation.org/data/all/state/sales-tax-rates/
12055,2026,0,0.069786772682479264,https://taxfoundation.org/data/all/state/state-income-tax-rates-2026/,https://taxfoundation.org/data/all/state/sales-tax-rates/
12057,2026,0,0.069786772682479264,https://taxfoundation.org/data/all/state/state-income-tax-rates-2026/,https://taxfoundation.org/data/all/state/sales-tax-rates/
12059,2026,0,0.069786772682479264,https://taxfoundation.org/data/all/state/state-income-tax-rates-2026/,https://taxfoundation.org/data/all/state/sales-tax-rates/
12061,2026,0,0.069786772682479264,https://taxfoundation.org/data/all/state/state-income-tax-rates-2026/,https://taxfoundation.org/data/all/state/sales-tax-rates/
12063,2026,0,0.069786772682479264,https://taxfoundation.org/data/all/state/state-income-tax-rates-2026/,https://taxfoundation.org/data/all/state/sales-tax-rates/
12065,2026,0,0.069786772682479264,https://taxfoundation.org/data/all/state/state-income-tax-rates-2026/,https://taxfoundation.org/data/all/state/sales-tax-rates/
12067,2026,0,0.069786772682479264,https://taxfoundation.org/data/all/state/state-income-tax-rates-2026/,https://taxfoundation.org/data/all/state/sales-tax-rates/
12069,2026,0,0.069786772682479264,https://taxfoundation.org/data/all/state/state-income-tax-rates-2026/,https://taxfoundation.org/data/all/state/sales-tax-rates/
12071,2026,0,0.069786772682479264,https://taxfoundation.org/data/all/state/state-income-tax-rates-2026/,https://taxfoundation.org/data/all/state/sales-tax-rates/
12073,2026,0,0.069786772682479264,https://taxfoundation.org/data/all/state/state-income-tax-rates-2026/,https://taxfoundation.org/data/all/state/sales-tax-rates/
12075,2026,0,0.069786772682479264,https://taxfoundation.org/data/all/state/state-income-tax-rates-2026/,https://taxfoundation.org/data/all/state/sales-tax-rates/
12077,2026,0,0.069786772682479264,https://taxfoundation.org/data/all/state/state-income-tax-rates-2026/,https://taxfoundation.org/data/all/state/sales-tax-rates/
12079,2026,0,0.069786772682479264,https://taxfoundation.org/data/all/state/state-income-tax-rates-2026/,https://taxfoundation.org/data/all/state/sales-tax-rates/
12081,2026,0,0.069786772682479264,https://taxfoundation.org/data/all/state/state-income-tax-rates-2026/,https://taxfoundation.org/data/all/state/sales-tax-rates/
12083,2026,0,0.069786772682479264,https://taxfoundation.org/data/all/state/state-income-tax-rates-2026/,https://taxfoundation.org/data/all/state/sales-tax-rates/
12085,2026,0,0.069786772682479264,https://taxfoundation.org/data/all/state/state-income-tax-rates-2026/,https://taxfoundation.org/data/all/state/sales-tax-rates/
12086,2026,0,0.069786772682479264,https://taxfoundation.org/data/all/state/state-income-tax-rates-2026/,https://taxfoundation.org/data/all/state/sales-tax-rates/
12087,2026,0,0.069786772682479264,https://taxfoundation.org/data/all/state/state-income-tax-rates-2026/,https://taxfoundation.org/data/all/state/sales-tax-rates/
12089,2026,0,0.069786772682479264,https://taxfoundation.org/data/all/state/state-income-tax-rates-2026/,https://taxfoundation.org/data/all/state/sales-tax-rates/
12091,2026,0,0.069786772682479264,https://taxfoundation.org/data/all/state/state-income-tax-rates-2026/,https://taxfoundation.org/data/all/state/sales-tax-rates/
12093,2026,0,0.069786772682479264,https://taxfoundation.org/data/all/state/state-income-tax-rates-2026/,https://taxfoundation.org/data/all/state/sales-tax-rates/
12095,2026,0,0.069786772682479264,https://taxfoundation.org/data/all/state/state-income-tax-rates-2026/,https://taxfoundation.org/data/all/state/sales-tax-rates/
12097,2026,0,0.069786772682479264,https://taxfoundation.org/data/all/state/state-income-tax-rates-2026/,https://taxfoundation.org/data/all/state/sales-tax-rates/
12099,2026,0,0.069786772682479264,https://taxfoundation.org/data/all/state/state-income-tax-rates-2026/,https://taxfoundation.org/data/all/state/sales-tax-rates/
12101,2026,0,0.069786772682479264,https://taxfoundation.org/data/all/state/state-income-tax-rates-2026/,https://taxfoundation.org/data/all/state/sales-tax-rates/
12103,2026,0,0.069786772682479264,https://taxfoundation.org/data/all/state/state-income-tax-rates-2026/,https://taxfoundation.org/data/all/state/sales-tax-rates/
12105,2026,0,0.069786772682479264,https://taxfoundation.org/data/all/state/state-income-tax-rates-2026/,https://taxfoundation.org/data/all/state/sales-tax-rates/
12107,2026,0,0.069786772682479264,https://taxfoundation.org/data/all/state/state-income-tax-rates-2026/,https://taxfoundation.org/data/all/state/sales-tax-rates/
12109,2026,0,0.069786772682479264,https://taxfoundation.org/data/all/state/state-income-tax-rates-2026/,https://taxfoundation.org/data/all/state/sales-tax-rates/
12111,2026,0,0.069786772682479264,https://taxfoundation.org/data/all/state/state-income-tax-rates-2026/,https://taxfoundation.org/data/all/state/sales-tax-rates/
12113,2026,0,0.069786772682479264,https://taxfoundation.org/data/all/state/state-income-tax-rates-2026/,https://taxfoundation.org/data/all/state/sales-tax-rates/
12115,2026,0,0.069786772682479264,https://taxfoundation.org/data/all/state/state-income-tax-rates-2026/,https://taxfoundation.org/data/all/state/sales-tax-rates/
12117,2026,0,0.069786772682479264,https://taxfoundation.org/data/all/state/state-income-tax-rates-2026/,https://taxfoundation.org/data/all/state/sales-tax-rates/
12119,2026,0,0.069786772682479264,https://taxfoundation.org/data/all/state/state-income-tax-rates-2026/,https://taxfoundation.org/data/all/state/sales-tax-rates/
12121,2026,0,0.069786772682479264,https://taxfoundation.org/data/all/state/state-income-tax-rates-2026/,https://taxfoundation.org/data/all/state/sales-tax-rates/
12123,2026,0,0.069786772682479264,https://taxfoundation.org/data/all/state/state-income-tax-rates-2026/,https://taxfoundation.org/data/all/state/sales-tax-rates/
12125,2026,0,0.069786772682479264,https://taxfoundation.org/data/all/state/state-income-tax-rates-2026/,https://taxfoundation.org/data/all/state/sales-tax-rates/
12127,2026,0,0.069786772682479264,https://taxfoundation.org/data/all/state/state-income-tax-rates-2026/,https://taxfoundation.org/data/all/state/sales-tax-rates/
12129,2026,0,0.069786772682479264,https://taxfoundation.org/data/all/state/state-income-tax-rates-2026/,https://taxfoundation.org/data/all/state/sales-tax-rates/
12131,2026,0,0.069786772682479264,https://taxfoundation.org/data/all/state/state-income-tax-rates-2026/,https://taxfoundation.org/data/all/state/sales-tax-rates/
12133,2026,0,0.069786772682479264,https://taxfoundation.org/data/all/state/state-income-tax-rates-2026/,https://taxfoundation.org/data/all/state/sales-tax-rates/
13001,2026,0.04567200000000000176,0.07491221275849462,https://taxfoundation.org/data/all/state/state-income-tax-rates-2026/,https://taxfoundation.org/data/all/state/sales-tax-rates/
13003,2026,0.04567200000000000176,0.07491221275849462,https://taxfoundation.org/data/all/state/state-income-tax-rates-2026/,https://taxfoundation.org/data/all/state/sales-tax-rates/
13005,2026,0.04567200000000000176,0.07491221275849462,https://taxfoundation.org/data/all/state/state-income-tax-rates-2026/,https://taxfoundation.org/data/all/state/sales-tax-rates/
13007,2026,0.04567200000000000176,0.07491221275849462,https://taxfoundation.org/data/all/state/state-income-tax-rates-2026/,https://taxfoundation.org/data/all/state/sales-tax-rates/
13009,2026,0.04567200000000000176,0.07491221275849462,https://taxfoundation.org/data/all/state/state-income-tax-rates-2026/,https://taxfoundation.org/data/all/state/sales-tax-rates/
13011,2026,0.04567200000000000176,0.07491221275849462,https://taxfoundation.org/data/all/state/state-income-tax-rates-2026/,https://taxfoundation.org/data/all/state/sales-tax-rates/
13013,2026,0.04567200000000000176,0.07491221275849462,https://taxfoundation.org/data/all/state/state-income-tax-rates-2026/,https://taxfoundation.org/data/all/state/sales-tax-rates/
13015,2026,0.04567200000000000176,0.07491221275849462,https://taxfoundation.org/data/all/state/state-income-tax-rates-2026/,https://taxfoundation.org/data/all/state/sales-tax-rates/
13017,2026,0.04567200000000000176,0.07491221275849462,https://taxfoundation.org/data/all/state/state-income-tax-rates-2026/,https://taxfoundation.org/data/all/state/sales-tax-rates/
13019,2026,0.04567200000000000176,0.07491221275849462,https://taxfoundation.org/data/all/state/state-income-tax-rates-2026/,https://taxfoundation.org/data/all/state/sales-tax-rates/
13021,2026,0.04567200000000000176,0.07491221275849462,https://taxfoundation.org/data/all/state/state-income-tax-rates-2026/,https://taxfoundation.org/data/all/state/sales-tax-rates/
13023,2026,0.04567200000000000176,0.07491221275849462,https://taxfoundation.org/data/all/state/state-income-tax-rates-2026/,https://taxfoundation.org/data/all/state/sales-tax-rates/
13025,2026,0.04567200000000000176,0.07491221275849462,https://taxfoundation.org/data/all/state/state-income-tax-rates-2026/,https://taxfoundation.org/data/all/state/sales-tax-rates/
13027,2026,0.04567200000000000176,0.07491221275849462,https://taxfoundation.org/data/all/state/state-income-tax-rates-2026/,https://taxfoundation.org/data/all/state/sales-tax-rates/
13029,2026,0.04567200000000000176,0.07491221275849462,https://taxfoundation.org/data/all/state/state-income-tax-rates-2026/,https://taxfoundation.org/data/all/state/sales-tax-rates/
13031,2026,0.04567200000000000176,0.07491221275849462,https://taxfoundation.org/data/all/state/state-income-tax-rates-2026/,https://taxfoundation.org/data/all/state/sales-tax-rates/
13033,2026,0.04567200000000000176,0.07491221275849462,https://taxfoundation.org/data/all/state/state-income-tax-rates-2026/,https://taxfoundation.org/data/all/state/sales-tax-rates/
13035,2026,0.04567200000000000176,0.07491221275849462,https://taxfoundation.org/data/all/state/state-income-tax-rates-2026/,https://taxfoundation.org/data/all/state/sales-tax-rates/
13037,2026,0.04567200000000000176,0.07491221275849462,https://taxfoundation.org/data/all/state/state-income-tax-rates-2026/,https://taxfoundation.org/data/all/state/sales-tax-rates/
13039,2026,0.04567200000000000176,0.07491221275849462,https://taxfoundation.org/data/all/state/state-income-tax-rates-2026/,https://taxfoundation.org/data/all/state/sales-tax-rates/
13043,2026,0.04567200000000000176,0.07491221275849462,https://taxfoundation.org/data/all/state/state-income-tax-rates-2026/,https://taxfoundation.org/data/all/state/sales-tax-rates/
13045,2026,0.04567200000000000176,0.07491221275849462,https://taxfoundation.org/data/all/state/state-income-tax-rates-2026/,https://taxfoundation.org/data/all/state/sales-tax-rates/
13047,2026,0.04567200000000000176,0.07491221275849462,https://taxfoundation.org/data/all/state/state-income-tax-rates-2026/,https://taxfoundation.org/data/all/state/sales-tax-rates/
13049,2026,0.04567200000000000176,0.07491221275849462,https://taxfoundation.org/data/all/state/state-income-tax-rates-2026/,https://taxfoundation.org/data/all/state/sales-tax-rates/
13051,2026,0.04567200000000000176,0.07491221275849462,https://taxfoundation.org/data/all/state/state-income-tax-rates-2026/,https://taxfoundation.org/data/all/state/sales-tax-rates/
13053,2026,0.04567200000000000176,0.07491221275849462,https://taxfoundation.org/data/all/state/state-income-tax-rates-2026/,https://taxfoundation.org/data/all/state/sales-tax-rates/
13055,2026,0.04567200000000000176,0.07491221275849462,https://taxfoundation.org/data/all/state/state-income-tax-rates-2026/,https://taxfoundation.org/data/all/state/sales-tax-rates/
13057,2026,0.04567200000000000176,0.07491221275849462,https://taxfoundation.org/data/all/state/state-income-tax-rates-2026/,https://taxfoundation.org/data/all/state/sales-tax-rates/
13059,2026,0.04567200000000000176,0.07491221275849462,https://taxfoundation.org/data/all/state/state-income-tax-rates-2026/,https://taxfoundation.org/data/all/state/sales-tax-rates/
13061,2026,0.04567200000000000176,0.07491221275849462,https://taxfoundation.org/data/all/state/state-income-tax-rates-2026/,https://taxfoundation.org/data/all/state/sales-tax-rates/
13063,2026,0.04567200000000000176,0.07491221275849462,https://taxfoundation.org/data/all/state/state-income-tax-rates-2026/,https://taxfoundation.org/data/all/state/sales-tax-rates/
13065,2026,0.04567200000000000176,0.07491221275849462,https://taxfoundation.org/data/all/state/state-income-tax-rates-2026/,https://taxfoundation.org/data/all/state/sales-tax-rates/
13067,2026,0.04567200000000000176,0.07491221275849462,https://taxfoundation.org/data/all/state/state-income-tax-rates-2026/,https://taxfoundation.org/data/all/state/sales-tax-rates/
13069,2026,0.04567200000000000176,0.07491221275849462,https://taxfoundation.org/data/all/state/state-income-tax-rates-2026/,https://taxfoundation.org/data/all/state/sales-tax-rates/
13071,2026,0.04567200000000000176,0.07491221275849462,https://taxfoundation.org/data/all/state/state-income-tax-rates-2026/,https://taxfoundation.org/data/all/state/sales-tax-rates/
13073,2026,0.04567200000000000176,0.07491221275849462,https://taxfoundation.org/data/all/state/state-income-tax-rates-2026/,https://taxfoundation.org/data/all/state/sales-tax-rates/
13075,2026,0.04567200000000000176,0.07491221275849462,https://taxfoundation.org/data/all/state/state-income-tax-rates-2026/,https://taxfoundation.org/data/all/state/sales-tax-rates/
13077,2026,0.04567200000000000176,0.07491221275849462,https://taxfoundation.org/data/all/state/state-income-tax-rates-2026/,https://taxfoundation.org/data/all/state/sales-tax-rates/
13079,2026,0.04567200000000000176,0.07491221275849462,https://taxfoundation.org/data/all/state/state-income-tax-rates-2026/,https://taxfoundation.org/data/all/state/sales-tax-rates/
13081,2026,0.04567200000000000176,0.07491221275849462,https://taxfoundation.org/data/all/state/state-income-tax-rates-2026/,https://taxfoundation.org/data/all/state/sales-tax-rates/
13083,2026,0.04567200000000000176,0.07491221275849462,https://taxfoundation.org/data/all/state/state-income-tax-rates-2026/,https://taxfoundation.org/data/all/state/sales-tax-rates/
13085,2026,0.04567200000000000176,0.07491221275849462,https://taxfoundation.org/data/all/state/state-income-tax-rates-2026/,https://taxfoundation.org/data/all/state/sales-tax-rates/
13087,2026,0.04567200000000000176,0.07491221275849462,https://taxfoundation.org/data/all/state/state-income-tax-rates-2026/,https://taxfoundation.org/data/all/state/sales-tax-rates/
13089,2026,0.04567200000000000176,0.07491221275849462,https://taxfoundation.org/data/all/state/state-income-tax-rates-2026/,https://taxfoundation.org/data/all/state/sales-tax-rates/
13091,2026,0.04567200000000000176,0.07491221275849462,https://taxfoundation.org/data/all/state/state-income-tax-rates-2026/,https://taxfoundation.org/data/all/state/sales-tax-rates/
13093,2026,0.04567200000000000176,0.07491221275849462,https://taxfoundation.org/data/all/state/state-income-tax-rates-2026/,https://taxfoundation.org/data/all/state/sales-tax-rates/
13095,2026,0.04567200000000000176,0.07491221275849462,https://taxfoundation.org/data/all/state/state-income-tax-rates-2026/,https://taxfoundation.org/data/all/state/sales-tax-rates/
13097,2026,0.04567200000000000176,0.07491221275849462,https://taxfoundation.org/data/all/state/state-income-tax-rates-2026/,https://taxfoundation.org/data/all/state/sales-tax-rates/
13099,2026,0.04567200000000000176,0.07491221275849462,https://taxfoundation.org/data/all/state/state-income-tax-rates-2026/,https://taxfoundation.org/data/all/state/sales-tax-rates/
13101,2026,0.04567200000000000176,0.07491221275849462,https://taxfoundation.org/data/all/state/state-income-tax-rates-2026/,https://taxfoundation.org/data/all/state/sales-tax-rates/
13103,2026,0.04567200000000000176,0.07491221275849462,https://taxfoundation.org/data/all/state/state-income-tax-rates-2026/,https://taxfoundation.org/data/all/state/sales-tax-rates/
13105,2026,0.04567200000000000176,0.07491221275849462,https://taxfoundation.org/data/all/state/state-income-tax-rates-2026/,https://taxfoundation.org/data/all/state/sales-tax-rates/
13107,2026,0.04567200000000000176,0.07491221275849462,https://taxfoundation.org/data/all/state/state-income-tax-rates-2026/,https://taxfoundation.org/data/all/state/sales-tax-rates/
13109,2026,0.04567200000000000176,0.07491221275849462,https://taxfoundation.org/data/all/state/state-income-tax-rates-2026/,https://taxfoundation.org/data/all/state/sales-tax-rates/
13111,2026,0.04567200000000000176,0.07491221275849462,https://taxfoundation.org/data/all/state/state-income-tax-rates-2026/,https://taxfoundation.org/data/all/state/sales-tax-rates/
13113,2026,0.04567200000000000176,0.07491221275849462,https://taxfoundation.org/data/all/state/state-income-tax-rates-2026/,https://taxfoundation.org/data/all/state/sales-tax-rates/
13115,2026,0.04567200000000000176,0.07491221275849462,https://taxfoundation.org/data/all/state/state-income-tax-rates-2026/,https://taxfoundation.org/data/all/state/sales-tax-rates/
13117,2026,0.04567200000000000176,0.07491221275849462,https://taxfoundation.org/data/all/state/state-income-tax-rates-2026/,https://taxfoundation.org/data/all/state/sales-tax-rates/
13119,2026,0.04567200000000000176,0.07491221275849462,https://taxfoundation.org/data/all/state/state-income-tax-rates-2026/,https://taxfoundation.org/data/all/state/sales-tax-rates/
13121,2026,0.04567200000000000176,0.07491221275849462,https://taxfoundation.org/data/all/state/state-income-tax-rates-2026/,https://taxfoundation.org/data/all/state/sales-tax-rates/
13123,2026,0.04567200000000000176,0.07491221275849462,https://taxfoundation.org/data/all/state/state-income-tax-rates-2026/,https://taxfoundation.org/data/all/state/sales-tax-rates/
13125,2026,0.04567200000000000176,0.07491221275849462,https://taxfoundation.org/data/all/state/state-income-tax-rates-2026/,https://taxfoundation.org/data/all/state/sales-tax-rates/
13127,2026,0.04567200000000000176,0.07491221275849462,https://taxfoundation.org/data/all/state/state-income-tax-rates-2026/,https://taxfoundation.org/data/all/state/sales-tax-rates/
13129,2026,0.04567200000000000176,0.07491221275849462,https://taxfoundation.org/data/all/state/state-income-tax-rates-2026/,https://taxfoundation.org/data/all/state/sales-tax-rates/
13131,2026,0.04567200000000000176,0.07491221275849462,https://taxfoundation.org/data/all/state/state-income-tax-rates-2026/,https://taxfoundation.org/data/all/state/sales-tax-rates/
13133,2026,0.04567200000000000176,0.07491221275849462,https://taxfoundation.org/data/all/state/state-income-tax-rates-2026/,https://taxfoundation.org/data/all/state/sales-tax-rates/
13135,2026,0.04567200000000000176,0.07491221275849462,https://taxfoundation.org/data/all/state/state-income-tax-rates-2026/,https://taxfoundation.org/data/all/state/sales-tax-rates/
13137,2026,0.04567200000000000176,0.07491221275849462,https://taxfoundation.org/data/all/state/state-income-tax-rates-2026/,https://taxfoundation.org/data/all/state/sales-tax-rates/
13139,2026,0.04567200000000000176,0.07491221275849462,https://taxfoundation.org/data/all/state/state-income-tax-rates-2026/,https://taxfoundation.org/data/all/state/sales-tax-rates/
13141,2026,0.04567200000000000176,0.07491221275849462,https://taxfoundation.org/data/all/state/state-income-tax-rates-2026/,https://taxfoundation.org/data/all/state/sales-tax-rates/
13143,2026,0.04567200000000000176,0.07491221275849462,https://taxfoundation.org/data/all/state/state-income-tax-rates-2026/,https://taxfoundation.org/data/all/state/sales-tax-rates/
13145,2026,0.04567200000000000176,0.07491221275849462,https://taxfoundation.org/data/all/state/state-income-tax-rates-2026/,https://taxfoundation.org/data/all/state/sales-tax-rates/
13147,2026,0.04567200000000000176,0.07491221275849462,https://taxfoundation.org/data/all/state/state-income-tax-rates-2026/,https://taxfoundation.org/data/all/state/sales-tax-rates/
13149,2026,0.04567200000000000176,0.07491221275849462,https://taxfoundation.org/data/all/state/state-income-tax-rates-2026/,https://taxfoundation.org/data/all/state/sales-tax-rates/
13151,2026,0.04567200000000000176,0.07491221275849462,https://taxfoundation.org/data/all/state/state-income-tax-rates-2026/,https://taxfoundation.org/data/all/state/sales-tax-rates/
13153,2026,0.04567200000000000176,0.07491221275849462,https://taxfoundation.org/data/all/state/state-income-tax-rates-2026/,https://taxfoundation.org/data/all/state/sales-tax-rates/
13155,2026,0.04567200000000000176,0.07491221275849462,https://taxfoundation.org/data/all/state/state-income-tax-rates-2026/,https://taxfoundation.org/data/all/state/sales-tax-rates/
13157,2026,0.04567200000000000176,0.07491221275849462,https://taxfoundation.org/data/all/state/state-income-tax-rates-2026/,https://taxfoundation.org/data/all/state/sales-tax-rates/
13159,2026,0.04567200000000000176,0.07491221275849462,https://taxfoundation.org/data/all/state/state-income-tax-rates-2026/,https://taxfoundation.org/data/all/state/sales-tax-rates/
13161,2026,0.04567200000000000176,0.07491221275849462,https://taxfoundation.org/data/all/state/state-income-tax-rates-2026/,https://taxfoundation.org/data/all/state/sales-tax-rates/
13163,2026,0.04567200000000000176,0.07491221275849462,https://taxfoundation.org/data/all/state/state-income-tax-rates-2026/,https://taxfoundation.org/data/all/state/sales-tax-rates/
13165,2026,0.04567200000000000176,0.07491221275849462,https://taxfoundation.org/data/all/state/state-income-tax-rates-2026/,https://taxfoundation.org/data/all/state/sales-tax-rates/
13167,2026,0.04567200000000000176,0.07491221275849462,https://taxfoundation.org/data/all/state/state-income-tax-rates-2026/,https://taxfoundation.org/data/all/state/sales-tax-rates/
13169,2026,0.04567200000000000176,0.07491221275849462,https://taxfoundation.org/data/all/state/state-income-tax-rates-2026/,https://taxfoundation.org/data/all/state/sales-tax-rates/
13171,2026,0.04567200000000000176,0.07491221275849462,https://taxfoundation.org/data/all/state/state-income-tax-rates-2026/,https://taxfoundation.org/data/all/state/sales-tax-rates/
13173,2026,0.04567200000000000176,0.07491221275849462,https://taxfoundation.org/data/all/state/state-income-tax-rates-2026/,https://taxfoundation.org/data/all/state/sales-tax-rates/
13175,2026,0.04567200000000000176,0.07491221275849462,https://taxfoundation.org/data/all/state/state-income-tax-rates-2026/,https://taxfoundation.org/data/all/state/sales-tax-rates/
13177,2026,0.04567200000000000176,0.07491221275849462,https://taxfoundation.org/data/all/state/state-income-tax-rates-2026/,https://taxfoundation.org/data/all/state/sales-tax-rates/
13179,2026,0.04567200000000000176,0.07491221275849462,https://taxfoundation.org/data/all/state/state-income-tax-rates-2026/,https://taxfoundation.org/data/all/state/sales-tax-rates/
13181,2026,0.04567200000000000176,0.07491221275849462,https://taxfoundation.org/data/all/state/state-income-tax-rates-2026/,https://taxfoundation.org/data/all/state/sales-tax-rates/
13183,2026,0.04567200000000000176,0.07491221275849462,https://taxfoundation.org/data/all/state/state-income-tax-rates-2026/,https://taxfoundation.org/data/all/state/sales-tax-rates/
13185,2026,0.04567200000000000176,0.07491221275849462,https://taxfoundation.org/data/all/state/state-income-tax-rates-2026/,https://taxfoundation.org/data/all/state/sales-tax-rates/
13187,2026,0.04567200000000000176,0.07491221275849462,https://taxfoundation.org/data/all/state/state-income-tax-rates-2026/,https://taxfoundation.org/data/all/state/sales-tax-rates/
13189,2026,0.04567200000000000176,0.07491221275849462,https://taxfoundation.org/data/all/state/state-income-tax-rates-2026/,https://taxfoundation.org/data/all/state/sales-tax-rates/
13191,2026,0.04567200000000000176,0.07491221275849462,https://taxfoundation.org/data/all/state/state-income-tax-rates-2026/,https://taxfoundation.org/data/all/state/sales-tax-rates/
13193,2026,0.04567200000000000176,0.07491221275849462,https://taxfoundation.org/data/all/state/state-income-tax-rates-2026/,https://taxfoundation.org/data/all/state/sales-tax-rates/
13195,2026,0.04567200000000000176,0.07491221275849462,https://taxfoundation.org/data/all/state/state-income-tax-rates-2026/,https://taxfoundation.org/data/all/state/sales-tax-rates/
13197,2026,0.04567200000000000176,0.07491221275849462,https://taxfoundation.org/data/all/state/state-income-tax-rates-2026/,https://taxfoundation.org/data/all/state/sales-tax-rates/
13199,2026,0.04567200000000000176,0.07491221275849462,https://taxfoundation.org/data/all/state/state-income-tax-rates-2026/,https://taxfoundation.org/data/all/state/sales-tax-rates/
13201,2026,0.04567200000000000176,0.07491221275849462,https://taxfoundation.org/data/all/state/state-income-tax-rates-2026/,https://taxfoundation.org/data/all/state/sales-tax-rates/
13205,2026,0.04567200000000000176,0.07491221275849462,https://taxfoundation.org/data/all/state/state-income-tax-rates-2026/,https://taxfoundation.org/data/all/state/sales-tax-rates/
13207,2026,0.04567200000000000176,0.07491221275849462,https://taxfoundation.org/data/all/state/state-income-tax-rates-2026/,https://taxfoundation.org/data/all/state/sales-tax-rates/
13209,2026,0.04567200000000000176,0.07491221275849462,https://taxfoundation.org/data/all/state/state-income-tax-rates-2026/,https://taxfoundation.org/data/all/state/sales-tax-rates/
13211,2026,0.04567200000000000176,0.07491221275849462,https://taxfoundation.org/data/all/state/state-income-tax-rates-2026/,https://taxfoundation.org/data/all/state/sales-tax-rates/
13213,2026,0.04567200000000000176,0.07491221275849462,https://taxfoundation.org/data/all/state/state-income-tax-rates-2026/,https://taxfoundation.org/data/all/state/sales-tax-rates/
13215,2026,0.04567200000000000176,0.07491221275849462,https://taxfoundation.org/data/all/state/state-income-tax-rates-2026/,https://taxfoundation.org/data/all/state/sales-tax-rates/
13217,2026,0.04567200000000000176,0.07491221275849462,https://taxfoundation.org/data/all/state/state-income-tax-rates-2026/,https://taxfoundation.org/data/all/state/sales-tax-rates/
13219,2026,0.04567200000000000176,0.07491221275849462,https://taxfoundation.org/data/all/state/state-income-tax-rates-2026/,https://taxfoundation.org/data/all/state/sales-tax-rates/
13221,2026,0.04567200000000000176,0.07491221275849462,https://taxfoundation.org/data/all/state/state-income-tax-rates-2026/,https://taxfoundation.org/data/all/state/sales-tax-rates/
13223,2026,0.04567200000000000176,0.07491221275849462,https://taxfoundation.org/data/all/state/state-income-tax-rates-2026/,https://taxfoundation.org/data/all/state/sales-tax-rates/
13225,2026,0.04567200000000000176,0.07491221275849462,https://taxfoundation.org/data/all/state/state-income-tax-rates-2026/,https://taxfoundation.org/data/all/state/sales-tax-rates/
13227,2026,0.04567200000000000176,0.07491221275849462,https://taxfoundation.org/data/all/state/state-income-tax-rates-2026/,https://taxfoundation.org/data/all/state/sales-tax-rates/
13229,2026,0.04567200000000000176,0.07491221275849462,https://taxfoundation.org/data/all/state/state-income-tax-rates-2026/,https://taxfoundation.org/data/all/state/sales-tax-rates/
13231,2026,0.04567200000000000176,0.07491221275849462,https://taxfoundation.org/data/all/state/state-income-tax-rates-2026/,https://taxfoundation.org/data/all/state/sales-tax-rates/
13233,2026,0.04567200000000000176,0.07491221275849462,https://taxfoundation.org/data/all/state/state-income-tax-rates-2026/,https://taxfoundation.org/data/all/state/sales-tax-rates/
13235,2026,0.04567200000000000176,0.07491221275849462,https://taxfoundation.org/data/all/state/state-income-tax-rates-2026/,https://taxfoundation.org/data/all/state/sales-tax-rates/
13237,2026,0.04567200000000000176,0.07491221275849462,https://taxfoundation.org/data/all/state/state-income-tax-rates-2026/,https://taxfoundation.org/data/all/state/sales-tax-rates/
13239,2026,0.04567200000000000176,0.07491221275849462,https://taxfoundation.org/data/all/state/state-income-tax-rates-2026/,https://taxfoundation.org/data/all/state/sales-tax-rates/
13241,2026,0.04567200000000000176,0.07491221275849462,https://taxfoundation.org/data/all/state/state-income-tax-rates-2026/,https://taxfoundation.org/data/all/state/sales-tax-rates/
13243,2026,0.04567200000000000176,0.07491221275849462,https://taxfoundation.org/data/all/state/state-income-tax-rates-2026/,https://taxfoundation.org/data/all/state/sales-tax-rates/
13245,2026,0.04567200000000000176,0.07491221275849462,https://taxfoundation.org/data/all/state/state-income-tax-rates-2026/,https://taxfoundation.org/data/all/state/sales-tax-rates/
13247,2026,0.04567200000000000176,0.07491221275849462,https://taxfoundation.org/data/all/state/state-income-tax-rates-2026/,https://taxfoundation.org/data/all/state/sales-tax-rates/
13249,2026,0.04567200000000000176,0.07491221275849462,https://taxfoundation.org/data/all/state/state-income-tax-rates-2026/,https://taxfoundation.org/data/all/state/sales-tax-rates/
13251,2026,0.04567200000000000176,0.07491221275849462,https://taxfoundation.org/data/all/state/state-income-tax-rates-2026/,https://taxfoundation.org/data/all/state/sales-tax-rates/
13253,2026,0.04567200000000000176,0.07491221275849462,https://taxfoundation.org/data/all/state/state-income-tax-rates-2026/,https://taxfoundation.org/data/all/state/sales-tax-rates/
13255,2026,0.04567200000000000176,0.07491221275849462,https://taxfoundation.org/data/all/state/state-income-tax-rates-2026/,https://taxfoundation.org/data/all/state/sales-tax-rates/
13257,2026,0.04567200000000000176,0.07491221275849462,https://taxfoundation.org/data/all/state/state-income-tax-rates-2026/,https://taxfoundation.org/data/all/state/sales-tax-rates/
13259,2026,0.04567200000000000176,0.07491221275849462,https://taxfoundation.org/data/all/state/state-income-tax-rates-2026/,https://taxfoundation.org/data/all/state/sales-tax-rates/
13261,2026,0.04567200000000000176,0.07491221275849462,https://taxfoundation.org/data/all/state/state-income-tax-rates-2026/,https://taxfoundation.org/data/all/state/sales-tax-rates/
13263,2026,0.04567200000000000176,0.07491221275849462,https://taxfoundation.org/data/all/state/state-income-tax-rates-2026/,https://taxfoundation.org/data/all/state/sales-tax-rates/
13265,2026,0.04567200000000000176,0.07491221275849462,https://taxfoundation.org/data/all/state/state-income-tax-rates-2026/,https://taxfoundation.org/data/all/state/sales-tax-rates/
13267,2026,0.04567200000000000176,0.07491221275849462,https://taxfoundation.org/data/all/state/state-income-tax-rates-2026/,https://taxfoundation.org/data/all/state/sales-tax-rates/
13269,2026,0.04567200000000000176,0.07491221275849462,https://taxfoundation.org/data/all/state/state-income-tax-rates-2026/,https://taxfoundation.org/data/all/state/sales-tax-rates/
13271,2026,0.04567200000000000176,0.07491221275849462,https://taxfoundation.org/data/all/state/state-income-tax-rates-2026/,https://taxfoundation.org/data/all/state/sales-tax-rates/
13273,2026,0.04567200000000000176,0.07491221275849462,https://taxfoundation.org/data/all/state/state-income-tax-rates-2026/,https://taxfoundation.org/data/all/state/sales-tax-rates/
13275,2026,0.04567200000000000176,0.07491221275849462,https://taxfoundation.org/data/all/state/state-income-tax-rates-2026/,https://taxfoundation.org/data/all/state/sales-tax-rates/
13277,2026,0.04567200000000000176,0.07491221275849462,https://taxfoundation.org/data/all/state/state-income-tax-rates-2026/,https://taxfoundation.org/data/all/state/sales-tax-rates/
13279,2026,0.04567200000000000176,0.07491221275849462,https://taxfoundation.org/data/all/state/state-income-tax-rates-2026/,https://taxfoundation.org/data/all/state/sales-tax-rates/
13281,2026,0.04567200000000000176,0.07491221275849462,https://taxfoundation.org/data/all/state/state-income-tax-rates-2026/,https://taxfoundation.org/data/all/state/sales-tax-rates/
13283,2026,0.04567200000000000176,0.07491221275849462,https://taxfoundation.org/data/all/state/state-income-tax-rates-2026/,https://taxfoundation.org/data/all/state/sales-tax-rates/
13285,2026,0.04567200000000000176,0.07491221275849462,https://taxfoundation.org/data/all/state/state-income-tax-rates-2026/,https://taxfoundation.org/data/all/state/sales-tax-rates/
13287,2026,0.04567200000000000176,0.07491221275849462,https://taxfoundation.org/data/all/state/state-income-tax-rates-2026/,https://taxfoundation.org/data/all/state/sales-tax-rates/
13289,2026,0.04567200000000000176,0.07491221275849462,https://taxfoundation.org/data/all/state/state-income-tax-rates-2026/,https://taxfoundation.org/data/all/state/sales-tax-rates/
13291,2026,0.04567200000000000176,0.07491221275849462,https://taxfoundation.org/data/all/state/state-income-tax-rates-2026/,https://taxfoundation.org/data/all/state/sales-tax-rates/
13293,2026,0.04567200000000000176,0.07491221275849462,https://taxfoundation.org/data/all/state/state-income-tax-rates-2026/,https://taxfoundation.org/data/all/state/sales-tax-rates/
13295,2026,0.04567200000000000176,0.07491221275849462,https://taxfoundation.org/data/all/state/state-income-tax-rates-2026/,https://taxfoundation.org/data/all/state/sales-tax-rates/
13297,2026,0.04567200000000000176,0.07491221275849462,https://taxfoundation.org/data/all/state/state-income-tax-rates-2026/,https://taxfoundation.org/data/all/state/sales-tax-rates/
13299,2026,0.04567200000000000176,0.07491221275849462,https://taxfoundation.org/data/all/state/state-income-tax-rates-2026/,https://taxfoundation.org/data/all/state/sales-tax-rates/
13301,2026,0.04567200000000000176,0.07491221275849462,https://taxfoundation.org/data/all/state/state-income-tax-rates-2026/,https://taxfoundation.org/data/all/state/sales-tax-rates/
13303,2026,0.04567200000000000176,0.07491221275849462,https://taxfoundation.org/data/all/state/state-income-tax-rates-2026/,https://taxfoundation.org/data/all/state/sales-tax-rates/
13305,2026,0.04567200000000000176,0.07491221275849462,https://taxfoundation.org/data/all/state/state-income-tax-rates-2026/,https://taxfoundation.org/data/all/state/sales-tax-rates/
13307,2026,0.04567200000000000176,0.07491221275849462,https://taxfoundation.org/data/all/state/state-income-tax-rates-2026/,https://taxfoundation.org/data/all/state/sales-tax-rates/
13309,2026,0.04567200000000000176,0.07491221275849462,https://taxfoundation.org/data/all/state/state-income-tax-rates-2026/,https://taxfoundation.org/data/all/state/sales-tax-rates/
13311,2026,0.04567200000000000176,0.07491221275849462,https://taxfoundation.org/data/all/state/state-income-tax-rates-2026/,https://taxfoundation.org/data/all/state/sales-tax-rates/
13313,2026,0.04567200000000000176,0.07491221275849462,https://taxfoundation.org/data/all/state/state-income-tax-rates-2026/,https://taxfoundation.org/data/all/state/sales-tax-rates/
13315,2026,0.04567200000000000176,0.07491221275849462,https://taxfoundation.org/data/all/state/state-income-tax-rates-2026/,https://taxfoundation.org/data/all/state/sales-tax-rates/
13317,2026,0.04567200000000000176,0.07491221275849462,https://taxfoundation.org/data/all/state/state-income-tax-rates-2026/,https://taxfoundation.org/data/all/state/sales-tax-rates/
13319,2026,0.04567200000000000176,0.07491221275849462,https://taxfoundation.org/data/all/state/state-income-tax-rates-2026/,https://taxfoundation.org/data/all/state/sales-tax-rates/
13321,2026,0.04567200000000000176,0.07491221275849462,https://taxfoundation.org/data/all/state/state-income-tax-rates-2026/,https://taxfoundation.org/data/all/state/sales-tax-rates/
15001,2026,0.06069855999999999916688,0.045000000000000005,https://taxfoundation.org/data/all/state/state-income-tax-rates-2026/,https://taxfoundation.org/data/all/state/sales-tax-rates/
15003,2026,0.06069855999999999916688,0.045000000000000005,https://taxfoundation.org/data/all/state/state-income-tax-rates-2026/,https://taxfoundation.org/data/all/state/sales-tax-rates/
15005,2026,0.06069855999999999916688,0.045000000000000005,https://taxfoundation.org/data/all/state/state-income-tax-rates-2026/,https://taxfoundation.org/data/all/state/sales-tax-rates/
15007,2026,0.06069855999999999916688,0.045000000000000005,https://taxfoundation.org/data/all/state/state-income-tax-rates-2026/,https://taxfoundation.org/data/all/state/sales-tax-rates/
15009,2026,0.06069855999999999916688,0.045000000000000005,https://taxfoundation.org/data/all/state/state-income-tax-rates-2026/,https://taxfoundation.org/data/all/state/sales-tax-rates/
16001,2026,0.04191716999999999920911,0.060266051444783225,https://taxfoundation.org/data/all/state/state-income-tax-rates-2026/,https://taxfoundation.org/data/all/state/sales-tax-rates/
16003,2026,0.04191716999999999920911,0.060266051444783225,https://taxfoundation.org/data/all/state/state-income-tax-rates-2026/,https://taxfoundation.org/data/all/state/sales-tax-rates/
16005,2026,0.04191716999999999920911,0.060266051444783225,https://taxfoundation.org/data/all/state/state-income-tax-rates-2026/,https://taxfoundation.org/data/all/state/sales-tax-rates/
16007,2026,0.04191716999999999920911,0.060266051444783225,https://taxfoundation.org/data/all/state/state-income-tax-rates-2026/,https://taxfoundation.org/data/all/state/sales-tax-rates/
16009,2026,0.04191716999999999920911,0.060266051444783225,https://taxfoundation.org/data/all/state/state-income-tax-rates-2026/,https://taxfoundation.org/data/all/state/sales-tax-rates/
16011,2026,0.04191716999999999920911,0.060266051444783225,https://taxfoundation.org/data/all/state/state-income-tax-rates-2026/,https://taxfoundation.org/data/all/state/sales-tax-rates/
16013,2026,0.04191716999999999920911,0.060266051444783225,https://taxfoundation.org/data/all/state/state-income-tax-rates-2026/,https://taxfoundation.org/data/all/state/sales-tax-rates/
16015,2026,0.04191716999999999920911,0.060266051444783225,https://taxfoundation.org/data/all/state/state-income-tax-rates-2026/,https://taxfoundation.org/data/all/state/sales-tax-rates/
16017,2026,0.04191716999999999920911,0.060266051444783225,https://taxfoundation.org/data/all/state/state-income-tax-rates-2026/,https://taxfoundation.org/data/all/state/sales-tax-rates/
16019,2026,0.04191716999999999920911,0.060266051444783225,https://taxfoundation.org/data/all/state/state-income-tax-rates-2026/,https://taxfoundation.org/data/all/state/sales-tax-rates/
16021,2026,0.04191716999999999920911,0.060266051444783225,https://taxfoundation.org/data/all/state/state-income-tax-rates-2026/,https://taxfoundation.org/data/all/state/sales-tax-rates/
16023,2026,0.04191716999999999920911,0.060266051444783225,https://taxfoundation.org/data/all/state/state-income-tax-rates-2026/,https://taxfoundation.org/data/all/state/sales-tax-rates/
16025,2026,0.04191716999999999920911,0.060266051444783225,https://taxfoundation.org/data/all/state/state-income-tax-rates-2026/,https://taxfoundation.org/data/all/state/sales-tax-rates/
16027,2026,0.04191716999999999920911,0.060266051444783225,https://taxfoundation.org/data/all/state/state-income-tax-rates-2026/,https://taxfoundation.org/data/all/state/sales-tax-rates/
16029,2026,0.04191716999999999920911,0.060266051444783225,https://taxfoundation.org/data/all/state/state-income-tax-rates-2026/,https://taxfoundation.org/data/all/state/sales-tax-rates/
16031,2026,0.04191716999999999920911,0.060266051444783225,https://taxfoundation.org/data/all/state/state-income-tax-rates-2026/,https://taxfoundation.org/data/all/state/sales-tax-rates/
16033,2026,0.04191716999999999920911,0.060266051444783225,https://taxfoundation.org/data/all/state/state-income-tax-rates-2026/,https://taxfoundation.org/data/all/state/sales-tax-rates/
16035,2026,0.04191716999999999920911,0.060266051444783225,https://taxfoundation.org/data/all/state/state-income-tax-rates-2026/,https://taxfoundation.org/data/all/state/sales-tax-rates/
16037,2026,0.04191716999999999920911,0.060266051444783225,https://taxfoundation.org/data/all/state/state-income-tax-rates-2026/,https://taxfoundation.org/data/all/state/sales-tax-rates/
16039,2026,0.04191716999999999920911,0.060266051444783225,https://taxfoundation.org/data/all/state/state-income-tax-rates-2026/,https://taxfoundation.org/data/all/state/sales-tax-rates/
16041,2026,0.04191716999999999920911,0.060266051444783225,https://taxfoundation.org/data/all/state/state-income-tax-rates-2026/,https://taxfoundation.org/data/all/state/sales-tax-rates/
16043,2026,0.04191716999999999920911,0.060266051444783225,https://taxfoundation.org/data/all/state/state-income-tax-rates-2026/,https://taxfoundation.org/data/all/state/sales-tax-rates/
16045,2026,0.04191716999999999920911,0.060266051444783225,https://taxfoundation.org/data/all/state/state-income-tax-rates-2026/,https://taxfoundation.org/data/all/state/sales-tax-rates/
16047,2026,0.04191716999999999920911,0.060266051444783225,https://taxfoundation.org/data/all/state/state-income-tax-rates-2026/,https://taxfoundation.org/data/all/state/sales-tax-rates/
16049,2026,0.04191716999999999920911,0.060266051444783225,https://taxfoundation.org/data/all/state/state-income-tax-rates-2026/,https://taxfoundation.org/data/all/state/sales-tax-rates/
16051,2026,0.04191716999999999920911,0.060266051444783225,https://taxfoundation.org/data/all/state/state-income-tax-rates-2026/,https://taxfoundation.org/data/all/state/sales-tax-rates/
16053,2026,0.04191716999999999920911,0.060266051444783225,https://taxfoundation.org/data/all/state/state-income-tax-rates-2026/,https://taxfoundation.org/data/all/state/sales-tax-rates/
16055,2026,0.04191716999999999920911,0.060266051444783225,https://taxfoundation.org/data/all/state/state-income-tax-rates-2026/,https://taxfoundation.org/data/all/state/sales-tax-rates/
16057,2026,0.04191716999999999920911,0.060266051444783225,https://taxfoundation.org/data/all/state/state-income-tax-rates-2026/,https://taxfoundation.org/data/all/state/sales-tax-rates/
16059,2026,0.04191716999999999920911,0.060266051444783225,https://taxfoundation.org/data/all/state/state-income-tax-rates-2026/,https://taxfoundation.org/data/all/state/sales-tax-rates/
16061,2026,0.04191716999999999920911,0.060266051444783225,https://taxfoundation.org/data/all/state/state-income-tax-rates-2026/,https://taxfoundation.org/data/all/state/sales-tax-rates/
16063,2026,0.04191716999999999920911,0.060266051444783225,https://taxfoundation.org/data/all/state/state-income-tax-rates-2026/,https://taxfoundation.org/data/all/state/sales-tax-rates/
16065,2026,0.04191716999999999920911,0.060266051444783225,https://taxfoundation.org/data/all/state/state-income-tax-rates-2026/,https://taxfoundation.org/data/all/state/sales-tax-rates/
16067,2026,0.04191716999999999920911,0.060266051444783225,https://taxfoundation.org/data/all/state/state-income-tax-rates-2026/,https://taxfoundation.org/data/all/state/sales-tax-rates/
16069,2026,0.04191716999999999920911,0.060266051444783225,https://taxfoundation.org/data/all/state/state-income-tax-rates-2026/,https://taxfoundation.org/data/all/state/sales-tax-rates/
16071,2026,0.04191716999999999920911,0.060266051444783225,https://taxfoundation.org/data/all/state/state-income-tax-rates-2026/,https://taxfoundation.org/data/all/state/sales-tax-rates/
16073,2026,0.04191716999999999920911,0.060266051444783225,https://taxfoundation.org/data/all/state/state-income-tax-rates-2026/,https://taxfoundation.org/data/all/state/sales-tax-rates/
16075,2026,0.04191716999999999920911,0.060266051444783225,https://taxfoundation.org/data/all/state/state-income-tax-rates-2026/,https://taxfoundation.org/data/all/state/sales-tax-rates/
16077,2026,0.04191716999999999920911,0.060266051444783225,https://taxfoundation.org/data/all/state/state-income-tax-rates-2026/,https://taxfoundation.org/data/all/state/sales-tax-rates/
16079,2026,0.04191716999999999920911,0.060266051444783225,https://taxfoundation.org/data/all/state/state-income-tax-rates-2026/,https://taxfoundation.org/data/all/state/sales-tax-rates/
16081,2026,0.04191716999999999920911,0.060266051444783225,https://taxfoundation.org/data/all/state/state-income-tax-rates-2026/,https://taxfoundation.org/data/all/state/sales-tax-rates/
16083,2026,0.04191716999999999920911,0.060266051444783225,https://taxfoundation.org/data/all/state/state-income-tax-rates-2026/,https://taxfoundation.org/data/all/state/sales-tax-rates/
16085,2026,0.04191716999999999920911,0.060266051444783225,https://taxfoundation.org/data/all/state/state-income-tax-rates-2026/,https://taxfoundation.org/data/all/state/sales-tax-rates/
16087,2026,0.04191716999999999920911,0.060266051444783225,https://taxfoundation.org/data/all/state/state-income-tax-rates-2026/,https://taxfoundation.org/data/all/state/sales-tax-rates/
17001,2026,0.0480521250000000019415,0.089644682891972458,https://taxfoundation.org/data/all/state/state-income-tax-rates-2026/,https://taxfoundation.org/data/all/state/sales-tax-rates/
17003,2026,0.0480521250000000019415,0.089644682891972458,https://taxfoundation.org/data/all/state/state-income-tax-rates-2026/,https://taxfoundation.org/data/all/state/sales-tax-rates/
17005,2026,0.0480521250000000019415,0.089644682891972458,https://taxfoundation.org/data/all/state/state-income-tax-rates-2026/,https://taxfoundation.org/data/all/state/sales-tax-rates/
17007,2026,0.0480521250000000019415,0.089644682891972458,https://taxfoundation.org/data/all/state/state-income-tax-rates-2026/,https://taxfoundation.org/data/all/state/sales-tax-rates/
17009,2026,0.0480521250000000019415,0.089644682891972458,https://taxfoundation.org/data/all/state/state-income-tax-rates-2026/,https://taxfoundation.org/data/all/state/sales-tax-rates/
17011,2026,0.0480521250000000019415,0.089644682891972458,https://taxfoundation.org/data/all/state/state-income-tax-rates-2026/,https://taxfoundation.org/data/all/state/sales-tax-rates/
17013,2026,0.0480521250000000019415,0.089644682891972458,https://taxfoundation.org/data/all/state/state-income-tax-rates-2026/,https://taxfoundation.org/data/all/state/sales-tax-rates/
17015,2026,0.0480521250000000019415,0.089644682891972458,https://taxfoundation.org/data/all/state/state-income-tax-rates-2026/,https://taxfoundation.org/data/all/state/sales-tax-rates/
17017,2026,0.0480521250000000019415,0.089644682891972458,https://taxfoundation.org/data/all/state/state-income-tax-rates-2026/,https://taxfoundation.org/data/all/state/sales-tax-rates/
17019,2026,0.0480521250000000019415,0.089644682891972458,https://taxfoundation.org/data/all/state/state-income-tax-rates-2026/,https://taxfoundation.org/data/all/state/sales-tax-rates/
17021,2026,0.0480521250000000019415,0.089644682891972458,https://taxfoundation.org/data/all/state/state-income-tax-rates-2026/,https://taxfoundation.org/data/all/state/sales-tax-rates/
17023,2026,0.0480521250000000019415,0.089644682891972458,https://taxfoundation.org/data/all/state/state-income-tax-rates-2026/,https://taxfoundation.org/data/all/state/sales-tax-rates/
17025,2026,0.0480521250000000019415,0.089644682891972458,https://taxfoundation.org/data/all/state/state-income-tax-rates-2026/,https://taxfoundation.org/data/all/state/sales-tax-rates/
17027,2026,0.0480521250000000019415,0.089644682891972458,https://taxfoundation.org/data/all/state/state-income-tax-rates-2026/,https://taxfoundation.org/data/all/state/sales-tax-rates/
17029,2026,0.0480521250000000019415,0.089644682891972458,https://taxfoundation.org/data/all/state/state-income-tax-rates-2026/,https://taxfoundation.org/data/all/state/sales-tax-rates/
17031,2026,0.0480521250000000019415,0.089644682891972458,https://taxfoundation.org/data/all/state/state-income-tax-rates-2026/,https://taxfoundation.org/data/all/state/sales-tax-rates/
17033,2026,0.0480521250000000019415,0.089644682891972458,https://taxfoundation.org/data/all/state/state-income-tax-rates-2026/,https://taxfoundation.org/data/all/state/sales-tax-rates/
17035,2026,0.0480521250000000019415,0.089644682891972458,https://taxfoundation.org/data/all/state/state-income-tax-rates-2026/,https://taxfoundation.org/data/all/state/sales-tax-rates/
17037,2026,0.0480521250000000019415,0.089644682891972458,https://taxfoundation.org/data/all/state/state-income-tax-rates-2026/,https://taxfoundation.org/data/all/state/sales-tax-rates/
17039,2026,0.0480521250000000019415,0.089644682891972458,https://taxfoundation.org/data/all/state/state-income-tax-rates-2026/,https://taxfoundation.org/data/all/state/sales-tax-rates/
17041,2026,0.0480521250000000019415,0.089644682891972458,https://taxfoundation.org/data/all/state/state-income-tax-rates-2026/,https://taxfoundation.org/data/all/state/sales-tax-rates/
17043,2026,0.0480521250000000019415,0.089644682891972458,https://taxfoundation.org/data/all/state/state-income-tax-rates-2026/,https://taxfoundation.org/data/all/state/sales-tax-rates/
17045,2026,0.0480521250000000019415,0.089644682891972458,https://taxfoundation.org/data/all/state/state-income-tax-rates-2026/,https://taxfoundation.org/data/all/state/sales-tax-rates/
17047,2026,0.0480521250000000019415,0.089644682891972458,https://taxfoundation.org/data/all/state/state-income-tax-rates-2026/,https://taxfoundation.org/data/all/state/sales-tax-rates/
17049,2026,0.0480521250000000019415,0.089644682891972458,https://taxfoundation.org/data/all/state/state-income-tax-rates-2026/,https://taxfoundation.org/data/all/state/sales-tax-rates/
17051,2026,0.0480521250000000019415,0.089644682891972458,https://taxfoundation.org/data/all/state/state-income-tax-rates-2026/,https://taxfoundation.org/data/all/state/sales-tax-rates/
17053,2026,0.0480521250000000019415,0.089644682891972458,https://taxfoundation.org/data/all/state/state-income-tax-rates-2026/,https://taxfoundation.org/data/all/state/sales-tax-rates/
17055,2026,0.0480521250000000019415,0.089644682891972458,https://taxfoundation.org/data/all/state/state-income-tax-rates-2026/,https://taxfoundation.org/data/all/state/sales-tax-rates/
17057,2026,0.0480521250000000019415,0.089644682891972458,https://taxfoundation.org/data/all/state/state-income-tax-rates-2026/,https://taxfoundation.org/data/all/state/sales-tax-rates/
17059,2026,0.0480521250000000019415,0.089644682891972458,https://taxfoundation.org/data/all/state/state-income-tax-rates-2026/,https://taxfoundation.org/data/all/state/sales-tax-rates/
17061,2026,0.0480521250000000019415,0.089644682891972458,https://taxfoundation.org/data/all/state/state-income-tax-rates-2026/,https://taxfoundation.org/data/all/state/sales-tax-rates/
17063,2026,0.0480521250000000019415,0.089644682891972458,https://taxfoundation.org/data/all/state/state-income-tax-rates-2026/,https://taxfoundation.org/data/all/state/sales-tax-rates/
17065,2026,0.0480521250000000019415,0.089644682891972458,https://taxfoundation.org/data/all/state/state-income-tax-rates-2026/,https://taxfoundation.org/data/all/state/sales-tax-rates/
17067,2026,0.0480521250000000019415,0.089644682891972458,https://taxfoundation.org/data/all/state/state-income-tax-rates-2026/,https://taxfoundation.org/data/all/state/sales-tax-rates/
17069,2026,0.0480521250000000019415,0.089644682891972458,https://taxfoundation.org/data/all/state/state-income-tax-rates-2026/,https://taxfoundation.org/data/all/state/sales-tax-rates/
17071,2026,0.0480521250000000019415,0.089644682891972458,https://taxfoundation.org/data/all/state/state-income-tax-rates-2026/,https://taxfoundation.org/data/all/state/sales-tax-rates/
17073,2026,0.0480521250000000019415,0.089644682891972458,https://taxfoundation.org/data/all/state/state-income-tax-rates-2026/,https://taxfoundation.org/data/all/state/sales-tax-rates/
17075,2026,0.0480521250000000019415,0.089644682891972458,https://taxfoundation.org/data/all/state/state-income-tax-rates-2026/,https://taxfoundation.org/data/all/state/sales-tax-rates/
17077,2026,0.0480521250000000019415,0.089644682891972458,https://taxfoundation.org/data/all/state/state-income-tax-rates-2026/,https://taxfoundation.org/data/all/state/sales-tax-rates/
17079,2026,0.0480521250000000019415,0.089644682891972458,https://taxfoundation.org/data/all/state/state-income-tax-rates-2026/,https://taxfoundation.org/data/all/state/sales-tax-rates/
17081,2026,0.0480521250000000019415,0.089644682891972458,https://taxfoundation.org/data/all/state/state-income-tax-rates-2026/,https://taxfoundation.org/data/all/state/sales-tax-rates/
17083,2026,0.0480521250000000019415,0.089644682891972458,https://taxfoundation.org/data/all/state/state-income-tax-rates-2026/,https://taxfoundation.org/data/all/state/sales-tax-rates/
17085,2026,0.0480521250000000019415,0.089644682891972458,https://taxfoundation.org/data/all/state/state-income-tax-rates-2026/,https://taxfoundation.org/data/all/state/sales-tax-rates/
17087,2026,0.0480521250000000019415,0.089644682891972458,https://taxfoundation.org/data/all/state/state-income-tax-rates-2026/,https://taxfoundation.org/data/all/state/sales-tax-rates/
17089,2026,0.0480521250000000019415,0.089644682891972458,https://taxfoundation.org/data/all/state/state-income-tax-rates-2026/,https://taxfoundation.org/data/all/state/sales-tax-rates/
17091,2026,0.0480521250000000019415,0.089644682891972458,https://taxfoundation.org/data/all/state/state-income-tax-rates-2026/,https://taxfoundation.org/data/all/state/sales-tax-rates/
17093,2026,0.0480521250000000019415,0.089644682891972458,https://taxfoundation.org/data/all/state/state-income-tax-rates-2026/,https://taxfoundation.org/data/all/state/sales-tax-rates/
17095,2026,0.0480521250000000019415,0.089644682891972458,https://taxfoundation.org/data/all/state/state-income-tax-rates-2026/,https://taxfoundation.org/data/all/state/sales-tax-rates/
17097,2026,0.0480521250000000019415,0.089644682891972458,https://taxfoundation.org/data/all/state/state-income-tax-rates-2026/,https://taxfoundation.org/data/all/state/sales-tax-rates/
17099,2026,0.0480521250000000019415,0.089644682891972458,https://taxfoundation.org/data/all/state/state-income-tax-rates-2026/,https://taxfoundation.org/data/all/state/sales-tax-rates/
17101,2026,0.0480521250000000019415,0.089644682891972458,https://taxfoundation.org/data/all/state/state-income-tax-rates-2026/,https://taxfoundation.org/data/all/state/sales-tax-rates/
17103,2026,0.0480521250000000019415,0.089644682891972458,https://taxfoundation.org/data/all/state/state-income-tax-rates-2026/,https://taxfoundation.org/data/all/state/sales-tax-rates/
17105,2026,0.0480521250000000019415,0.089644682891972458,https://taxfoundation.org/data/all/state/state-income-tax-rates-2026/,https://taxfoundation.org/data/all/state/sales-tax-rates/
17107,2026,0.0480521250000000019415,0.089644682891972458,https://taxfoundation.org/data/all/state/state-income-tax-rates-2026/,https://taxfoundation.org/data/all/state/sales-tax-rates/
17109,2026,0.0480521250000000019415,0.089644682891972458,https://taxfoundation.org/data/all/state/state-income-tax-rates-2026/,https://taxfoundation.org/data/all/state/sales-tax-rates/
17111,2026,0.0480521250000000019415,0.089644682891972458,https://taxfoundation.org/data/all/state/state-income-tax-rates-2026/,https://taxfoundation.org/data/all/state/sales-tax-rates/
17113,2026,0.0480521250000000019415,0.089644682891972458,https://taxfoundation.org/data/all/state/state-income-tax-rates-2026/,https://taxfoundation.org/data/all/state/sales-tax-rates/
17115,2026,0.0480521250000000019415,0.089644682891972458,https://taxfoundation.org/data/all/state/state-income-tax-rates-2026/,https://taxfoundation.org/data/all/state/sales-tax-rates/
17117,2026,0.0480521250000000019415,0.089644682891972458,https://taxfoundation.org/data/all/state/state-income-tax-rates-2026/,https://taxfoundation.org/data/all/state/sales-tax-rates/
17119,2026,0.0480521250000000019415,0.089644682891972458,https://taxfoundation.org/data/all/state/state-income-tax-rates-2026/,https://taxfoundation.org/data/all/state/sales-tax-rates/
17121,2026,0.0480521250000000019415,0.089644682891972458,https://taxfoundation.org/data/all/state/state-income-tax-rates-2026/,https://taxfoundation.org/data/all/state/sales-tax-rates/
17123,2026,0.0480521250000000019415,0.089644682891972458,https://taxfoundation.org/data/all/state/state-income-tax-rates-2026/,https://taxfoundation.org/data/all/state/sales-tax-rates/
17125,2026,0.0480521250000000019415,0.089644682891972458,https://taxfoundation.org/data/all/state/state-income-tax-rates-2026/,https://taxfoundation.org/data/all/state/sales-tax-rates/
17127,2026,0.0480521250000000019415,0.089644682891972458,https://taxfoundation.org/data/all/state/state-income-tax-rates-2026/,https://taxfoundation.org/data/all/state/sales-tax-rates/
17129,2026,0.0480521250000000019415,0.089644682891972458,https://taxfoundation.org/data/all/state/state-income-tax-rates-2026/,https://taxfoundation.org/data/all/state/sales-tax-rates/
17131,2026,0.0480521250000000019415,0.089644682891972458,https://taxfoundation.org/data/all/state/state-income-tax-rates-2026/,https://taxfoundation.org/data/all/state/sales-tax-rates/
17133,2026,0.0480521250000000019415,0.089644682891972458,https://taxfoundation.org/data/all/state/state-income-tax-rates-2026/,https://taxfoundation.org/data/all/state/sales-tax-rates/
17135,2026,0.0480521250000000019415,0.089644682891972458,https://taxfoundation.org/data/all/state/state-income-tax-rates-2026/,https://taxfoundation.org/data/all/state/sales-tax-rates/
17137,2026,0.0480521250000000019415,0.089644682891972458,https://taxfoundation.org/data/all/state/state-income-tax-rates-2026/,https://taxfoundation.org/data/all/state/sales-tax-rates/
17139,2026,0.0480521250000000019415,0.089644682891972458,https://taxfoundation.org/data/all/state/state-income-tax-rates-2026/,https://taxfoundation.org/data/all/state/sales-tax-rates/
17141,2026,0.0480521250000000019415,0.089644682891972458,https://taxfoundation.org/data/all/state/state-income-tax-rates-2026/,https://taxfoundation.org/data/all/state/sales-tax-rates/
17143,2026,0.0480521250000000019415,0.089644682891972458,https://taxfoundation.org/data/all/state/state-income-tax-rates-2026/,https://taxfoundation.org/data/all/state/sales-tax-rates/
17145,2026,0.0480521250000000019415,0.089644682891972458,https://taxfoundation.org/data/all/state/state-income-tax-rates-2026/,https://taxfoundation.org/data/all/state/sales-tax-rates/
17147,2026,0.0480521250000000019415,0.089644682891972458,https://taxfoundation.org/data/all/state/state-income-tax-rates-2026/,https://taxfoundation.org/data/all/state/sales-tax-rates/
17149,2026,0.0480521250000000019415,0.089644682891972458,https://taxfoundation.org/data/all/state/state-income-tax-rates-2026/,https://taxfoundation.org/data/all/state/sales-tax-rates/
17151,2026,0.0480521250000000019415,0.089644682891972458,https://taxfoundation.org/data/all/state/state-income-tax-rates-2026/,https://taxfoundation.org/data/all/state/sales-tax-rates/
17153,2026,0.0480521250000000019415,0.089644682891972458,https://taxfoundation.org/data/all/state/state-income-tax-rates-2026/,https://taxfoundation.org/data/all/state/sales-tax-rates/
17155,2026,0.0480521250000000019415,0.089644682891972458,https://taxfoundation.org/data/all/state/state-income-tax-rates-2026/,https://taxfoundation.org/data/all/state/sales-tax-rates/
17157,2026,0.0480521250000000019415,0.089644682891972458,https://taxfoundation.org/data/all/state/state-income-tax-rates-2026/,https://taxfoundation.org/data/all/state/sales-tax-rates/
17159,2026,0.0480521250000000019415,0.089644682891972458,https://taxfoundation.org/data/all/state/state-income-tax-rates-2026/,https://taxfoundation.org/data/all/state/sales-tax-rates/
17161,2026,0.0480521250000000019415,0.089644682891972458,https://taxfoundation.org/data/all/state/state-income-tax-rates-2026/,https://taxfoundation.org/data/all/state/sales-tax-rates/
17163,2026,0.0480521250000000019415,0.089644682891972458,https://taxfoundation.org/data/all/state/state-income-tax-rates-2026/,https://taxfoundation.org/data/all/state/sales-tax-rates/
17165,2026,0.0480521250000000019415,0.089644682891972458,https://taxfoundation.org/data/all/state/state-income-tax-rates-2026/,https://taxfoundation.org/data/all/state/sales-tax-rates/
17167,2026,0.0480521250000000019415,0.089644682891972458,https://taxfoundation.org/data/all/state/state-income-tax-rates-2026/,https://taxfoundation.org/data/all/state/sales-tax-rates/
17169,2026,0.0480521250000000019415,0.089644682891972458,https://taxfoundation.org/data/all/state/state-income-tax-rates-2026/,https://taxfoundation.org/data/all/state/sales-tax-rates/
17171,2026,0.0480521250000000019415,0.089644682891972458,https://taxfoundation.org/data/all/state/state-income-tax-rates-2026/,https://taxfoundation.org/data/all/state/sales-tax-rates/
17173,2026,0.0480521250000000019415,0.089644682891972458,https://taxfoundation.org/data/all/state/state-income-tax-rates-2026/,https://taxfoundation.org/data/all/state/sales-tax-rates/
17175,2026,0.0480521250000000019415,0.089644682891972458,https://taxfoundation.org/data/all/state/state-income-tax-rates-2026/,https://taxfoundation.org/data/all/state/sales-tax-rates/
17177,2026,0.0480521250000000019415,0.089644682891972458,https://taxfoundation.org/data/all/state/state-income-tax-rates-2026/,https://taxfoundation.org/data/all/state/sales-tax-rates/
17179,2026,0.0480521250000000019415,0.089644682891972458,https://taxfoundation.org/data/all/state/state-income-tax-rates-2026/,https://taxfoundation.org/data/all/state/sales-tax-rates/
17181,2026,0.0480521250000000019415,0.089644682891972458,https://taxfoundation.org/data/all/state/state-income-tax-rates-2026/,https://taxfoundation.org/data/all/state/sales-tax-rates/
17183,2026,0.0480521250000000019415,0.089644682891972458,https://taxfoundation.org/data/all/state/state-income-tax-rates-2026/,https://taxfoundation.org/data/all/state/sales-tax-rates/
17185,2026,0.0480521250000000019415,0.089644682891972458,https://taxfoundation.org/data/all/state/state-income-tax-rates-2026/,https://taxfoundation.org/data/all/state/sales-tax-rates/
17187,2026,0.0480521250000000019415,0.089644682891972458,https://taxfoundation.org/data/all/state/state-income-tax-rates-2026/,https://taxfoundation.org/data/all/state/sales-tax-rates/
17189,2026,0.0480521250000000019415,0.089644682891972458,https://taxfoundation.org/data/all/state/state-income-tax-rates-2026/,https://taxfoundation.org/data/all/state/sales-tax-rates/
17191,2026,0.0480521250000000019415,0.089644682891972458,https://taxfoundation.org/data/all/state/state-income-tax-rates-2026/,https://taxfoundation.org/data/all/state/sales-tax-rates/
17193,2026,0.0480521250000000019415,0.089644682891972458,https://taxfoundation.org/data/all/state/state-income-tax-rates-2026/,https://taxfoundation.org/data/all/state/sales-tax-rates/
17195,2026,0.0480521250000000019415,0.089644682891972458,https://taxfoundation.org/data/all/state/state-income-tax-rates-2026/,https://taxfoundation.org/data/all/state/sales-tax-rates/
17197,2026,0.0480521250000000019415,0.089644682891972458,https://taxfoundation.org/data/all/state/state-income-tax-rates-2026/,https://taxfoundation.org/data/all/state/sales-tax-rates/
17199,2026,0.0480521250000000019415,0.089644682891972458,https://taxfoundation.org/data/all/state/state-income-tax-rates-2026/,https://taxfoundation.org/data/all/state/sales-tax-rates/
17201,2026,0.0480521250000000019415,0.089644682891972458,https://taxfoundation.org/data/all/state/state-income-tax-rates-2026/,https://taxfoundation.org/data/all/state/sales-tax-rates/
17203,2026,0.0480521250000000019415,0.089644682891972458,https://taxfoundation.org/data/all/state/state-income-tax-rates-2026/,https://taxfoundation.org/data/all/state/sales-tax-rates/
18001,2026,0.02920499999999999802,0.070000000000000007,https://taxfoundation.org/data/all/state/state-income-tax-rates-2026/,https://taxfoundation.org/data/all/state/sales-tax-rates/
18003,2026,0.02920499999999999802,0.070000000000000007,https://taxfoundation.org/data/all/state/state-income-tax-rates-2026/,https://taxfoundation.org/data/all/state/sales-tax-rates/
18005,2026,0.02920499999999999802,0.070000000000000007,https://taxfoundation.org/data/all/state/state-income-tax-rates-2026/,https://taxfoundation.org/data/all/state/sales-tax-rates/
18007,2026,0.02920499999999999802,0.070000000000000007,https://taxfoundation.org/data/all/state/state-income-tax-rates-2026/,https://taxfoundation.org/data/all/state/sales-tax-rates/
18009,2026,0.02920499999999999802,0.070000000000000007,https://taxfoundation.org/data/all/state/state-income-tax-rates-2026/,https://taxfoundation.org/data/all/state/sales-tax-rates/
18011,2026,0.02920499999999999802,0.070000000000000007,https://taxfoundation.org/data/all/state/state-income-tax-rates-2026/,https://taxfoundation.org/data/all/state/sales-tax-rates/
18013,2026,0.02920499999999999802,0.070000000000000007,https://taxfoundation.org/data/all/state/state-income-tax-rates-2026/,https://taxfoundation.org/data/all/state/sales-tax-rates/
18015,2026,0.02920499999999999802,0.070000000000000007,https://taxfoundation.org/data/all/state/state-income-tax-rates-2026/,https://taxfoundation.org/data/all/state/sales-tax-rates/
18017,2026,0.02920499999999999802,0.070000000000000007,https://taxfoundation.org/data/all/state/state-income-tax-rates-2026/,https://taxfoundation.org/data/all/state/sales-tax-rates/
18019,2026,0.02920499999999999802,0.070000000000000007,https://taxfoundation.org/data/all/state/state-income-tax-rates-2026/,https://taxfoundation.org/data/all/state/sales-tax-rates/
18021,2026,0.02920499999999999802,0.070000000000000007,https://taxfoundation.org/data/all/state/state-income-tax-rates-2026/,https://taxfoundation.org/data/all/state/sales-tax-rates/
18023,2026,0.02920499999999999802,0.070000000000000007,https://taxfoundation.org/data/all/state/state-income-tax-rates-2026/,https://taxfoundation.org/data/all/state/sales-tax-rates/
18025,2026,0.02920499999999999802,0.070000000000000007,https://taxfoundation.org/data/all/state/state-income-tax-rates-2026/,https://taxfoundation.org/data/all/state/sales-tax-rates/
18027,2026,0.02920499999999999802,0.070000000000000007,https://taxfoundation.org/data/all/state/state-income-tax-rates-2026/,https://taxfoundation.org/data/all/state/sales-tax-rates/
18029,2026,0.02920499999999999802,0.070000000000000007,https://taxfoundation.org/data/all/state/state-income-tax-rates-2026/,https://taxfoundation.org/data/all/state/sales-tax-rates/
18031,2026,0.02920499999999999802,0.070000000000000007,https://taxfoundation.org/data/all/state/state-income-tax-rates-2026/,https://taxfoundation.org/data/all/state/sales-tax-rates/
18033,2026,0.02920499999999999802,0.070000000000000007,https://taxfoundation.org/data/all/state/state-income-tax-rates-2026/,https://taxfoundation.org/data/all/state/sales-tax-rates/
18035,2026,0.02920499999999999802,0.070000000000000007,https://taxfoundation.org/data/all/state/state-income-tax-rates-2026/,https://taxfoundation.org/data/all/state/sales-tax-rates/
18037,2026,0.02920499999999999802,0.070000000000000007,https://taxfoundation.org/data/all/state/state-income-tax-rates-2026/,https://taxfoundation.org/data/all/state/sales-tax-rates/
18039,2026,0.02920499999999999802,0.070000000000000007,https://taxfoundation.org/data/all/state/state-income-tax-rates-2026/,https://taxfoundation.org/data/all/state/sales-tax-rates/
18041,2026,0.02920499999999999802,0.070000000000000007,https://taxfoundation.org/data/all/state/state-income-tax-rates-2026/,https://taxfoundation.org/data/all/state/sales-tax-rates/
18043,2026,0.02920499999999999802,0.070000000000000007,https://taxfoundation.org/data/all/state/state-income-tax-rates-2026/,https://taxfoundation.org/data/all/state/sales-tax-rates/
18045,2026,0.02920499999999999802,0.070000000000000007,https://taxfoundation.org/data/all/state/state-income-tax-rates-2026/,https://taxfoundation.org/data/all/state/sales-tax-rates/
18047,2026,0.02920499999999999802,0.070000000000000007,https://taxfoundation.org/data/all/state/state-income-tax-rates-2026/,https://taxfoundation.org/data/all/state/sales-tax-rates/
18049,2026,0.02920499999999999802,0.070000000000000007,https://taxfoundation.org/data/all/state/state-income-tax-rates-2026/,https://taxfoundation.org/data/all/state/sales-tax-rates/
18051,2026,0.02920499999999999802,0.070000000000000007,https://taxfoundation.org/data/all/state/state-income-tax-rates-2026/,https://taxfoundation.org/data/all/state/sales-tax-rates/
18053,2026,0.02920499999999999802,0.070000000000000007,https://taxfoundation.org/data/all/state/state-income-tax-rates-2026/,https://taxfoundation.org/data/all/state/sales-tax-rates/
18055,2026,0.02920499999999999802,0.070000000000000007,https://taxfoundation.org/data/all/state/state-income-tax-rates-2026/,https://taxfoundation.org/data/all/state/sales-tax-rates/
18057,2026,0.02920499999999999802,0.070000000000000007,https://taxfoundation.org/data/all/state/state-income-tax-rates-2026/,https://taxfoundation.org/data/all/state/sales-tax-rates/
18059,2026,0.02920499999999999802,0.070000000000000007,https://taxfoundation.org/data/all/state/state-income-tax-rates-2026/,https://taxfoundation.org/data/all/state/sales-tax-rates/
18061,2026,0.02920499999999999802,0.070000000000000007,https://taxfoundation.org/data/all/state/state-income-tax-rates-2026/,https://taxfoundation.org/data/all/state/sales-tax-rates/
18063,2026,0.02920499999999999802,0.070000000000000007,https://taxfoundation.org/data/all/state/state-income-tax-rates-2026/,https://taxfoundation.org/data/all/state/sales-tax-rates/
18065,2026,0.02920499999999999802,0.070000000000000007,https://taxfoundation.org/data/all/state/state-income-tax-rates-2026/,https://taxfoundation.org/data/all/state/sales-tax-rates/
18067,2026,0.02920499999999999802,0.070000000000000007,https://taxfoundation.org/data/all/state/state-income-tax-rates-2026/,https://taxfoundation.org/data/all/state/sales-tax-rates/
18069,2026,0.02920499999999999802,0.070000000000000007,https://taxfoundation.org/data/all/state/state-income-tax-rates-2026/,https://taxfoundation.org/data/all/state/sales-tax-rates/
18071,2026,0.02920499999999999802,0.070000000000000007,https://taxfoundation.org/data/all/state/state-income-tax-rates-2026/,https://taxfoundation.org/data/all/state/sales-tax-rates/
18073,2026,0.02920499999999999802,0.070000000000000007,https://taxfoundation.org/data/all/state/state-income-tax-rates-2026/,https://taxfoundation.org/data/all/state/sales-tax-rates/
18075,2026,0.02920499999999999802,0.070000000000000007,https://taxfoundation.org/data/all/state/state-income-tax-rates-2026/,https://taxfoundation.org/data/all/state/sales-tax-rates/
18077,2026,0.02920499999999999802,0.070000000000000007,https://taxfoundation.org/data/all/state/state-income-tax-rates-2026/,https://taxfoundation.org/data/all/state/sales-tax-rates/
18079,2026,0.02920499999999999802,0.070000000000000007,https://taxfoundation.org/data/all/state/state-income-tax-rates-2026/,https://taxfoundation.org/data/all/state/sales-tax-rates/
18081,2026,0.02920499999999999802,0.070000000000000007,https://taxfoundation.org/data/all/state/state-income-tax-rates-2026/,https://taxfoundation.org/data/all/state/sales-tax-rates/
18083,2026,0.02920499999999999802,0.070000000000000007,https://taxfoundation.org/data/all/state/state-income-tax-rates-2026/,https://taxfoundation.org/data/all/state/sales-tax-rates/
18085,2026,0.02920499999999999802,0.070000000000000007,https://taxfoundation.org/data/all/state/state-income-tax-rates-2026/,https://taxfoundation.org/data/all/state/sales-tax-rates/
18087,2026,0.02920499999999999802,0.070000000000000007,https://taxfoundation.org/data/all/state/state-income-tax-rates-2026/,https://taxfoundation.org/data/all/state/sales-tax-rates/
18089,2026,0.02920499999999999802,0.070000000000000007,https://taxfoundation.org/data/all/state/state-income-tax-rates-2026/,https://taxfoundation.org/data/all/state/sales-tax-rates/
18091,2026,0.02920499999999999802,0.070000000000000007,https://taxfoundation.org/data/all/state/state-income-tax-rates-2026/,https://taxfoundation.org/data/all/state/sales-tax-rates/
18093,2026,0.02920499999999999802,0.070000000000000007,https://taxfoundation.org/data/all/state/state-income-tax-rates-2026/,https://taxfoundation.org/data/all/state/sales-tax-rates/
18095,2026,0.02920499999999999802,0.070000000000000007,https://taxfoundation.org/data/all/state/state-income-tax-rates-2026/,https://taxfoundation.org/data/all/state/sales-tax-rates/
18097,2026,0.02920499999999999802,0.070000000000000007,https://taxfoundation.org/data/all/state/state-income-tax-rates-2026/,https://taxfoundation.org/data/all/state/sales-tax-rates/
18099,2026,0.02920499999999999802,0.070000000000000007,https://taxfoundation.org/data/all/state/state-income-tax-rates-2026/,https://taxfoundation.org/data/all/state/sales-tax-rates/
18101,2026,0.02920499999999999802,0.070000000000000007,https://taxfoundation.org/data/all/state/state-income-tax-rates-2026/,https://taxfoundation.org/data/all/state/sales-tax-rates/
18103,2026,0.02920499999999999802,0.070000000000000007,https://taxfoundation.org/data/all/state/state-income-tax-rates-2026/,https://taxfoundation.org/data/all/state/sales-tax-rates/
18105,2026,0.02920499999999999802,0.070000000000000007,https://taxfoundation.org/data/all/state/state-income-tax-rates-2026/,https://taxfoundation.org/data/all/state/sales-tax-rates/
18107,2026,0.02920499999999999802,0.070000000000000007,https://taxfoundation.org/data/all/state/state-income-tax-rates-2026/,https://taxfoundation.org/data/all/state/sales-tax-rates/
18109,2026,0.02920499999999999802,0.070000000000000007,https://taxfoundation.org/data/all/state/state-income-tax-rates-2026/,https://taxfoundation.org/data/all/state/sales-tax-rates/
18111,2026,0.02920499999999999802,0.070000000000000007,https://taxfoundation.org/data/all/state/state-income-tax-rates-2026/,https://taxfoundation.org/data/all/state/sales-tax-rates/
18113,2026,0.02920499999999999802,0.070000000000000007,https://taxfoundation.org/data/all/state/state-income-tax-rates-2026/,https://taxfoundation.org/data/all/state/sales-tax-rates/
18115,2026,0.02920499999999999802,0.070000000000000007,https://taxfoundation.org/data/all/state/state-income-tax-rates-2026/,https://taxfoundation.org/data/all/state/sales-tax-rates/
18117,2026,0.02920499999999999802,0.070000000000000007,https://taxfoundation.org/data/all/state/state-income-tax-rates-2026/,https://taxfoundation.org/data/all/state/sales-tax-rates/
18119,2026,0.02920499999999999802,0.070000000000000007,https://taxfoundation.org/data/all/state/state-income-tax-rates-2026/,https://taxfoundation.org/data/all/state/sales-tax-rates/
18121,2026,0.02920499999999999802,0.070000000000000007,https://taxfoundation.org/data/all/state/state-income-tax-rates-2026/,https://taxfoundation.org/data/all/state/sales-tax-rates/
18123,2026,0.02920499999999999802,0.070000000000000007,https://taxfoundation.org/data/all/state/state-income-tax-rates-2026/,https://taxfoundation.org/data/all/state/sales-tax-rates/
18125,2026,0.02920499999999999802,0.070000000000000007,https://taxfoundation.org/data/all/state/state-income-tax-rates-2026/,https://taxfoundation.org/data/all/state/sales-tax-rates/
18127,2026,0.02920499999999999802,0.070000000000000007,https://taxfoundation.org/data/all/state/state-income-tax-rates-2026/,https://taxfoundation.org/data/all/state/sales-tax-rates/
18129,2026,0.02920499999999999802,0.070000000000000007,https://taxfoundation.org/data/all/state/state-income-tax-rates-2026/,https://taxfoundation.org/data/all/state/sales-tax-rates/
18131,2026,0.02920499999999999802,0.070000000000000007,https://taxfoundation.org/data/all/state/state-income-tax-rates-2026/,https://taxfoundation.org/data/all/state/sales-tax-rates/
18133,2026,0.02920499999999999802,0.070000000000000007,https://taxfoundation.org/data/all/state/state-income-tax-rates-2026/,https://taxfoundation.org/data/all/state/sales-tax-rates/
18135,2026,0.02920499999999999802,0.070000000000000007,https://taxfoundation.org/data/all/state/state-income-tax-rates-2026/,https://taxfoundation.org/data/all/state/sales-tax-rates/
18137,2026,0.02920499999999999802,0.070000000000000007,https://taxfoundation.org/data/all/state/state-income-tax-rates-2026/,https://taxfoundation.org/data/all/state/sales-tax-rates/
18139,2026,0.02920499999999999802,0.070000000000000007,https://taxfoundation.org/data/all/state/state-income-tax-rates-2026/,https://taxfoundation.org/data/all/state/sales-tax-rates/
18141,2026,0.02920499999999999802,0.070000000000000007,https://taxfoundation.org/data/all/state/state-income-tax-rates-2026/,https://taxfoundation.org/data/all/state/sales-tax-rates/
18143,2026,0.02920499999999999802,0.070000000000000007,https://taxfoundation.org/data/all/state/state-income-tax-rates-2026/,https://taxfoundation.org/data/all/state/sales-tax-rates/
18145,2026,0.02920499999999999802,0.070000000000000007,https://taxfoundation.org/data/all/state/state-income-tax-rates-2026/,https://taxfoundation.org/data/all/state/sales-tax-rates/
18147,2026,0.02920499999999999802,0.070000000000000007,https://taxfoundation.org/data/all/state/state-income-tax-rates-2026/,https://taxfoundation.org/data/all/state/sales-tax-rates/
18149,2026,0.02920499999999999802,0.070000000000000007,https://taxfoundation.org/data/all/state/state-income-tax-rates-2026/,https://taxfoundation.org/data/all/state/sales-tax-rates/
18151,2026,0.02920499999999999802,0.070000000000000007,https://taxfoundation.org/data/all/state/state-income-tax-rates-2026/,https://taxfoundation.org/data/all/state/sales-tax-rates/
18153,2026,0.02920499999999999802,0.070000000000000007,https://taxfoundation.org/data/all/state/state-income-tax-rates-2026/,https://taxfoundation.org/data/all/state/sales-tax-rates/
18155,2026,0.02920499999999999802,0.070000000000000007,https://taxfoundation.org/data/all/state/state-income-tax-rates-2026/,https://taxfoundation.org/data/all/state/sales-tax-rates/
18157,2026,0.02920499999999999802,0.070000000000000007,https://taxfoundation.org/data/all/state/state-income-tax-rates-2026/,https://taxfoundation.org/data/all/state/sales-tax-rates/
18159,2026,0.02920499999999999802,0.070000000000000007,https://taxfoundation.org/data/all/state/state-income-tax-rates-2026/,https://taxfoundation.org/data/all/state/sales-tax-rates/
18161,2026,0.02920499999999999802,0.070000000000000007,https://taxfoundation.org/data/all/state/state-income-tax-rates-2026/,https://taxfoundation.org/data/all/state/sales-tax-rates/
18163,2026,0.02920499999999999802,0.070000000000000007,https://taxfoundation.org/data/all/state/state-income-tax-rates-2026/,https://taxfoundation.org/data/all/state/sales-tax-rates/
18165,2026,0.02920499999999999802,0.070000000000000007,https://taxfoundation.org/data/all/state/state-income-tax-rates-2026/,https://taxfoundation.org/data/all/state/sales-tax-rates/
18167,2026,0.02920499999999999802,0.070000000000000007,https://taxfoundation.org/data/all/state/state-income-tax-rates-2026/,https://taxfoundation.org/data/all/state/sales-tax-rates/
18169,2026,0.02920499999999999802,0.070000000000000007,https://taxfoundation.org/data/all/state/state-income-tax-rates-2026/,https://taxfoundation.org/data/all/state/sales-tax-rates/
18171,2026,0.02920499999999999802,0.070000000000000007,https://taxfoundation.org/data/all/state/state-income-tax-rates-2026/,https://taxfoundation.org/data/all/state/sales-tax-rates/
18173,2026,0.02920499999999999802,0.070000000000000007,https://taxfoundation.org/data/all/state/state-income-tax-rates-2026/,https://taxfoundation.org/data/all/state/sales-tax-rates/
18175,2026,0.02920499999999999802,0.070000000000000007,https://taxfoundation.org/data/all/state/state-income-tax-rates-2026/,https://taxfoundation.org/data/all/state/sales-tax-rates/
18177,2026,0.02920499999999999802,0.070000000000000007,https://taxfoundation.org/data/all/state/state-income-tax-rates-2026/,https://taxfoundation.org/data/all/state/sales-tax-rates/
18179,2026,0.02920499999999999802,0.070000000000000007,https://taxfoundation.org/data/all/state/state-income-tax-rates-2026/,https://taxfoundation.org/data/all/state/sales-tax-rates/
18181,2026,0.02920499999999999802,0.070000000000000007,https://taxfoundation.org/data/all/state/state-income-tax-rates-2026/,https://taxfoundation.org/data/all/state/sales-tax-rates/
18183,2026,0.02920499999999999802,0.070000000000000007,https://taxfoundation.org/data/all/state/state-income-tax-rates-2026/,https://taxfoundation.org/data/all/state/sales-tax-rates/
19001,2026,0.031481999999999999161,0.06942690614297814,https://taxfoundation.org/data/all/state/state-income-tax-rates-2026/,https://taxfoundation.org/data/all/state/sales-tax-rates/
19003,2026,0.031481999999999999161,0.06942690614297814,https://taxfoundation.org/data/all/state/state-income-tax-rates-2026/,https://taxfoundation.org/data/all/state/sales-tax-rates/
19005,2026,0.031481999999999999161,0.06942690614297814,https://taxfoundation.org/data/all/state/state-income-tax-rates-2026/,https://taxfoundation.org/data/all/state/sales-tax-rates/
19007,2026,0.031481999999999999161,0.06942690614297814,https://taxfoundation.org/data/all/state/state-income-tax-rates-2026/,https://taxfoundation.org/data/all/state/sales-tax-rates/
19009,2026,0.031481999999999999161,0.06942690614297814,https://taxfoundation.org/data/all/state/state-income-tax-rates-2026/,https://taxfoundation.org/data/all/state/sales-tax-rates/
19011,2026,0.031481999999999999161,0.06942690614297814,https://taxfoundation.org/data/all/state/state-income-tax-rates-2026/,https://taxfoundation.org/data/all/state/sales-tax-rates/
19013,2026,0.031481999999999999161,0.06942690614297814,https://taxfoundation.org/data/all/state/state-income-tax-rates-2026/,https://taxfoundation.org/data/all/state/sales-tax-rates/
19015,2026,0.031481999999999999161,0.06942690614297814,https://taxfoundation.org/data/all/state/state-income-tax-rates-2026/,https://taxfoundation.org/data/all/state/sales-tax-rates/
19017,2026,0.031481999999999999161,0.06942690614297814,https://taxfoundation.org/data/all/state/state-income-tax-rates-2026/,https://taxfoundation.org/data/all/state/sales-tax-rates/
19019,2026,0.031481999999999999161,0.06942690614297814,https://taxfoundation.org/data/all/state/state-income-tax-rates-2026/,https://taxfoundation.org/data/all/state/sales-tax-rates/
19021,2026,0.031481999999999999161,0.06942690614297814,https://taxfoundation.org/data/all/state/state-income-tax-rates-2026/,https://taxfoundation.org/data/all/state/sales-tax-rates/
19023,2026,0.031481999999999999161,0.06942690614297814,https://taxfoundation.org/data/all/state/state-income-tax-rates-2026/,https://taxfoundation.org/data/all/state/sales-tax-rates/
19025,2026,0.031481999999999999161,0.06942690614297814,https://taxfoundation.org/data/all/state/state-income-tax-rates-2026/,https://taxfoundation.org/data/all/state/sales-tax-rates/
19027,2026,0.031481999999999999161,0.06942690614297814,https://taxfoundation.org/data/all/state/state-income-tax-rates-2026/,https://taxfoundation.org/data/all/state/sales-tax-rates/
19029,2026,0.031481999999999999161,0.06942690614297814,https://taxfoundation.org/data/all/state/state-income-tax-rates-2026/,https://taxfoundation.org/data/all/state/sales-tax-rates/
19031,2026,0.031481999999999999161,0.06942690614297814,https://taxfoundation.org/data/all/state/state-income-tax-rates-2026/,https://taxfoundation.org/data/all/state/sales-tax-rates/
19033,2026,0.031481999999999999161,0.06942690614297814,https://taxfoundation.org/data/all/state/state-income-tax-rates-2026/,https://taxfoundation.org/data/all/state/sales-tax-rates/
19035,2026,0.031481999999999999161,0.06942690614297814,https://taxfoundation.org/data/all/state/state-income-tax-rates-2026/,https://taxfoundation.org/data/all/state/sales-tax-rates/
19037,2026,0.031481999999999999161,0.06942690614297814,https://taxfoundation.org/data/all/state/state-income-tax-rates-2026/,https://taxfoundation.org/data/all/state/sales-tax-rates/
19039,2026,0.031481999999999999161,0.06942690614297814,https://taxfoundation.org/data/all/state/state-income-tax-rates-2026/,https://taxfoundation.org/data/all/state/sales-tax-rates/
19041,2026,0.031481999999999999161,0.06942690614297814,https://taxfoundation.org/data/all/state/state-income-tax-rates-2026/,https://taxfoundation.org/data/all/state/sales-tax-rates/
19043,2026,0.031481999999999999161,0.06942690614297814,https://taxfoundation.org/data/all/state/state-income-tax-rates-2026/,https://taxfoundation.org/data/all/state/sales-tax-rates/
19045,2026,0.031481999999999999161,0.06942690614297814,https://taxfoundation.org/data/all/state/state-income-tax-rates-2026/,https://taxfoundation.org/data/all/state/sales-tax-rates/
19047,2026,0.031481999999999999161,0.06942690614297814,https://taxfoundation.org/data/all/state/state-income-tax-rates-2026/,https://taxfoundation.org/data/all/state/sales-tax-rates/
19049,2026,0.031481999999999999161,0.06942690614297814,https://taxfoundation.org/data/all/state/state-income-tax-rates-2026/,https://taxfoundation.org/data/all/state/sales-tax-rates/
19051,2026,0.031481999999999999161,0.06942690614297814,https://taxfoundation.org/data/all/state/state-income-tax-rates-2026/,https://taxfoundation.org/data/all/state/sales-tax-rates/
19053,2026,0.031481999999999999161,0.06942690614297814,https://taxfoundation.org/data/all/state/state-income-tax-rates-2026/,https://taxfoundation.org/data/all/state/sales-tax-rates/
19055,2026,0.031481999999999999161,0.06942690614297814,https://taxfoundation.org/data/all/state/state-income-tax-rates-2026/,https://taxfoundation.org/data/all/state/sales-tax-rates/
19057,2026,0.031481999999999999161,0.06942690614297814,https://taxfoundation.org/data/all/state/state-income-tax-rates-2026/,https://taxfoundation.org/data/all/state/sales-tax-rates/
19059,2026,0.031481999999999999161,0.06942690614297814,https://taxfoundation.org/data/all/state/state-income-tax-rates-2026/,https://taxfoundation.org/data/all/state/sales-tax-rates/
19061,2026,0.031481999999999999161,0.06942690614297814,https://taxfoundation.org/data/all/state/state-income-tax-rates-2026/,https://taxfoundation.org/data/all/state/sales-tax-rates/
19063,2026,0.031481999999999999161,0.06942690614297814,https://taxfoundation.org/data/all/state/state-income-tax-rates-2026/,https://taxfoundation.org/data/all/state/sales-tax-rates/
19065,2026,0.031481999999999999161,0.06942690614297814,https://taxfoundation.org/data/all/state/state-income-tax-rates-2026/,https://taxfoundation.org/data/all/state/sales-tax-rates/
19067,2026,0.031481999999999999161,0.06942690614297814,https://taxfoundation.org/data/all/state/state-income-tax-rates-2026/,https://taxfoundation.org/data/all/state/sales-tax-rates/
19069,2026,0.031481999999999999161,0.06942690614297814,https://taxfoundation.org/data/all/state/state-income-tax-rates-2026/,https://taxfoundation.org/data/all/state/sales-tax-rates/
19071,2026,0.031481999999999999161,0.06942690614297814,https://taxfoundation.org/data/all/state/state-income-tax-rates-2026/,https://taxfoundation.org/data/all/state/sales-tax-rates/
19073,2026,0.031481999999999999161,0.06942690614297814,https://taxfoundation.org/data/all/state/state-income-tax-rates-2026/,https://taxfoundation.org/data/all/state/sales-tax-rates/
19075,2026,0.031481999999999999161,0.06942690614297814,https://taxfoundation.org/data/all/state/state-income-tax-rates-2026/,https://taxfoundation.org/data/all/state/sales-tax-rates/
19077,2026,0.031481999999999999161,0.06942690614297814,https://taxfoundation.org/data/all/state/state-income-tax-rates-2026/,https://taxfoundation.org/data/all/state/sales-tax-rates/
19079,2026,0.031481999999999999161,0.06942690614297814,https://taxfoundation.org/data/all/state/state-income-tax-rates-2026/,https://taxfoundation.org/data/all/state/sales-tax-rates/
19081,2026,0.031481999999999999161,0.06942690614297814,https://taxfoundation.org/data/all/state/state-income-tax-rates-2026/,https://taxfoundation.org/data/all/state/sales-tax-rates/
19083,2026,0.031481999999999999161,0.06942690614297814,https://taxfoundation.org/data/all/state/state-income-tax-rates-2026/,https://taxfoundation.org/data/all/state/sales-tax-rates/
19085,2026,0.031481999999999999161,0.06942690614297814,https://taxfoundation.org/data/all/state/state-income-tax-rates-2026/,https://taxfoundation.org/data/all/state/sales-tax-rates/
19087,2026,0.031481999999999999161,0.06942690614297814,https://taxfoundation.org/data/all/state/state-income-tax-rates-2026/,https://taxfoundation.org/data/all/state/sales-tax-rates/
19089,2026,0.031481999999999999161,0.06942690614297814,https://taxfoundation.org/data/all/state/state-income-tax-rates-2026/,https://taxfoundation.org/data/all/state/sales-tax-rates/
19091,2026,0.031481999999999999161,0.06942690614297814,https://taxfoundation.org/data/all/state/state-income-tax-rates-2026/,https://taxfoundation.org/data/all/state/sales-tax-rates/
19093,2026,0.031481999999999999161,0.06942690614297814,https://taxfoundation.org/data/all/state/state-income-tax-rates-2026/,https://taxfoundation.org/data/all/state/sales-tax-rates/
19095,2026,0.031481999999999999161,0.06942690614297814,https://taxfoundation.org/data/all/state/state-income-tax-rates-2026/,https://taxfoundation.org/data/all/state/sales-tax-rates/
19097,2026,0.031481999999999999161,0.06942690614297814,https://taxfoundation.org/data/all/state/state-income-tax-rates-2026/,https://taxfoundation.org/data/all/state/sales-tax-rates/
19099,2026,0.031481999999999999161,0.06942690614297814,https://taxfoundation.org/data/all/state/state-income-tax-rates-2026/,https://taxfoundation.org/data/all/state/sales-tax-rates/
19101,2026,0.031481999999999999161,0.06942690614297814,https://taxfoundation.org/data/all/state/state-income-tax-rates-2026/,https://taxfoundation.org/data/all/state/sales-tax-rates/
19103,2026,0.031481999999999999161,0.06942690614297814,https://taxfoundation.org/data/all/state/state-income-tax-rates-2026/,https://taxfoundation.org/data/all/state/sales-tax-rates/
19105,2026,0.031481999999999999161,0.06942690614297814,https://taxfoundation.org/data/all/state/state-income-tax-rates-2026/,https://taxfoundation.org/data/all/state/sales-tax-rates/
19107,2026,0.031481999999999999161,0.06942690614297814,https://taxfoundation.org/data/all/state/state-income-tax-rates-2026/,https://taxfoundation.org/data/all/state/sales-tax-rates/
19109,2026,0.031481999999999999161,0.06942690614297814,https://taxfoundation.org/data/all/state/state-income-tax-rates-2026/,https://taxfoundation.org/data/all/state/sales-tax-rates/
19111,2026,0.031481999999999999161,0.06942690614297814,https://taxfoundation.org/data/all/state/state-income-tax-rates-2026/,https://taxfoundation.org/data/all/state/sales-tax-rates/
19113,2026,0.031481999999999999161,0.06942690614297814,https://taxfoundation.org/data/all/state/state-income-tax-rates-2026/,https://taxfoundation.org/data/all/state/sales-tax-rates/
19115,2026,0.031481999999999999161,0.06942690614297814,https://taxfoundation.org/data/all/state/state-income-tax-rates-2026/,https://taxfoundation.org/data/all/state/sales-tax-rates/
19117,2026,0.031481999999999999161,0.06942690614297814,https://taxfoundation.org/data/all/state/state-income-tax-rates-2026/,https://taxfoundation.org/data/all/state/sales-tax-rates/
19119,2026,0.031481999999999999161,0.06942690614297814,https://taxfoundation.org/data/all/state/state-income-tax-rates-2026/,https://taxfoundation.org/data/all/state/sales-tax-rates/
19121,2026,0.031481999999999999161,0.06942690614297814,https://taxfoundation.org/data/all/state/state-income-tax-rates-2026/,https://taxfoundation.org/data/all/state/sales-tax-rates/
19123,2026,0.031481999999999999161,0.06942690614297814,https://taxfoundation.org/data/all/state/state-income-tax-rates-2026/,https://taxfoundation.org/data/all/state/sales-tax-rates/
19125,2026,0.031481999999999999161,0.06942690614297814,https://taxfoundation.org/data/all/state/state-income-tax-rates-2026/,https://taxfoundation.org/data/all/state/sales-tax-rates/
19127,2026,0.031481999999999999161,0.06942690614297814,https://taxfoundation.org/data/all/state/state-income-tax-rates-2026/,https://taxfoundation.org/data/all/state/sales-tax-rates/
19129,2026,0.031481999999999999161,0.06942690614297814,https://taxfoundation.org/data/all/state/state-income-tax-rates-2026/,https://taxfoundation.org/data/all/state/sales-tax-rates/
19131,2026,0.031481999999999999161,0.06942690614297814,https://taxfoundation.org/data/all/state/state-income-tax-rates-2026/,https://taxfoundation.org/data/all/state/sales-tax-rates/
19133,2026,0.031481999999999999161,0.06942690614297814,https://taxfoundation.org/data/all/state/state-income-tax-rates-2026/,https://taxfoundation.org/data/all/state/sales-tax-rates/
19135,2026,0.031481999999999999161,0.06942690614297814,https://taxfoundation.org/data/all/state/state-income-tax-rates-2026/,https://taxfoundation.org/data/all/state/sales-tax-rates/
19137,2026,0.031481999999999999161,0.06942690614297814,https://taxfoundation.org/data/all/state/state-income-tax-rates-2026/,https://taxfoundation.org/data/all/state/sales-tax-rates/
19139,2026,0.031481999999999999161,0.06942690614297814,https://taxfoundation.org/data/all/state/state-income-tax-rates-2026/,https://taxfoundation.org/data/all/state/sales-tax-rates/
19141,2026,0.031481999999999999161,0.06942690614297814,https://taxfoundation.org/data/all/state/state-income-tax-rates-2026/,https://taxfoundation.org/data/all/state/sales-tax-rates/
19143,2026,0.031481999999999999161,0.06942690614297814,https://taxfoundation.org/data/all/state/state-income-tax-rates-2026/,https://taxfoundation.org/data/all/state/sales-tax-rates/
19145,2026,0.031481999999999999161,0.06942690614297814,https://taxfoundation.org/data/all/state/state-income-tax-rates-2026/,https://taxfoundation.org/data/all/state/sales-tax-rates/
19147,2026,0.031481999999999999161,0.06942690614297814,https://taxfoundation.org/data/all/state/state-income-tax-rates-2026/,https://taxfoundation.org/data/all/state/sales-tax-rates/
19149,2026,0.031481999999999999161,0.06942690614297814,https://taxfoundation.org/data/all/state/state-income-tax-rates-2026/,https://taxfoundation.org/data/all/state/sales-tax-rates/
19151,2026,0.031481999999999999161,0.06942690614297814,https://taxfoundation.org/data/all/state/state-income-tax-rates-2026/,https://taxfoundation.org/data/all/state/sales-tax-rates/
19153,2026,0.031481999999999999161,0.06942690614297814,https://taxfoundation.org/data/all/state/state-income-tax-rates-2026/,https://taxfoundation.org/data/all/state/sales-tax-rates/
19155,2026,0.031481999999999999161,0.06942690614297814,https://taxfoundation.org/data/all/state/state-income-tax-rates-2026/,https://taxfoundation.org/data/all/state/sales-tax-rates/
19157,2026,0.031481999999999999161,0.06942690614297814,https://taxfoundation.org/data/all/state/state-income-tax-rates-2026/,https://taxfoundation.org/data/all/state/sales-tax-rates/
19159,2026,0.031481999999999999161,0.06942690614297814,https://taxfoundation.org/data/all/state/state-income-tax-rates-2026/,https://taxfoundation.org/data/all/state/sales-tax-rates/
19161,2026,0.031481999999999999161,0.06942690614297814,https://taxfoundation.org/data/all/state/state-income-tax-rates-2026/,https://taxfoundation.org/data/all/state/sales-tax-rates/
19163,2026,0.031481999999999999161,0.06942690614297814,https://taxfoundation.org/data/all/state/state-income-tax-rates-2026/,https://taxfoundation.org/data/all/state/sales-tax-rates/
19165,2026,0.031481999999999999161,0.06942690614297814,https://taxfoundation.org/data/all/state/state-income-tax-rates-2026/,https://taxfoundation.org/data/all/state/sales-tax-rates/
19167,2026,0.031481999999999999161,0.06942690614297814,https://taxfoundation.org/data/all/state/state-income-tax-rates-2026/,https://taxfoundation.org/data/all/state/sales-tax-rates/
19169,2026,0.031481999999999999161,0.06942690614297814,https://taxfoundation.org/data/all/state/state-income-tax-rates-2026/,https://taxfoundation.org/data/all/state/sales-tax-rates/
19171,2026,0.031481999999999999161,0.06942690614297814,https://taxfoundation.org/data/all/state/state-income-tax-rates-2026/,https://taxfoundation.org/data/all/state/sales-tax-rates/
19173,2026,0.031481999999999999161,0.06942690614297814,https://taxfoundation.org/data/all/state/state-income-tax-rates-2026/,https://taxfoundation.org/data/all/state/sales-tax-rates/
19175,2026,0.031481999999999999161,0.06942690614297814,https://taxfoundation.org/data/all/state/state-income-tax-rates-2026/,https://taxfoundation.org/data/all/state/sales-tax-rates/
19177,2026,0.031481999999999999161,0.06942690614297814,https://taxfoundation.org/data/all/state/state-income-tax-rates-2026/,https://taxfoundation.org/data/all/state/sales-tax-rates/
19179,2026,0.031481999999999999161,0.06942690614297814,https://taxfoundation.org/data/all/state/state-income-tax-rates-2026/,https://taxfoundation.org/data/all/state/sales-tax-rates/
19181,2026,0.031481999999999999161,0.06942690614297814,https://taxfoundation.org/data/all/state/state-income-tax-rates-2026/,https://taxfoundation.org/data/all/state/sales-tax-rates/
19183,2026,0.031481999999999999161,0.06942690614297814,https://taxfoundation.org/data/all/state/state-income-tax-rates-2026/,https://taxfoundation.org/data/all/state/sales-tax-rates/
19185,2026,0.031481999999999999161,0.06942690614297814,https://taxfoundation.org/data/all/state/state-income-tax-rates-2026/,https://taxfoundation.org/data/all/state/sales-tax-rates/
19187,2026,0.031481999999999999161,0.06942690614297814,https://taxfoundation.org/data/all/state/state-income-tax-rates-2026/,https://taxfoundation.org/data/all/state/sales-tax-rates/
19189,2026,0.031481999999999999161,0.06942690614297814,https://taxfoundation.org/data/all/state/state-income-tax-rates-2026/,https://taxfoundation.org/data/all/state/sales-tax-rates/
19191,2026,0.031481999999999999161,0.06942690614297814,https://taxfoundation.org/data/all/state/state-income-tax-rates-2026/,https://taxfoundation.org/data/all/state/sales-tax-rates/
19193,2026,0.031481999999999999161,0.06942690614297814,https://taxfoundation.org/data/all/state/state-income-tax-rates-2026/,https://taxfoundation.org/data/all/state/sales-tax-rates/
19195,2026,0.031481999999999999161,0.06942690614297814,https://taxfoundation.org/data/all/state/state-income-tax-rates-2026/,https://taxfoundation.org/data/all/state/sales-tax-rates/
19197,2026,0.031481999999999999161,0.06942690614297814,https://taxfoundation.org/data/all/state/state-income-tax-rates-2026/,https://taxfoundation.org/data/all/state/sales-tax-rates/
20001,2026,0.0478031300000000008247,0.086896829584406254,https://taxfoundation.org/data/all/state/state-income-tax-rates-2026/,https://taxfoundation.org/data/all/state/sales-tax-rates/
20003,2026,0.0478031300000000008247,0.086896829584406254,https://taxfoundation.org/data/all/state/state-income-tax-rates-2026/,https://taxfoundation.org/data/all/state/sales-tax-rates/
20005,2026,0.0478031300000000008247,0.086896829584406254,https://taxfoundation.org/data/all/state/state-income-tax-rates-2026/,https://taxfoundation.org/data/all/state/sales-tax-rates/
20007,2026,0.0478031300000000008247,0.086896829584406254,https://taxfoundation.org/data/all/state/state-income-tax-rates-2026/,https://taxfoundation.org/data/all/state/sales-tax-rates/
20009,2026,0.0478031300000000008247,0.086896829584406254,https://taxfoundation.org/data/all/state/state-income-tax-rates-2026/,https://taxfoundation.org/data/all/state/sales-tax-rates/
20011,2026,0.0478031300000000008247,0.086896829584406254,https://taxfoundation.org/data/all/state/state-income-tax-rates-2026/,https://taxfoundation.org/data/all/state/sales-tax-rates/
20013,2026,0.0478031300000000008247,0.086896829584406254,https://taxfoundation.org/data/all/state/state-income-tax-rates-2026/,https://taxfoundation.org/data/all/state/sales-tax-rates/
20015,2026,0.0478031300000000008247,0.086896829584406254,https://taxfoundation.org/data/all/state/state-income-tax-rates-2026/,https://taxfoundation.org/data/all/state/sales-tax-rates/
20017,2026,0.0478031300000000008247,0.086896829584406254,https://taxfoundation.org/data/all/state/state-income-tax-rates-2026/,https://taxfoundation.org/data/all/state/sales-tax-rates/
20019,2026,0.0478031300000000008247,0.086896829584406254,https://taxfoundation.org/data/all/state/state-income-tax-rates-2026/,https://taxfoundation.org/data/all/state/sales-tax-rates/
20021,2026,0.0478031300000000008247,0.086896829584406254,https://taxfoundation.org/data/all/state/state-income-tax-rates-2026/,https://taxfoundation.org/data/all/state/sales-tax-rates/
20023,2026,0.0478031300000000008247,0.086896829584406254,https://taxfoundation.org/data/all/state/state-income-tax-rates-2026/,https://taxfoundation.org/data/all/state/sales-tax-rates/
20025,2026,0.0478031300000000008247,0.086896829584406254,https://taxfoundation.org/data/all/state/state-income-tax-rates-2026/,https://taxfoundation.org/data/all/state/sales-tax-rates/
20027,2026,0.0478031300000000008247,0.086896829584406254,https://taxfoundation.org/data/all/state/state-income-tax-rates-2026/,https://taxfoundation.org/data/all/state/sales-tax-rates/
20029,2026,0.0478031300000000008247,0.086896829584406254,https://taxfoundation.org/data/all/state/state-income-tax-rates-2026/,https://taxfoundation.org/data/all/state/sales-tax-rates/
20031,2026,0.0478031300000000008247,0.086896829584406254,https://taxfoundation.org/data/all/state/state-income-tax-rates-2026/,https://taxfoundation.org/data/all/state/sales-tax-rates/
20033,2026,0.0478031300000000008247,0.086896829584406254,https://taxfoundation.org/data/all/state/state-income-tax-rates-2026/,https://taxfoundation.org/data/all/state/sales-tax-rates/
20035,2026,0.0478031300000000008247,0.086896829584406254,https://taxfoundation.org/data/all/state/state-income-tax-rates-2026/,https://taxfoundation.org/data/all/state/sales-tax-rates/
20037,2026,0.0478031300000000008247,0.086896829584406254,https://taxfoundation.org/data/all/state/state-income-tax-rates-2026/,https://taxfoundation.org/data/all/state/sales-tax-rates/
20039,2026,0.0478031300000000008247,0.086896829584406254,https://taxfoundation.org/data/all/state/state-income-tax-rates-2026/,https://taxfoundation.org/data/all/state/sales-tax-rates/
20041,2026,0.0478031300000000008247,0.086896829584406254,https://taxfoundation.org/data/all/state/state-income-tax-rates-2026/,https://taxfoundation.org/data/all/state/sales-tax-rates/
20043,2026,0.0478031300000000008247,0.086896829584406254,https://taxfoundation.org/data/all/state/state-income-tax-rates-2026/,https://taxfoundation.org/data/all/state/sales-tax-rates/
20045,2026,0.0478031300000000008247,0.086896829584406254,https://taxfoundation.org/data/all/state/state-income-tax-rates-2026/,https://taxfoundation.org/data/all/state/sales-tax-rates/
20047,2026,0.0478031300000000008247,0.086896829584406254,https://taxfoundation.org/data/all/state/state-income-tax-rates-2026/,https://taxfoundation.org/data/all/state/sales-tax-rates/
20049,2026,0.0478031300000000008247,0.086896829584406254,https://taxfoundation.org/data/all/state/state-income-tax-rates-2026/,https://taxfoundation.org/data/all/state/sales-tax-rates/
20051,2026,0.0478031300000000008247,0.086896829584406254,https://taxfoundation.org/data/all/state/state-income-tax-rates-2026/,https://taxfoundation.org/data/all/state/sales-tax-rates/
20053,2026,0.0478031300000000008247,0.086896829584406254,https://taxfoundation.org/data/all/state/state-income-tax-rates-2026/,https://taxfoundation.org/data/all/state/sales-tax-rates/
20055,2026,0.0478031300000000008247,0.086896829584406254,https://taxfoundation.org/data/all/state/state-income-tax-rates-2026/,https://taxfoundation.org/data/all/state/sales-tax-rates/
20057,2026,0.0478031300000000008247,0.086896829584406254,https://taxfoundation.org/data/all/state/state-income-tax-rates-2026/,https://taxfoundation.org/data/all/state/sales-tax-rates/
20059,2026,0.0478031300000000008247,0.086896829584406254,https://taxfoundation.org/data/all/state/state-income-tax-rates-2026/,https://taxfoundation.org/data/all/state/sales-tax-rates/
20061,2026,0.0478031300000000008247,0.086896829584406254,https://taxfoundation.org/data/all/state/state-income-tax-rates-2026/,https://taxfoundation.org/data/all/state/sales-tax-rates/
20063,2026,0.0478031300000000008247,0.086896829584406254,https://taxfoundation.org/data/all/state/state-income-tax-rates-2026/,https://taxfoundation.org/data/all/state/sales-tax-rates/
20065,2026,0.0478031300000000008247,0.086896829584406254,https://taxfoundation.org/data/all/state/state-income-tax-rates-2026/,https://taxfoundation.org/data/all/state/sales-tax-rates/
20067,2026,0.0478031300000000008247,0.086896829584406254,https://taxfoundation.org/data/all/state/state-income-tax-rates-2026/,https://taxfoundation.org/data/all/state/sales-tax-rates/
20069,2026,0.0478031300000000008247,0.086896829584406254,https://taxfoundation.org/data/all/state/state-income-tax-rates-2026/,https://taxfoundation.org/data/all/state/sales-tax-rates/
20071,2026,0.0478031300000000008247,0.086896829584406254,https://taxfoundation.org/data/all/state/state-income-tax-rates-2026/,https://taxfoundation.org/data/all/state/sales-tax-rates/
20073,2026,0.0478031300000000008247,0.086896829584406254,https://taxfoundation.org/data/all/state/state-income-tax-rates-2026/,https://taxfoundation.org/data/all/state/sales-tax-rates/
20075,2026,0.0478031300000000008247,0.086896829584406254,https://taxfoundation.org/data/all/state/state-income-tax-rates-2026/,https://taxfoundation.org/data/all/state/sales-tax-rates/
20077,2026,0.0478031300000000008247,0.086896829584406254,https://taxfoundation.org/data/all/state/state-income-tax-rates-2026/,https://taxfoundation.org/data/all/state/sales-tax-rates/
20079,2026,0.0478031300000000008247,0.086896829584406254,https://taxfoundation.org/data/all/state/state-income-tax-rates-2026/,https://taxfoundation.org/data/all/state/sales-tax-rates/
20081,2026,0.0478031300000000008247,0.086896829584406254,https://taxfoundation.org/data/all/state/state-income-tax-rates-2026/,https://taxfoundation.org/data/all/state/sales-tax-rates/
20083,2026,0.0478031300000000008247,0.086896829584406254,https://taxfoundation.org/data/all/state/state-income-tax-rates-2026/,https://taxfoundation.org/data/all/state/sales-tax-rates/
20085,2026,0.0478031300000000008247,0.086896829584406254,https://taxfoundation.org/data/all/state/state-income-tax-rates-2026/,https://taxfoundation.org/data/all/state/sales-tax-rates/
20087,2026,0.0478031300000000008247,0.086896829584406254,https://taxfoundation.org/data/all/state/state-income-tax-rates-2026/,https://taxfoundation.org/data/all/state/sales-tax-rates/
20089,2026,0.0478031300000000008247,0.086896829584406254,https://taxfoundation.org/data/all/state/state-income-tax-rates-2026/,https://taxfoundation.org/data/all/state/sales-tax-rates/
20091,2026,0.0478031300000000008247,0.086896829584406254,https://taxfoundation.org/data/all/state/state-income-tax-rates-2026/,https://taxfoundation.org/data/all/state/sales-tax-rates/
20093,2026,0.0478031300000000008247,0.086896829584406254,https://taxfoundation.org/data/all/state/state-income-tax-rates-2026/,https://taxfoundation.org/data/all/state/sales-tax-rates/
20095,2026,0.0478031300000000008247,0.086896829584406254,https://taxfoundation.org/data/all/state/state-income-tax-rates-2026/,https://taxfoundation.org/data/all/state/sales-tax-rates/
20097,2026,0.0478031300000000008247,0.086896829584406254,https://taxfoundation.org/data/all/state/state-income-tax-rates-2026/,https://taxfoundation.org/data/all/state/sales-tax-rates/
20099,2026,0.0478031300000000008247,0.086896829584406254,https://taxfoundation.org/data/all/state/state-income-tax-rates-2026/,https://taxfoundation.org/data/all/state/sales-tax-rates/
20101,2026,0.0478031300000000008247,0.086896829584406254,https://taxfoundation.org/data/all/state/state-income-tax-rates-2026/,https://taxfoundation.org/data/all/state/sales-tax-rates/
20103,2026,0.0478031300000000008247,0.086896829584406254,https://taxfoundation.org/data/all/state/state-income-tax-rates-2026/,https://taxfoundation.org/data/all/state/sales-tax-rates/
20105,2026,0.0478031300000000008247,0.086896829584406254,https://taxfoundation.org/data/all/state/state-income-tax-rates-2026/,https://taxfoundation.org/data/all/state/sales-tax-rates/
20107,2026,0.0478031300000000008247,0.086896829584406254,https://taxfoundation.org/data/all/state/state-income-tax-rates-2026/,https://taxfoundation.org/data/all/state/sales-tax-rates/
20109,2026,0.0478031300000000008247,0.086896829584406254,https://taxfoundation.org/data/all/state/state-income-tax-rates-2026/,https://taxfoundation.org/data/all/state/sales-tax-rates/
20111,2026,0.0478031300000000008247,0.086896829584406254,https://taxfoundation.org/data/all/state/state-income-tax-rates-2026/,https://taxfoundation.org/data/all/state/sales-tax-rates/
20113,2026,0.0478031300000000008247,0.086896829584406254,https://taxfoundation.org/data/all/state/state-income-tax-rates-2026/,https://taxfoundation.org/data/all/state/sales-tax-rates/
20115,2026,0.0478031300000000008247,0.086896829584406254,https://taxfoundation.org/data/all/state/state-income-tax-rates-2026/,https://taxfoundation.org/data/all/state/sales-tax-rates/
20117,2026,0.0478031300000000008247,0.086896829584406254,https://taxfoundation.org/data/all/state/state-income-tax-rates-2026/,https://taxfoundation.org/data/all/state/sales-tax-rates/
20119,2026,0.0478031300000000008247,0.086896829584406254,https://taxfoundation.org/data/all/state/state-income-tax-rates-2026/,https://taxfoundation.org/data/all/state/sales-tax-rates/
20121,2026,0.0478031300000000008247,0.086896829584406254,https://taxfoundation.org/data/all/state/state-income-tax-rates-2026/,https://taxfoundation.org/data/all/state/sales-tax-rates/
20123,2026,0.0478031300000000008247,0.086896829584406254,https://taxfoundation.org/data/all/state/state-income-tax-rates-2026/,https://taxfoundation.org/data/all/state/sales-tax-rates/
20125,2026,0.0478031300000000008247,0.086896829584406254,https://taxfoundation.org/data/all/state/state-income-tax-rates-2026/,https://taxfoundation.org/data/all/state/sales-tax-rates/
20127,2026,0.0478031300000000008247,0.086896829584406254,https://taxfoundation.org/data/all/state/state-income-tax-rates-2026/,https://taxfoundation.org/data/all/state/sales-tax-rates/
20129,2026,0.0478031300000000008247,0.086896829584406254,https://taxfoundation.org/data/all/state/state-income-tax-rates-2026/,https://taxfoundation.org/data/all/state/sales-tax-rates/
20131,2026,0.0478031300000000008247,0.086896829584406254,https://taxfoundation.org/data/all/state/state-income-tax-rates-2026/,https://taxfoundation.org/data/all/state/sales-tax-rates/
20133,2026,0.0478031300000000008247,0.086896829584406254,https://taxfoundation.org/data/all/state/state-income-tax-rates-2026/,https://taxfoundation.org/data/all/state/sales-tax-rates/
20135,2026,0.0478031300000000008247,0.086896829584406254,https://taxfoundation.org/data/all/state/state-income-tax-rates-2026/,https://taxfoundation.org/data/all/state/sales-tax-rates/
20137,2026,0.0478031300000000008247,0.086896829584406254,https://taxfoundation.org/data/all/state/state-income-tax-rates-2026/,https://taxfoundation.org/data/all/state/sales-tax-rates/
20139,2026,0.0478031300000000008247,0.086896829584406254,https://taxfoundation.org/data/all/state/state-income-tax-rates-2026/,https://taxfoundation.org/data/all/state/sales-tax-rates/
20141,2026,0.0478031300000000008247,0.086896829584406254,https://taxfoundation.org/data/all/state/state-income-tax-rates-2026/,https://taxfoundation.org/data/all/state/sales-tax-rates/
20143,2026,0.0478031300000000008247,0.086896829584406254,https://taxfoundation.org/data/all/state/state-income-tax-rates-2026/,https://taxfoundation.org/data/all/state/sales-tax-rates/
20145,2026,0.0478031300000000008247,0.086896829584406254,https://taxfoundation.org/data/all/state/state-income-tax-rates-2026/,https://taxfoundation.org/data/all/state/sales-tax-rates/
20147,2026,0.0478031300000000008247,0.086896829584406254,https://taxfoundation.org/data/all/state/state-income-tax-rates-2026/,https://taxfoundation.org/data/all/state/sales-tax-rates/
20149,2026,0.0478031300000000008247,0.086896829584406254,https://taxfoundation.org/data/all/state/state-income-tax-rates-2026/,https://taxfoundation.org/data/all/state/sales-tax-rates/
20151,2026,0.0478031300000000008247,0.086896829584406254,https://taxfoundation.org/data/all/state/state-income-tax-rates-2026/,https://taxfoundation.org/data/all/state/sales-tax-rates/
20153,2026,0.0478031300000000008247,0.086896829584406254,https://taxfoundation.org/data/all/state/state-income-tax-rates-2026/,https://taxfoundation.org/data/all/state/sales-tax-rates/
20155,2026,0.0478031300000000008247,0.086896829584406254,https://taxfoundation.org/data/all/state/state-income-tax-rates-2026/,https://taxfoundation.org/data/all/state/sales-tax-rates/
20157,2026,0.0478031300000000008247,0.086896829584406254,https://taxfoundation.org/data/all/state/state-income-tax-rates-2026/,https://taxfoundation.org/data/all/state/sales-tax-rates/
20159,2026,0.0478031300000000008247,0.086896829584406254,https://taxfoundation.org/data/all/state/state-income-tax-rates-2026/,https://taxfoundation.org/data/all/state/sales-tax-rates/
20161,2026,0.0478031300000000008247,0.086896829584406254,https://taxfoundation.org/data/all/state/state-income-tax-rates-2026/,https://taxfoundation.org/data/all/state/sales-tax-rates/
20163,2026,0.0478031300000000008247,0.086896829584406254,https://taxfoundation.org/data/all/state/state-income-tax-rates-2026/,https://taxfoundation.org/data/all/state/sales-tax-rates/
20165,2026,0.0478031300000000008247,0.086896829584406254,https://taxfoundation.org/data/all/state/state-income-tax-rates-2026/,https://taxfoundation.org/data/all/state/sales-tax-rates/
20167,2026,0.0478031300000000008247,0.086896829584406254,https://taxfoundation.org/data/all/state/state-income-tax-rates-2026/,https://taxfoundation.org/data/all/state/sales-tax-rates/
20169,2026,0.0478031300000000008247,0.086896829584406254,https://taxfoundation.org/data/all/state/state-income-tax-rates-2026/,https://taxfoundation.org/data/all/state/sales-tax-rates/
20171,2026,0.0478031300000000008247,0.086896829584406254,https://taxfoundation.org/data/all/state/state-income-tax-rates-2026/,https://taxfoundation.org/data/all/state/sales-tax-rates/
20173,2026,0.0478031300000000008247,0.086896829584406254,https://taxfoundation.org/data/all/state/state-income-tax-rates-2026/,https://taxfoundation.org/data/all/state/sales-tax-rates/
20175,2026,0.0478031300000000008247,0.086896829584406254,https://taxfoundation.org/data/all/state/state-income-tax-rates-2026/,https://taxfoundation.org/data/all/state/sales-tax-rates/
20177,2026,0.0478031300000000008247,0.086896829584406254,https://taxfoundation.org/data/all/state/state-income-tax-rates-2026/,https://taxfoundation.org/data/all/state/sales-tax-rates/
20179,2026,0.0478031300000000008247,0.086896829584406254,https://taxfoundation.org/data/all/state/state-income-tax-rates-2026/,https://taxfoundation.org/data/all/state/sales-tax-rates/
20181,2026,0.0478031300000000008247,0.086896829584406254,https://taxfoundation.org/data/all/state/state-income-tax-rates-2026/,https://taxfoundation.org/data/all/state/sales-tax-rates/
20183,2026,0.0478031300000000008247,0.086896829584406254,https://taxfoundation.org/data/all/state/state-income-tax-rates-2026/,https://taxfoundation.org/data/all/state/sales-tax-rates/
20185,2026,0.0478031300000000008247,0.086896829584406254,https://taxfoundation.org/data/all/state/state-income-tax-rates-2026/,https://taxfoundation.org/data/all/state/sales-tax-rates/
20187,2026,0.0478031300000000008247,0.086896829584406254,https://taxfoundation.org/data/all/state/state-income-tax-rates-2026/,https://taxfoundation.org/data/all/state/sales-tax-rates/
20189,2026,0.0478031300000000008247,0.086896829584406254,https://taxfoundation.org/data/all/state/state-income-tax-rates-2026/,https://taxfoundation.org/data/all/state/sales-tax-rates/
20191,2026,0.0478031300000000008247,0.086896829584406254,https://taxfoundation.org/data/all/state/state-income-tax-rates-2026/,https://taxfoundation.org/data/all/state/sales-tax-rates/
20193,2026,0.0478031300000000008247,0.086896829584406254,https://taxfoundation.org/data/all/state/state-income-tax-rates-2026/,https://taxfoundation.org/data/all/state/sales-tax-rates/
20195,2026,0.0478031300000000008247,0.086896829584406254,https://taxfoundation.org/data/all/state/state-income-tax-rates-2026/,https://taxfoundation.org/data/all/state/sales-tax-rates/
20197,2026,0.0478031300000000008247,0.086896829584406254,https://taxfoundation.org/data/all/state/state-income-tax-rates-2026/,https://taxfoundation.org/data/all/state/sales-tax-rates/
20199,2026,0.0478031300000000008247,0.086896829584406254,https://taxfoundation.org/data/all/state/state-income-tax-rates-2026/,https://taxfoundation.org/data/all/state/sales-tax-rates/
20201,2026,0.0478031300000000008247,0.086896829584406254,https://taxfoundation.org/data/all/state/state-income-tax-rates-2026/,https://taxfoundation.org/data/all/state/sales-tax-rates/
20203,2026,0.0478031300000000008247,0.086896829584406254,https://taxfoundation.org/data/all/state/state-income-tax-rates-2026/,https://taxfoundation.org/data/all/state/sales-tax-rates/
20205,2026,0.0478031300000000008247,0.086896829584406254,https://taxfoundation.org/data/all/state/state-income-tax-rates-2026/,https://taxfoundation.org/data/all/state/sales-tax-rates/
20207,2026,0.0478031300000000008247,0.086896829584406254,https://taxfoundation.org/data/all/state/state-income-tax-rates-2026/,https://taxfoundation.org/data/all/state/sales-tax-rates/
20209,2026,0.0478031300000000008247,0.086896829584406254,https://taxfoundation.org/data/all/state/state-income-tax-rates-2026/,https://taxfoundation.org/data/all/state/sales-tax-rates/
21001,2026,0.0338240000000000028992,0.06,https://taxfoundation.org/data/all/state/state-income-tax-rates-2026/,https://taxfoundation.org/data/all/state/sales-tax-rates/
21003,2026,0.0338240000000000028992,0.06,https://taxfoundation.org/data/all/state/state-income-tax-rates-2026/,https://taxfoundation.org/data/all/state/sales-tax-rates/
21005,2026,0.0338240000000000028992,0.06,https://taxfoundation.org/data/all/state/state-income-tax-rates-2026/,https://taxfoundation.org/data/all/state/sales-tax-rates/
21007,2026,0.0338240000000000028992,0.06,https://taxfoundation.org/data/all/state/state-income-tax-rates-2026/,https://taxfoundation.org/data/all/state/sales-tax-rates/
21009,2026,0.0338240000000000028992,0.06,https://taxfoundation.org/data/all/state/state-income-tax-rates-2026/,https://taxfoundation.org/data/all/state/sales-tax-rates/
21011,2026,0.0338240000000000028992,0.06,https://taxfoundation.org/data/all/state/state-income-tax-rates-2026/,https://taxfoundation.org/data/all/state/sales-tax-rates/
21013,2026,0.0338240000000000028992,0.06,https://taxfoundation.org/data/all/state/state-income-tax-rates-2026/,https://taxfoundation.org/data/all/state/sales-tax-rates/
21015,2026,0.0338240000000000028992,0.06,https://taxfoundation.org/data/all/state/state-income-tax-rates-2026/,https://taxfoundation.org/data/all/state/sales-tax-rates/
21017,2026,0.0338240000000000028992,0.06,https://taxfoundation.org/data/all/state/state-income-tax-rates-2026/,https://taxfoundation.org/data/all/state/sales-tax-rates/
21019,2026,0.0338240000000000028992,0.06,https://taxfoundation.org/data/all/state/state-income-tax-rates-2026/,https://taxfoundation.org/data/all/state/sales-tax-rates/
21021,2026,0.0338240000000000028992,0.06,https://taxfoundation.org/data/all/state/state-income-tax-rates-2026/,https://taxfoundation.org/data/all/state/sales-tax-rates/
21023,2026,0.0338240000000000028992,0.06,https://taxfoundation.org/data/all/state/state-income-tax-rates-2026/,https://taxfoundation.org/data/all/state/sales-tax-rates/
21025,2026,0.0338240000000000028992,0.06,https://taxfoundation.org/data/all/state/state-income-tax-rates-2026/,https://taxfoundation.org/data/all/state/sales-tax-rates/
21027,2026,0.0338240000000000028992,0.06,https://taxfoundation.org/data/all/state/state-income-tax-rates-2026/,https://taxfoundation.org/data/all/state/sales-tax-rates/
21029,2026,0.0338240000000000028992,0.06,https://taxfoundation.org/data/all/state/state-income-tax-rates-2026/,https://taxfoundation.org/data/all/state/sales-tax-rates/
21031,2026,0.0338240000000000028992,0.06,https://taxfoundation.org/data/all/state/state-income-tax-rates-2026/,https://taxfoundation.org/data/all/state/sales-tax-rates/
21033,2026,0.0338240000000000028992,0.06,https://taxfoundation.org/data/all/state/state-income-tax-rates-2026/,https://taxfoundation.org/data/all/state/sales-tax-rates/
21035,2026,0.0338240000000000028992,0.06,https://taxfoundation.org/data/all/state/state-income-tax-rates-2026/,https://taxfoundation.org/data/all/state/sales-tax-rates/
21037,2026,0.0338240000000000028992,0.06,https://taxfoundation.org/data/all/state/state-income-tax-rates-2026/,https://taxfoundation.org/data/all/state/sales-tax-rates/
21039,2026,0.0338240000000000028992,0.06,https://taxfoundation.org/data/all/state/state-income-tax-rates-2026/,https://taxfoundation.org/data/all/state/sales-tax-rates/
21041,2026,0.0338240000000000028992,0.06,https://taxfoundation.org/data/all/state/state-income-tax-rates-2026/,https://taxfoundation.org/data/all/state/sales-tax-rates/
21043,2026,0.0338240000000000028992,0.06,https://taxfoundation.org/data/all/state/state-income-tax-rates-2026/,https://taxfoundation.org/data/all/state/sales-tax-rates/
21045,2026,0.0338240000000000028992,0.06,https://taxfoundation.org/data/all/state/state-income-tax-rates-2026/,https://taxfoundation.org/data/all/state/sales-tax-rates/
21047,2026,0.0338240000000000028992,0.06,https://taxfoundation.org/data/all/state/state-income-tax-rates-2026/,https://taxfoundation.org/data/all/state/sales-tax-rates/
21049,2026,0.0338240000000000028992,0.06,https://taxfoundation.org/data/all/state/state-income-tax-rates-2026/,https://taxfoundation.org/data/all/state/sales-tax-rates/
21051,2026,0.0338240000000000028992,0.06,https://taxfoundation.org/data/all/state/state-income-tax-rates-2026/,https://taxfoundation.org/data/all/state/sales-tax-rates/
21053,2026,0.0338240000000000028992,0.06,https://taxfoundation.org/data/all/state/state-income-tax-rates-2026/,https://taxfoundation.org/data/all/state/sales-tax-rates/
21055,2026,0.0338240000000000028992,0.06,https://taxfoundation.org/data/all/state/state-income-tax-rates-2026/,https://taxfoundation.org/data/all/state/sales-tax-rates/
21057,2026,0.0338240000000000028992,0.06,https://taxfoundation.org/data/all/state/state-income-tax-rates-2026/,https://taxfoundation.org/data/all/state/sales-tax-rates/
21059,2026,0.0338240000000000028992,0.06,https://taxfoundation.org/data/all/state/state-income-tax-rates-2026/,https://taxfoundation.org/data/all/state/sales-tax-rates/
21061,2026,0.0338240000000000028992,0.06,https://taxfoundation.org/data/all/state/state-income-tax-rates-2026/,https://taxfoundation.org/data/all/state/sales-tax-rates/
21063,2026,0.0338240000000000028992,0.06,https://taxfoundation.org/data/all/state/state-income-tax-rates-2026/,https://taxfoundation.org/data/all/state/sales-tax-rates/
21065,2026,0.0338240000000000028992,0.06,https://taxfoundation.org/data/all/state/state-income-tax-rates-2026/,https://taxfoundation.org/data/all/state/sales-tax-rates/
21067,2026,0.0338240000000000028992,0.06,https://taxfoundation.org/data/all/state/state-income-tax-rates-2026/,https://taxfoundation.org/data/all/state/sales-tax-rates/
21069,2026,0.0338240000000000028992,0.06,https://taxfoundation.org/data/all/state/state-income-tax-rates-2026/,https://taxfoundation.org/data/all/state/sales-tax-rates/
21071,2026,0.0338240000000000028992,0.06,https://taxfoundation.org/data/all/state/state-income-tax-rates-2026/,https://taxfoundation.org/data/all/state/sales-tax-rates/
21073,2026,0.0338240000000000028992,0.06,https://taxfoundation.org/data/all/state/state-income-tax-rates-2026/,https://taxfoundation.org/data/all/state/sales-tax-rates/
21075,2026,0.0338240000000000028992,0.06,https://taxfoundation.org/data/all/state/state-income-tax-rates-2026/,https://taxfoundation.org/data/all/state/sales-tax-rates/
21077,2026,0.0338240000000000028992,0.06,https://taxfoundation.org/data/all/state/state-income-tax-rates-2026/,https://taxfoundation.org/data/all/state/sales-tax-rates/
21079,2026,0.0338240000000000028992,0.06,https://taxfoundation.org/data/all/state/state-income-tax-rates-2026/,https://taxfoundation.org/data/all/state/sales-tax-rates/
21081,2026,0.0338240000000000028992,0.06,https://taxfoundation.org/data/all/state/state-income-tax-rates-2026/,https://taxfoundation.org/data/all/state/sales-tax-rates/
21083,2026,0.0338240000000000028992,0.06,https://taxfoundation.org/data/all/state/state-income-tax-rates-2026/,https://taxfoundation.org/data/all/state/sales-tax-rates/
21085,2026,0.0338240000000000028992,0.06,https://taxfoundation.org/data/all/state/state-income-tax-rates-2026/,https://taxfoundation.org/data/all/state/sales-tax-rates/
21087,2026,0.0338240000000000028992,0.06,https://taxfoundation.org/data/all/state/state-income-tax-rates-2026/,https://taxfoundation.org/data/all/state/sales-tax-rates/
21089,2026,0.0338240000000000028992,0.06,https://taxfoundation.org/data/all/state/state-income-tax-rates-2026/,https://taxfoundation.org/data/all/state/sales-tax-rates/
21091,2026,0.0338240000000000028992,0.06,https://taxfoundation.org/data/all/state/state-income-tax-rates-2026/,https://taxfoundation.org/data/all/state/sales-tax-rates/
21093,2026,0.0338240000000000028992,0.06,https://taxfoundation.org/data/all/state/state-income-tax-rates-2026/,https://taxfoundation.org/data/all/state/sales-tax-rates/
21095,2026,0.0338240000000000028992,0.06,https://taxfoundation.org/data/all/state/state-income-tax-rates-2026/,https://taxfoundation.org/data/all/state/sales-tax-rates/
21097,2026,0.0338240000000000028992,0.06,https://taxfoundation.org/data/all/state/state-income-tax-rates-2026/,https://taxfoundation.org/data/all/state/sales-tax-rates/
21099,2026,0.0338240000000000028992,0.06,https://taxfoundation.org/data/all/state/state-income-tax-rates-2026/,https://taxfoundation.org/data/all/state/sales-tax-rates/
21101,2026,0.0338240000000000028992,0.06,https://taxfoundation.org/data/all/state/state-income-tax-rates-2026/,https://taxfoundation.org/data/all/state/sales-tax-rates/
21103,2026,0.0338240000000000028992,0.06,https://taxfoundation.org/data/all/state/state-income-tax-rates-2026/,https://taxfoundation.org/data/all/state/sales-tax-rates/
21105,2026,0.0338240000000000028992,0.06,https://taxfoundation.org/data/all/state/state-income-tax-rates-2026/,https://taxfoundation.org/data/all/state/sales-tax-rates/
21107,2026,0.0338240000000000028992,0.06,https://taxfoundation.org/data/all/state/state-income-tax-rates-2026/,https://taxfoundation.org/data/all/state/sales-tax-rates/
21109,2026,0.0338240000000000028992,0.06,https://taxfoundation.org/data/all/state/state-income-tax-rates-2026/,https://taxfoundation.org/data/all/state/sales-tax-rates/
21111,2026,0.0338240000000000028992,0.06,https://taxfoundation.org/data/all/state/state-income-tax-rates-2026/,https://taxfoundation.org/data/all/state/sales-tax-rates/
21113,2026,0.0338240000000000028992,0.06,https://taxfoundation.org/data/all/state/state-income-tax-rates-2026/,https://taxfoundation.org/data/all/state/sales-tax-rates/
21115,2026,0.0338240000000000028992,0.06,https://taxfoundation.org/data/all/state/state-income-tax-rates-2026/,https://taxfoundation.org/data/all/state/sales-tax-rates/
21117,2026,0.0338240000000000028992,0.06,https://taxfoundation.org/data/all/state/state-income-tax-rates-2026/,https://taxfoundation.org/data/all/state/sales-tax-rates/
21119,2026,0.0338240000000000028992,0.06,https://taxfoundation.org/data/all/state/state-income-tax-rates-2026/,https://taxfoundation.org/data/all/state/sales-tax-rates/
21121,2026,0.0338240000000000028992,0.06,https://taxfoundation.org/data/all/state/state-income-tax-rates-2026/,https://taxfoundation.org/data/all/state/sales-tax-rates/
21123,2026,0.0338240000000000028992,0.06,https://taxfoundation.org/data/all/state/state-income-tax-rates-2026/,https://taxfoundation.org/data/all/state/sales-tax-rates/
21125,2026,0.0338240000000000028992,0.06,https://taxfoundation.org/data/all/state/state-income-tax-rates-2026/,https://taxfoundation.org/data/all/state/sales-tax-rates/
21127,2026,0.0338240000000000028992,0.06,https://taxfoundation.org/data/all/state/state-income-tax-rates-2026/,https://taxfoundation.org/data/all/state/sales-tax-rates/
21129,2026,0.0338240000000000028992,0.06,https://taxfoundation.org/data/all/state/state-income-tax-rates-2026/,https://taxfoundation.org/data/all/state/sales-tax-rates/
21131,2026,0.0338240000000000028992,0.06,https://taxfoundation.org/data/all/state/state-income-tax-rates-2026/,https://taxfoundation.org/data/all/state/sales-tax-rates/
21133,2026,0.0338240000000000028992,0.06,https://taxfoundation.org/data/all/state/state-income-tax-rates-2026/,https://taxfoundation.org/data/all/state/sales-tax-rates/
21135,2026,0.0338240000000000028992,0.06,https://taxfoundation.org/data/all/state/state-income-tax-rates-2026/,https://taxfoundation.org/data/all/state/sales-tax-rates/
21137,2026,0.0338240000000000028992,0.06,https://taxfoundation.org/data/all/state/state-income-tax-rates-2026/,https://taxfoundation.org/data/all/state/sales-tax-rates/
21139,2026,0.0338240000000000028992,0.06,https://taxfoundation.org/data/all/state/state-income-tax-rates-2026/,https://taxfoundation.org/data/all/state/sales-tax-rates/
21141,2026,0.0338240000000000028992,0.06,https://taxfoundation.org/data/all/state/state-income-tax-rates-2026/,https://taxfoundation.org/data/all/state/sales-tax-rates/
21143,2026,0.0338240000000000028992,0.06,https://taxfoundation.org/data/all/state/state-income-tax-rates-2026/,https://taxfoundation.org/data/all/state/sales-tax-rates/
21145,2026,0.0338240000000000028992,0.06,https://taxfoundation.org/data/all/state/state-income-tax-rates-2026/,https://taxfoundation.org/data/all/state/sales-tax-rates/
21147,2026,0.0338240000000000028992,0.06,https://taxfoundation.org/data/all/state/state-income-tax-rates-2026/,https://taxfoundation.org/data/all/state/sales-tax-rates/
21149,2026,0.0338240000000000028992,0.06,https://taxfoundation.org/data/all/state/state-income-tax-rates-2026/,https://taxfoundation.org/data/all/state/sales-tax-rates/
21151,2026,0.0338240000000000028992,0.06,https://taxfoundation.org/data/all/state/state-income-tax-rates-2026/,https://taxfoundation.org/data/all/state/sales-tax-rates/
21153,2026,0.0338240000000000028992,0.06,https://taxfoundation.org/data/all/state/state-income-tax-rates-2026/,https://taxfoundation.org/data/all/state/sales-tax-rates/
21155,2026,0.0338240000000000028992,0.06,https://taxfoundation.org/data/all/state/state-income-tax-rates-2026/,https://taxfoundation.org/data/all/state/sales-tax-rates/
21157,2026,0.0338240000000000028992,0.06,https://taxfoundation.org/data/all/state/state-income-tax-rates-2026/,https://taxfoundation.org/data/all/state/sales-tax-rates/
21159,2026,0.0338240000000000028992,0.06,https://taxfoundation.org/data/all/state/state-income-tax-rates-2026/,https://taxfoundation.org/data/all/state/sales-tax-rates/
21161,2026,0.0338240000000000028992,0.06,https://taxfoundation.org/data/all/state/state-income-tax-rates-2026/,https://taxfoundation.org/data/all/state/sales-tax-rates/
21163,2026,0.0338240000000000028992,0.06,https://taxfoundation.org/data/all/state/state-income-tax-rates-2026/,https://taxfoundation.org/data/all/state/sales-tax-rates/
21165,2026,0.0338240000000000028992,0.06,https://taxfoundation.org/data/all/state/state-income-tax-rates-2026/,https://taxfoundation.org/data/all/state/sales-tax-rates/
21167,2026,0.0338240000000000028992,0.06,https://taxfoundation.org/data/all/state/state-income-tax-rates-2026/,https://taxfoundation.org/data/all/state/sales-tax-rates/
21169,2026,0.0338240000000000028992,0.06,https://taxfoundation.org/data/all/state/state-income-tax-rates-2026/,https://taxfoundation.org/data/all/state/sales-tax-rates/
21171,2026,0.0338240000000000028992,0.06,https://taxfoundation.org/data/all/state/state-income-tax-rates-2026/,https://taxfoundation.org/data/all/state/sales-tax-rates/
21173,2026,0.0338240000000000028992,0.06,https://taxfoundation.org/data/all/state/state-income-tax-rates-2026/,https://taxfoundation.org/data/all/state/sales-tax-rates/
21175,2026,0.0338240000000000028992,0.06,https://taxfoundation.org/data/all/state/state-income-tax-rates-2026/,https://taxfoundation.org/data/all/state/sales-tax-rates/
21177,2026,0.0338240000000000028992,0.06,https://taxfoundation.org/data/all/state/state-income-tax-rates-2026/,https://taxfoundation.org/data/all/state/sales-tax-rates/
21179,2026,0.0338240000000000028992,0.06,https://taxfoundation.org/data/all/state/state-income-tax-rates-2026/,https://taxfoundation.org/data/all/state/sales-tax-rates/
21181,2026,0.0338240000000000028992,0.06,https://taxfoundation.org/data/all/state/state-income-tax-rates-2026/,https://taxfoundation.org/data/all/state/sales-tax-rates/
21183,2026,0.0338240000000000028992,0.06,https://taxfoundation.org/data/all/state/state-income-tax-rates-2026/,https://taxfoundation.org/data/all/state/sales-tax-rates/
21185,2026,0.0338240000000000028992,0.06,https://taxfoundation.org/data/all/state/state-income-tax-rates-2026/,https://taxfoundation.org/data/all/state/sales-tax-rates/
21187,2026,0.0338240000000000028992,0.06,https://taxfoundation.org/data/all/state/state-income-tax-rates-2026/,https://taxfoundation.org/data/all/state/sales-tax-rates/
21189,2026,0.0338240000000000028992,0.06,https://taxfoundation.org/data/all/state/state-income-tax-rates-2026/,https://taxfoundation.org/data/all/state/sales-tax-rates/
21191,2026,0.0338240000000000028992,0.06,https://taxfoundation.org/data/all/state/state-income-tax-rates-2026/,https://taxfoundation.org/data/all/state/sales-tax-rates/
21193,2026,0.0338240000000000028992,0.06,https://taxfoundation.org/data/all/state/state-income-tax-rates-2026/,https://taxfoundation.org/data/all/state/sales-tax-rates/
21195,2026,0.0338240000000000028992,0.06,https://taxfoundation.org/data/all/state/state-income-tax-rates-2026/,https://taxfoundation.org/data/all/state/sales-tax-rates/
21197,2026,0.0338240000000000028992,0.06,https://taxfoundation.org/data/all/state/state-income-tax-rates-2026/,https://taxfoundation.org/data/all/state/sales-tax-rates/
21199,2026,0.0338240000000000028992,0.06,https://taxfoundation.org/data/all/state/state-income-tax-rates-2026/,https://taxfoundation.org/data/all/state/sales-tax-rates/
21201,2026,0.0338240000000000028992,0.06,https://taxfoundation.org/data/all/state/state-income-tax-rates-2026/,https://taxfoundation.org/data/all/state/sales-tax-rates/
21203,2026,0.0338240000000000028992,0.06,https://taxfoundation.org/data/all/state/state-income-tax-rates-2026/,https://taxfoundation.org/data/all/state/sales-tax-rates/
21205,2026,0.0338240000000000028992,0.06,https://taxfoundation.org/data/all/state/state-income-tax-rates-2026/,https://taxfoundation.org/data/all/state/sales-tax-rates/
21207,2026,0.0338240000000000028992,0.06,https://taxfoundation.org/data/all/state/state-income-tax-rates-2026/,https://taxfoundation.org/data/all/state/sales-tax-rates/
21209,2026,0.0338240000000000028992,0.06,https://taxfoundation.org/data/all/state/state-income-tax-rates-2026/,https://taxfoundation.org/data/all/state/sales-tax-rates/
21211,2026,0.0338240000000000028992,0.06,https://taxfoundation.org/data/all/state/state-income-tax-rates-2026/,https://taxfoundation.org/data/all/state/sales-tax-rates/
21213,2026,0.0338240000000000028992,0.06,https://taxfoundation.org/data/all/state/state-income-tax-rates-2026/,https://taxfoundation.org/data/all/state/sales-tax-rates/
21215,2026,0.0338240000000000028992,0.06,https://taxfoundation.org/data/all/state/state-income-tax-rates-2026/,https://taxfoundation.org/data/all/state/sales-tax-rates/
21217,2026,0.0338240000000000028992,0.06,https://taxfoundation.org/data/all/state/state-income-tax-rates-2026/,https://taxfoundation.org/data/all/state/sales-tax-rates/
21219,2026,0.0338240000000000028992,0.06,https://taxfoundation.org/data/all/state/state-income-tax-rates-2026/,https://taxfoundation.org/data/all/state/sales-tax-rates/
21221,2026,0.0338240000000000028992,0.06,https://taxfoundation.org/data/all/state/state-income-tax-rates-2026/,https://taxfoundation.org/data/all/state/sales-tax-rates/
21223,2026,0.0338240000000000028992,0.06,https://taxfoundation.org/data/all/state/state-income-tax-rates-2026/,https://taxfoundation.org/data/all/state/sales-tax-rates/
21225,2026,0.0338240000000000028992,0.06,https://taxfoundation.org/data/all/state/state-income-tax-rates-2026/,https://taxfoundation.org/data/all/state/sales-tax-rates/
21227,2026,0.0338240000000000028992,0.06,https://taxfoundation.org/data/all/state/state-income-tax-rates-2026/,https://taxfoundation.org/data/all/state/sales-tax-rates/
21229,2026,0.0338240000000000028992,0.06,https://taxfoundation.org/data/all/state/state-income-tax-rates-2026/,https://taxfoundation.org/data/all/state/sales-tax-rates/
21231,2026,0.0338240000000000028992,0.06,https://taxfoundation.org/data/all/state/state-income-tax-rates-2026/,https://taxfoundation.org/data/all/state/sales-tax-rates/
21233,2026,0.0338240000000000028992,0.06,https://taxfoundation.org/data/all/state/state-income-tax-rates-2026/,https://taxfoundation.org/data/all/state/sales-tax-rates/
21235,2026,0.0338240000000000028992,0.06,https://taxfoundation.org/data/all/state/state-income-tax-rates-2026/,https://taxfoundation.org/data/all/state/sales-tax-rates/
21237,2026,0.0338240000000000028992,0.06,https://taxfoundation.org/data/all/state/state-income-tax-rates-2026/,https://taxfoundation.org/data/all/state/sales-tax-rates/
21239,2026,0.0338240000000000028992,0.06,https://taxfoundation.org/data/all/state/state-income-tax-rates-2026/,https://taxfoundation.org/data/all/state/sales-tax-rates/
22001,2026,0.0261375,0.10113365471691274,https://taxfoundation.org/data/all/state/state-income-tax-rates-2026/,https://taxfoundation.org/data/all/state/sales-tax-rates/
22003,2026,0.0261375,0.10113365471691274,https://taxfoundation.org/data/all/state/state-income-tax-rates-2026/,https://taxfoundation.org/data/all/state/sales-tax-rates/
22005,2026,0.0261375,0.10113365471691274,https://taxfoundation.org/data/all/state/state-income-tax-rates-2026/,https://taxfoundation.org/data/all/state/sales-tax-rates/
22007,2026,0.0261375,0.10113365471691274,https://taxfoundation.org/data/all/state/state-income-tax-rates-2026/,https://taxfoundation.org/data/all/state/sales-tax-rates/
22009,2026,0.0261375,0.10113365471691274,https://taxfoundation.org/data/all/state/state-income-tax-rates-2026/,https://taxfoundation.org/data/all/state/sales-tax-rates/
22011,2026,0.0261375,0.10113365471691274,https://taxfoundation.org/data/all/state/state-income-tax-rates-2026/,https://taxfoundation.org/data/all/state/sales-tax-rates/
22013,2026,0.0261375,0.10113365471691274,https://taxfoundation.org/data/all/state/state-income-tax-rates-2026/,https://taxfoundation.org/data/all/state/sales-tax-rates/
22015,2026,0.0261375,0.10113365471691274,https://taxfoundation.org/data/all/state/state-income-tax-rates-2026/,https://taxfoundation.org/data/all/state/sales-tax-rates/
22017,2026,0.0261375,0.10113365471691274,https://taxfoundation.org/data/all/state/state-income-tax-rates-2026/,https://taxfoundation.org/data/all/state/sales-tax-rates/
22019,2026,0.0261375,0.10113365471691274,https://taxfoundation.org/data/all/state/state-income-tax-rates-2026/,https://taxfoundation.org/data/all/state/sales-tax-rates/
22021,2026,0.0261375,0.10113365471691274,https://taxfoundation.org/data/all/state/state-income-tax-rates-2026/,https://taxfoundation.org/data/all/state/sales-tax-rates/
22023,2026,0.0261375,0.10113365471691274,https://taxfoundation.org/data/all/state/state-income-tax-rates-2026/,https://taxfoundation.org/data/all/state/sales-tax-rates/
22025,2026,0.0261375,0.10113365471691274,https://taxfoundation.org/data/all/state/state-income-tax-rates-2026/,https://taxfoundation.org/data/all/state/sales-tax-rates/
22027,2026,0.0261375,0.10113365471691274,https://taxfoundation.org/data/all/state/state-income-tax-rates-2026/,https://taxfoundation.org/data/all/state/sales-tax-rates/
22029,2026,0.0261375,0.10113365471691274,https://taxfoundation.org/data/all/state/state-income-tax-rates-2026/,https://taxfoundation.org/data/all/state/sales-tax-rates/
22031,2026,0.0261375,0.10113365471691274,https://taxfoundation.org/data/all/state/state-income-tax-rates-2026/,https://taxfoundation.org/data/all/state/sales-tax-rates/
22033,2026,0.0261375,0.10113365471691274,https://taxfoundation.org/data/all/state/state-income-tax-rates-2026/,https://taxfoundation.org/data/all/state/sales-tax-rates/
22035,2026,0.0261375,0.10113365471691274,https://taxfoundation.org/data/all/state/state-income-tax-rates-2026/,https://taxfoundation.org/data/all/state/sales-tax-rates/
22037,2026,0.0261375,0.10113365471691274,https://taxfoundation.org/data/all/state/state-income-tax-rates-2026/,https://taxfoundation.org/data/all/state/sales-tax-rates/
22039,2026,0.0261375,0.10113365471691274,https://taxfoundation.org/data/all/state/state-income-tax-rates-2026/,https://taxfoundation.org/data/all/state/sales-tax-rates/
22041,2026,0.0261375,0.10113365471691274,https://taxfoundation.org/data/all/state/state-income-tax-rates-2026/,https://taxfoundation.org/data/all/state/sales-tax-rates/
22043,2026,0.0261375,0.10113365471691274,https://taxfoundation.org/data/all/state/state-income-tax-rates-2026/,https://taxfoundation.org/data/all/state/sales-tax-rates/
22045,2026,0.0261375,0.10113365471691274,https://taxfoundation.org/data/all/state/state-income-tax-rates-2026/,https://taxfoundation.org/data/all/state/sales-tax-rates/
22047,2026,0.0261375,0.10113365471691274,https://taxfoundation.org/data/all/state/state-income-tax-rates-2026/,https://taxfoundation.org/data/all/state/sales-tax-rates/
22049,2026,0.0261375,0.10113365471691274,https://taxfoundation.org/data/all/state/state-income-tax-rates-2026/,https://taxfoundation.org/data/all/state/sales-tax-rates/
22051,2026,0.0261375,0.10113365471691274,https://taxfoundation.org/data/all/state/state-income-tax-rates-2026/,https://taxfoundation.org/data/all/state/sales-tax-rates/
22053,2026,0.0261375,0.10113365471691274,https://taxfoundation.org/data/all/state/state-income-tax-rates-2026/,https://taxfoundation.org/data/all/state/sales-tax-rates/
22055,2026,0.0261375,0.10113365471691274,https://taxfoundation.org/data/all/state/state-income-tax-rates-2026/,https://taxfoundation.org/data/all/state/sales-tax-rates/
22057,2026,0.0261375,0.10113365471691274,https://taxfoundation.org/data/all/state/state-income-tax-rates-2026/,https://taxfoundation.org/data/all/state/sales-tax-rates/
22059,2026,0.0261375,0.10113365471691274,https://taxfoundation.org/data/all/state/state-income-tax-rates-2026/,https://taxfoundation.org/data/all/state/sales-tax-rates/
22061,2026,0.0261375,0.10113365471691274,https://taxfoundation.org/data/all/state/state-income-tax-rates-2026/,https://taxfoundation.org/data/all/state/sales-tax-rates/
22063,2026,0.0261375,0.10113365471691274,https://taxfoundation.org/data/all/state/state-income-tax-rates-2026/,https://taxfoundation.org/data/all/state/sales-tax-rates/
22065,2026,0.0261375,0.10113365471691274,https://taxfoundation.org/data/all/state/state-income-tax-rates-2026/,https://taxfoundation.org/data/all/state/sales-tax-rates/
22067,2026,0.0261375,0.10113365471691274,https://taxfoundation.org/data/all/state/state-income-tax-rates-2026/,https://taxfoundation.org/data/all/state/sales-tax-rates/
22069,2026,0.0261375,0.10113365471691274,https://taxfoundation.org/data/all/state/state-income-tax-rates-2026/,https://taxfoundation.org/data/all/state/sales-tax-rates/
22071,2026,0.0261375,0.10113365471691274,https://taxfoundation.org/data/all/state/state-income-tax-rates-2026/,https://taxfoundation.org/data/all/state/sales-tax-rates/
22073,2026,0.0261375,0.10113365471691274,https://taxfoundation.org/data/all/state/state-income-tax-rates-2026/,https://taxfoundation.org/data/all/state/sales-tax-rates/
22075,2026,0.0261375,0.10113365471691274,https://taxfoundation.org/data/all/state/state-income-tax-rates-2026/,https://taxfoundation.org/data/all/state/sales-tax-rates/
22077,2026,0.0261375,0.10113365471691274,https://taxfoundation.org/data/all/state/state-income-tax-rates-2026/,https://taxfoundation.org/data/all/state/sales-tax-rates/
22079,2026,0.0261375,0.10113365471691274,https://taxfoundation.org/data/all/state/state-income-tax-rates-2026/,https://taxfoundation.org/data/all/state/sales-tax-rates/
22081,2026,0.0261375,0.10113365471691274,https://taxfoundation.org/data/all/state/state-income-tax-rates-2026/,https://taxfoundation.org/data/all/state/sales-tax-rates/
22083,2026,0.0261375,0.10113365471691274,https://taxfoundation.org/data/all/state/state-income-tax-rates-2026/,https://taxfoundation.org/data/all/state/sales-tax-rates/
22085,2026,0.0261375,0.10113365471691274,https://taxfoundation.org/data/all/state/state-income-tax-rates-2026/,https://taxfoundation.org/data/all/state/sales-tax-rates/
22087,2026,0.0261375,0.10113365471691274,https://taxfoundation.org/data/all/state/state-income-tax-rates-2026/,https://taxfoundation.org/data/all/state/sales-tax-rates/
22089,2026,0.0261375,0.10113365471691274,https://taxfoundation.org/data/all/state/state-income-tax-rates-2026/,https://taxfoundation.org/data/all/state/sales-tax-rates/
22091,2026,0.0261375,0.10113365471691274,https://taxfoundation.org/data/all/state/state-income-tax-rates-2026/,https://taxfoundation.org/data/all/state/sales-tax-rates/
22093,2026,0.0261375,0.10113365471691274,https://taxfoundation.org/data/all/state/state-income-tax-rates-2026/,https://taxfoundation.org/data/all/state/sales-tax-rates/
22095,2026,0.0261375,0.10113365471691274,https://taxfoundation.org/data/all/state/state-income-tax-rates-2026/,https://taxfoundation.org/data/all/state/sales-tax-rates/
22097,2026,0.0261375,0.10113365471691274,https://taxfoundation.org/data/all/state/state-income-tax-rates-2026/,https://taxfoundation.org/data/all/state/sales-tax-rates/
22099,2026,0.0261375,0.10113365471691274,https://taxfoundation.org/data/all/state/state-income-tax-rates-2026/,https://taxfoundation.org/data/all/state/sales-tax-rates/
22101,2026,0.0261375,0.10113365471691274,https://taxfoundation.org/data/all/state/state-income-tax-rates-2026/,https://taxfoundation.org/data/all/state/sales-tax-rates/
22103,2026,0.0261375,0.10113365471691274,https://taxfoundation.org/data/all/state/state-income-tax-rates-2026/,https://taxfoundation.org/data/all/state/sales-tax-rates/
22105,2026,0.0261375,0.10113365471691274,https://taxfoundation.org/data/all/state/state-income-tax-rates-2026/,https://taxfoundation.org/data/all/state/sales-tax-rates/
22107,2026,0.0261375,0.10113365471691274,https://taxfoundation.org/data/all/state/state-income-tax-rates-2026/,https://taxfoundation.org/data/all/state/sales-tax-rates/
22109,2026,0.0261375,0.10113365471691274,https://taxfoundation.org/data/all/state/state-income-tax-rates-2026/,https://taxfoundation.org/data/all/state/sales-tax-rates/
22111,2026,0.0261375,0.10113365471691274,https://taxfoundation.org/data/all/state/state-income-tax-rates-2026/,https://taxfoundation.org/data/all/state/sales-tax-rates/
22113,2026,0.0261375,0.10113365471691274,https://taxfoundation.org/data/all/state/state-income-tax-rates-2026/,https://taxfoundation.org/data/all/state/sales-tax-rates/
22115,2026,0.0261375,0.10113365471691274,https://taxfoundation.org/data/all/state/state-income-tax-rates-2026/,https://taxfoundation.org/data/all/state/sales-tax-rates/
22117,2026,0.0261375,0.10113365471691274,https://taxfoundation.org/data/all/state/state-income-tax-rates-2026/,https://taxfoundation.org/data/all/state/sales-tax-rates/
22119,2026,0.0261375,0.10113365471691274,https://taxfoundation.org/data/all/state/state-income-tax-rates-2026/,https://taxfoundation.org/data/all/state/sales-tax-rates/
22121,2026,0.0261375,0.10113365471691274,https://taxfoundation.org/data/all/state/state-income-tax-rates-2026/,https://taxfoundation.org/data/all/state/sales-tax-rates/
22123,2026,0.0261375,0.10113365471691274,https://taxfoundation.org/data/all/state/state-income-tax-rates-2026/,https://taxfoundation.org/data/all/state/sales-tax-rates/
22125,2026,0.0261375,0.10113365471691274,https://taxfoundation.org/data/all/state/state-income-tax-rates-2026/,https://taxfoundation.org/data/all/state/sales-tax-rates/
22127,2026,0.0261375,0.10113365471691274,https://taxfoundation.org/data/all/state/state-income-tax-rates-2026/,https://taxfoundation.org/data/all/state/sales-tax-rates/
23001,2026,0.05654338500000000102991,0.055,https://taxfoundation.org/data/all/state/state-income-tax-rates-2026/,https://taxfoundation.org/data/all/state/sales-tax-rates/
23003,2026,0.05654338500000000102991,0.055,https://taxfoundation.org/data/all/state/state-income-tax-rates-2026/,https://taxfoundation.org/data/all/state/sales-tax-rates/
23005,2026,0.05654338500000000102991,0.055,https://taxfoundation.org/data/all/state/state-income-tax-rates-2026/,https://taxfoundation.org/data/all/state/sales-tax-rates/
23007,2026,0.05654338500000000102991,0.055,https://taxfoundation.org/data/all/state/state-income-tax-rates-2026/,https://taxfoundation.org/data/all/state/sales-tax-rates/
23009,2026,0.05654338500000000102991,0.055,https://taxfoundation.org/data/all/state/state-income-tax-rates-2026/,https://taxfoundation.org/data/all/state/sales-tax-rates/
23011,2026,0.05654338500000000102991,0.055,https://taxfoundation.org/data/all/state/state-income-tax-rates-2026/,https://taxfoundation.org/data/all/state/sales-tax-rates/
23013,2026,0.05654338500000000102991,0.055,https://taxfoundation.org/data/all/state/state-income-tax-rates-2026/,https://taxfoundation.org/data/all/state/sales-tax-rates/
23015,2026,0.05654338500000000102991,0.055,https://taxfoundation.org/data/all/state/state-income-tax-rates-2026/,https://taxfoundation.org/data/all/state/sales-tax-rates/
23017,2026,0.05654338500000000102991,0.055,https://taxfoundation.org/data/all/state/state-income-tax-rates-2026/,https://taxfoundation.org/data/all/state/sales-tax-rates/
23019,2026,0.05654338500000000102991,0.055,https://taxfoundation.org/data/all/state/state-income-tax-rates-2026/,https://taxfoundation.org/data/all/state/sales-tax-rates/
23021,2026,0.05654338500000000102991,0.055,https://taxfoundation.org/data/all/state/state-income-tax-rates-2026/,https://taxfoundation.org/data/all/state/sales-tax-rates/
23023,2026,0.05654338500000000102991,0.055,https://taxfoundation.org/data/all/state/state-income-tax-rates-2026/,https://taxfoundation.org/data/all/state/sales-tax-rates/
23025,2026,0.05654338500000000102991,0.055,https://taxfoundation.org/data/all/state/state-income-tax-rates-2026/,https://taxfoundation.org/data/all/state/sales-tax-rates/
23027,2026,0.05654338500000000102991,0.055,https://taxfoundation.org/data/all/state/state-income-tax-rates-2026/,https://taxfoundation.org/data/all/state/sales-tax-rates/
23029,2026,0.05654338500000000102991,0.055,https://taxfoundation.org/data/all/state/state-income-tax-rates-2026/,https://taxfoundation.org/data/all/state/sales-tax-rates/
23031,2026,0.05654338500000000102991,0.055,https://taxfoundation.org/data/all/state/state-income-tax-rates-2026/,https://taxfoundation.org/data/all/state/sales-tax-rates/
24001,2026,0.0438637500000000009045,0.06,https://taxfoundation.org/data/all/state/state-income-tax-rates-2026/,https://taxfoundation.org/data/all/state/sales-tax-rates/
24003,2026,0.0438637500000000009045,0.06,https://taxfoundation.org/data/all/state/state-income-tax-rates-2026/,https://taxfoundation.org/data/all/state/sales-tax-rates/
24005,2026,0.0438637500000000009045,0.06,https://taxfoundation.org/data/all/state/state-income-tax-rates-2026/,https://taxfoundation.org/data/all/state/sales-tax-rates/
24009,2026,0.0438637500000000009045,0.06,https://taxfoundation.org/data/all/state/state-income-tax-rates-2026/,https://taxfoundation.org/data/all/state/sales-tax-rates/
24011,2026,0.0438637500000000009045,0.06,https://taxfoundation.org/data/all/state/state-income-tax-rates-2026/,https://taxfoundation.org/data/all/state/sales-tax-rates/
24013,2026,0.0438637500000000009045,0.06,https://taxfoundation.org/data/all/state/state-income-tax-rates-2026/,https://taxfoundation.org/data/all/state/sales-tax-rates/
24015,2026,0.0438637500000000009045,0.06,https://taxfoundation.org/data/all/state/state-income-tax-rates-2026/,https://taxfoundation.org/data/all/state/sales-tax-rates/
24017,2026,0.0438637500000000009045,0.06,https://taxfoundation.org/data/all/state/state-income-tax-rates-2026/,https://taxfoundation.org/data/all/state/sales-tax-rates/
24019,2026,0.0438637500000000009045,0.06,https://taxfoundation.org/data/all/state/state-income-tax-rates-2026/,https://taxfoundation.org/data/all/state/sales-tax-rates/
24021,2026,0.0438637500000000009045,0.06,https://taxfoundation.org/data/all/state/state-income-tax-rates-2026/,https://taxfoundation.org/data/all/state/sales-tax-rates/
24023,2026,0.0438637500000000009045,0.06,https://taxfoundation.org/data/all/state/state-income-tax-rates-2026/,https://taxfoundation.org/data/all/state/sales-tax-rates/
24025,2026,0.0438637500000000009045,0.06,https://taxfoundation.org/data/all/state/state-income-tax-rates-2026/,https://taxfoundation.org/data/all/state/sales-tax-rates/
24027,2026,0.0438637500000000009045,0.06,https://taxfoundation.org/data/all/state/state-income-tax-rates-2026/,https://taxfoundation.org/data/all/state/sales-tax-rates/
24029,2026,0.0438637500000000009045,0.06,https://taxfoundation.org/data/all/state/state-income-tax-rates-2026/,https://taxfoundation.org/data/all/state/sales-tax-rates/
24031,2026,0.0438637500000000009045,0.06,https://taxfoundation.org/data/all/state/state-income-tax-rates-2026/,https://taxfoundation.org/data/all/state/sales-tax-rates/
24033,2026,0.0438637500000000009045,0.06,https://taxfoundation.org/data/all/state/state-income-tax-rates-2026/,https://taxfoundation.org/data/all/state/sales-tax-rates/
24035,2026,0.0438637500000000009045,0.06,https://taxfoundation.org/data/all/state/state-income-tax-rates-2026/,https://taxfoundation.org/data/all/state/sales-tax-rates/
24037,2026,0.0438637500000000009045,0.06,https://taxfoundation.org/data/all/state/state-income-tax-rates-2026/,https://taxfoundation.org/data/all/state/sales-tax-rates/
24039,2026,0.0438637500000000009045,0.06,https://taxfoundation.org/data/all/state/state-income-tax-rates-2026/,https://taxfoundation.org/data/all/state/sales-tax-rates/
24041,2026,0.0438637500000000009045,0.06,https://taxfoundation.org/data/all/state/state-income-tax-rates-2026/,https://taxfoundation.org/data/all/state/sales-tax-rates/
24043,2026,0.0438637500000000009045,0.06,https://taxfoundation.org/data/all/state/state-income-tax-rates-2026/,https://taxfoundation.org/data/all/state/sales-tax-rates/
24045,2026,0.0438637500000000009045,0.06,https://taxfoundation.org/data/all/state/state-income-tax-rates-2026/,https://taxfoundation.org/data/all/state/sales-tax-rates/
24047,2026,0.0438637500000000009045,0.06,https://taxfoundation.org/data/all/state/state-income-tax-rates-2026/,https://taxfoundation.org/data/all/state/sales-tax-rates/
24510,2026,0.0438637500000000009045,0.06,https://taxfoundation.org/data/all/state/state-income-tax-rates-2026/,https://taxfoundation.org/data/all/state/sales-tax-rates/
25001,2026,0.0478,0.0625,https://taxfoundation.org/data/all/state/state-income-tax-rates-2026/,https://taxfoundation.org/data/all/state/sales-tax-rates/
25003,2026,0.0478,0.0625,https://taxfoundation.org/data/all/state/state-income-tax-rates-2026/,https://taxfoundation.org/data/all/state/sales-tax-rates/
25005,2026,0.0478,0.0625,https://taxfoundation.org/data/all/state/state-income-tax-rates-2026/,https://taxfoundation.org/data/all/state/sales-tax-rates/
25007,2026,0.0478,0.0625,https://taxfoundation.org/data/all/state/state-income-tax-rates-2026/,https://taxfoundation.org/data/all/state/sales-tax-rates/
25009,2026,0.0478,0.0625,https://taxfoundation.org/data/all/state/state-income-tax-rates-2026/,https://taxfoundation.org/data/all/state/sales-tax-rates/
25011,2026,0.0478,0.0625,https://taxfoundation.org/data/all/state/state-income-tax-rates-2026/,https://taxfoundation.org/data/all/state/sales-tax-rates/
25013,2026,0.0478,0.0625,https://taxfoundation.org/data/all/state/state-income-tax-rates-2026/,https://taxfoundation.org/data/all/state/sales-tax-rates/
25015,2026,0.0478,0.0625,https://taxfoundation.org/data/all/state/state-income-tax-rates-2026/,https://taxfoundation.org/data/all/state/sales-tax-rates/
25017,2026,0.0478,0.0625,https://taxfoundation.org/data/all/state/state-income-tax-rates-2026/,https://taxfoundation.org/data/all/state/sales-tax-rates/
25019,2026,0.0478,0.0625,https://taxfoundation.org/data/all/state/state-income-tax-rates-2026/,https://taxfoundation.org/data/all/state/sales-tax-rates/
25021,2026,0.0478,0.0625,https://taxfoundation.org/data/all/state/state-income-tax-rates-2026/,https://taxfoundation.org/data/all/state/sales-tax-rates/
25023,2026,0.0478,0.0625,https://taxfoundation.org/data/all/state/state-income-tax-rates-2026/,https://taxfoundation.org/data/all/state/sales-tax-rates/
25025,2026,0.0478,0.0625,https://taxfoundation.org/data/all/state/state-income-tax-rates-2026/,https://taxfoundation.org/data/all/state/sales-tax-rates/
25027,2026,0.0478,0.0625,https://taxfoundation.org/data/all/state/state-income-tax-rates-2026/,https://taxfoundation.org/data/all/state/sales-tax-rates/
26001,2026,0.039992500000000002823,0.06,https://taxfoundation.org/data/all/state/state-income-tax-rates-2026/,https://taxfoundation.org/data/all/state/sales-tax-rates/
26003,2026,0.039992500000000002823,0.06,https://taxfoundation.org/data/all/state/state-income-tax-rates-2026/,https://taxfoundation.org/data/all/state/sales-tax-rates/
26005,2026,0.039992500000000002823,0.06,https://taxfoundation.org/data/all/state/state-income-tax-rates-2026/,https://taxfoundation.org/data/all/state/sales-tax-rates/
26007,2026,0.039992500000000002823,0.06,https://taxfoundation.org/data/all/state/state-income-tax-rates-2026/,https://taxfoundation.org/data/all/state/sales-tax-rates/
26009,2026,0.039992500000000002823,0.06,https://taxfoundation.org/data/all/state/state-income-tax-rates-2026/,https://taxfoundation.org/data/all/state/sales-tax-rates/
26011,2026,0.039992500000000002823,0.06,https://taxfoundation.org/data/all/state/state-income-tax-rates-2026/,https://taxfoundation.org/data/all/state/sales-tax-rates/
26013,2026,0.039992500000000002823,0.06,https://taxfoundation.org/data/all/state/state-income-tax-rates-2026/,https://taxfoundation.org/data/all/state/sales-tax-rates/
26015,2026,0.039992500000000002823,0.06,https://taxfoundation.org/data/all/state/state-income-tax-rates-2026/,https://taxfoundation.org/data/all/state/sales-tax-rates/
26017,2026,0.039992500000000002823,0.06,https://taxfoundation.org/data/all/state/state-income-tax-rates-2026/,https://taxfoundation.org/data/all/state/sales-tax-rates/
26019,2026,0.039992500000000002823,0.06,https://taxfoundation.org/data/all/state/state-income-tax-rates-2026/,https://taxfoundation.org/data/all/state/sales-tax-rates/
26021,2026,0.039992500000000002823,0.06,https://taxfoundation.org/data/all/state/state-income-tax-rates-2026/,https://taxfoundation.org/data/all/state/sales-tax-rates/
26023,2026,0.039992500000000002823,0.06,https://taxfoundation.org/data/all/state/state-income-tax-rates-2026/,https://taxfoundation.org/data/all/state/sales-tax-rates/
26025,2026,0.039992500000000002823,0.06,https://taxfoundation.org/data/all/state/state-income-tax-rates-2026/,https://taxfoundation.org/data/all/state/sales-tax-rates/
26027,2026,0.039992500000000002823,0.06,https://taxfoundation.org/data/all/state/state-income-tax-rates-2026/,https://taxfoundation.org/data/all/state/sales-tax-rates/
26029,2026,0.039992500000000002823,0.06,https://taxfoundation.org/data/all/state/state-income-tax-rates-2026/,https://taxfoundation.org/data/all/state/sales-tax-rates/
26031,2026,0.039992500000000002823,0.06,https://taxfoundation.org/data/all/state/state-income-tax-rates-2026/,https://taxfoundation.org/data/all/state/sales-tax-rates/
26033,2026,0.039992500000000002823,0.06,https://taxfoundation.org/data/all/state/state-income-tax-rates-2026/,https://taxfoundation.org/data/all/state/sales-tax-rates/
26035,2026,0.039992500000000002823,0.06,https://taxfoundation.org/data/all/state/state-income-tax-rates-2026/,https://taxfoundation.org/data/all/state/sales-tax-rates/
26037,2026,0.039992500000000002823,0.06,https://taxfoundation.org/data/all/state/state-income-tax-rates-2026/,https://taxfoundation.org/data/all/state/sales-tax-rates/
26039,2026,0.039992500000000002823,0.06,https://taxfoundation.org/data/all/state/state-income-tax-rates-2026/,https://taxfoundation.org/data/all/state/sales-tax-rates/
26041,2026,0.039992500000000002823,0.06,https://taxfoundation.org/data/all/state/state-income-tax-rates-2026/,https://taxfoundation.org/data/all/state/sales-tax-rates/
26043,2026,0.039992500000000002823,0.06,https://taxfoundation.org/data/all/state/state-income-tax-rates-2026/,https://taxfoundation.org/data/all/state/sales-tax-rates/
26045,2026,0.039992500000000002823,0.06,https://taxfoundation.org/data/all/state/state-income-tax-rates-2026/,https://taxfoundation.org/data/all/state/sales-tax-rates/
26047,2026,0.039992500000000002823,0.06,https://taxfoundation.org/data/all/state/state-income-tax-rates-2026/,https://taxfoundation.org/data/all/state/sales-tax-rates/
26049,2026,0.039992500000000002823,0.06,https://taxfoundation.org/data/all/state/state-income-tax-rates-2026/,https://taxfoundation.org/data/all/state/sales-tax-rates/
26051,2026,0.039992500000000002823,0.06,https://taxfoundation.org/data/all/state/state-income-tax-rates-2026/,https://taxfoundation.org/data/all/state/sales-tax-rates/
26053,2026,0.039992500000000002823,0.06,https://taxfoundation.org/data/all/state/state-income-tax-rates-2026/,https://taxfoundation.org/data/all/state/sales-tax-rates/
26055,2026,0.039992500000000002823,0.06,https://taxfoundation.org/data/all/state/state-income-tax-rates-2026/,https://taxfoundation.org/data/all/state/sales-tax-rates/
26057,2026,0.039992500000000002823,0.06,https://taxfoundation.org/data/all/state/state-income-tax-rates-2026/,https://taxfoundation.org/data/all/state/sales-tax-rates/
26059,2026,0.039992500000000002823,0.06,https://taxfoundation.org/data/all/state/state-income-tax-rates-2026/,https://taxfoundation.org/data/all/state/sales-tax-rates/
26061,2026,0.039992500000000002823,0.06,https://taxfoundation.org/data/all/state/state-income-tax-rates-2026/,https://taxfoundation.org/data/all/state/sales-tax-rates/
26063,2026,0.039992500000000002823,0.06,https://taxfoundation.org/data/all/state/state-income-tax-rates-2026/,https://taxfoundation.org/data/all/state/sales-tax-rates/
26065,2026,0.039992500000000002823,0.06,https://taxfoundation.org/data/all/state/state-income-tax-rates-2026/,https://taxfoundation.org/data/all/state/sales-tax-rates/
26067,2026,0.039992500000000002823,0.06,https://taxfoundation.org/data/all/state/state-income-tax-rates-2026/,https://taxfoundation.org/data/all/state/sales-tax-rates/
26069,2026,0.039992500000000002823,0.06,https://taxfoundation.org/data/all/state/state-income-tax-rates-2026/,https://taxfoundation.org/data/all/state/sales-tax-rates/
26071,2026,0.039992500000000002823,0.06,https://taxfoundation.org/data/all/state/state-income-tax-rates-2026/,https://taxfoundation.org/data/all/state/sales-tax-rates/
26073,2026,0.039992500000000002823,0.06,https://taxfoundation.org/data/all/state/state-income-tax-rates-2026/,https://taxfoundation.org/data/all/state/sales-tax-rates/
26075,2026,0.039992500000000002823,0.06,https://taxfoundation.org/data/all/state/state-income-tax-rates-2026/,https://taxfoundation.org/data/all/state/sales-tax-rates/
26077,2026,0.039992500000000002823,0.06,https://taxfoundation.org/data/all/state/state-income-tax-rates-2026/,https://taxfoundation.org/data/all/state/sales-tax-rates/
26079,2026,0.039992500000000002823,0.06,https://taxfoundation.org/data/all/state/state-income-tax-rates-2026/,https://taxfoundation.org/data/all/state/sales-tax-rates/
26081,2026,0.039992500000000002823,0.06,https://taxfoundation.org/data/all/state/state-income-tax-rates-2026/,https://taxfoundation.org/data/all/state/sales-tax-rates/
26083,2026,0.039992500000000002823,0.06,https://taxfoundation.org/data/all/state/state-income-tax-rates-2026/,https://taxfoundation.org/data/all/state/sales-tax-rates/
26085,2026,0.039992500000000002823,0.06,https://taxfoundation.org/data/all/state/state-income-tax-rates-2026/,https://taxfoundation.org/data/all/state/sales-tax-rates/
26087,2026,0.039992500000000002823,0.06,https://taxfoundation.org/data/all/state/state-income-tax-rates-2026/,https://taxfoundation.org/data/all/state/sales-tax-rates/
26089,2026,0.039992500000000002823,0.06,https://taxfoundation.org/data/all/state/state-income-tax-rates-2026/,https://taxfoundation.org/data/all/state/sales-tax-rates/
26091,2026,0.039992500000000002823,0.06,https://taxfoundation.org/data/all/state/state-income-tax-rates-2026/,https://taxfoundation.org/data/all/state/sales-tax-rates/
26093,2026,0.039992500000000002823,0.06,https://taxfoundation.org/data/all/state/state-income-tax-rates-2026/,https://taxfoundation.org/data/all/state/sales-tax-rates/
26095,2026,0.039992500000000002823,0.06,https://taxfoundation.org/data/all/state/state-income-tax-rates-2026/,https://taxfoundation.org/data/all/state/sales-tax-rates/
26097,2026,0.039992500000000002823,0.06,https://taxfoundation.org/data/all/state/state-income-tax-rates-2026/,https://taxfoundation.org/data/all/state/sales-tax-rates/
26099,2026,0.039992500000000002823,0.06,https://taxfoundation.org/data/all/state/state-income-tax-rates-2026/,https://taxfoundation.org/data/all/state/sales-tax-rates/
26101,2026,0.039992500000000002823,0.06,https://taxfoundation.org/data/all/state/state-income-tax-rates-2026/,https://taxfoundation.org/data/all/state/sales-tax-rates/
26103,2026,0.039992500000000002823,0.06,https://taxfoundation.org/data/all/state/state-income-tax-rates-2026/,https://taxfoundation.org/data/all/state/sales-tax-rates/
26105,2026,0.039992500000000002823,0.06,https://taxfoundation.org/data/all/state/state-income-tax-rates-2026/,https://taxfoundation.org/data/all/state/sales-tax-rates/
26107,2026,0.039992500000000002823,0.06,https://taxfoundation.org/data/all/state/state-income-tax-rates-2026/,https://taxfoundation.org/data/all/state/sales-tax-rates/
26109,2026,0.039992500000000002823,0.06,https://taxfoundation.org/data/all/state/state-income-tax-rates-2026/,https://taxfoundation.org/data/all/state/sales-tax-rates/
26111,2026,0.039992500000000002823,0.06,https://taxfoundation.org/data/all/state/state-income-tax-rates-2026/,https://taxfoundation.org/data/all/state/sales-tax-rates/
26113,2026,0.039992500000000002823,0.06,https://taxfoundation.org/data/all/state/state-income-tax-rates-2026/,https://taxfoundation.org/data/all/state/sales-tax-rates/
26115,2026,0.039992500000000002823,0.06,https://taxfoundation.org/data/all/state/state-income-tax-rates-2026/,https://taxfoundation.org/data/all/state/sales-tax-rates/
26117,2026,0.039992500000000002823,0.06,https://taxfoundation.org/data/all/state/state-income-tax-rates-2026/,https://taxfoundation.org/data/all/state/sales-tax-rates/
26119,2026,0.039992500000000002823,0.06,https://taxfoundation.org/data/all/state/state-income-tax-rates-2026/,https://taxfoundation.org/data/all/state/sales-tax-rates/
26121,2026,0.039992500000000002823,0.06,https://taxfoundation.org/data/all/state/state-income-tax-rates-2026/,https://taxfoundation.org/data/all/state/sales-tax-rates/
26123,2026,0.039992500000000002823,0.06,https://taxfoundation.org/data/all/state/state-income-tax-rates-2026/,https://taxfoundation.org/data/all/state/sales-tax-rates/
26125,2026,0.039992500000000002823,0.06,https://taxfoundation.org/data/all/state/state-income-tax-rates-2026/,https://taxfoundation.org/data/all/state/sales-tax-rates/
26127,2026,0.039992500000000002823,0.06,https://taxfoundation.org/data/all/state/state-income-tax-rates-2026/,https://taxfoundation.org/data/all/state/sales-tax-rates/
26129,2026,0.039992500000000002823,0.06,https://taxfoundation.org/data/all/state/state-income-tax-rates-2026/,https://taxfoundation.org/data/all/state/sales-tax-rates/
26131,2026,0.039992500000000002823,0.06,https://taxfoundation.org/data/all/state/state-income-tax-rates-2026/,https://taxfoundation.org/data/all/state/sales-tax-rates/
26133,2026,0.039992500000000002823,0.06,https://taxfoundation.org/data/all/state/state-income-tax-rates-2026/,https://taxfoundation.org/data/all/state/sales-tax-rates/
26135,2026,0.039992500000000002823,0.06,https://taxfoundation.org/data/all/state/state-income-tax-rates-2026/,https://taxfoundation.org/data/all/state/sales-tax-rates/
26137,2026,0.039992500000000002823,0.06,https://taxfoundation.org/data/all/state/state-income-tax-rates-2026/,https://taxfoundation.org/data/all/state/sales-tax-rates/
26139,2026,0.039992500000000002823,0.06,https://taxfoundation.org/data/all/state/state-income-tax-rates-2026/,https://taxfoundation.org/data/all/state/sales-tax-rates/
26141,2026,0.039992500000000002823,0.06,https://taxfoundation.org/data/all/state/state-income-tax-rates-2026/,https://taxfoundation.org/data/all/state/sales-tax-rates/
26143,2026,0.039992500000000002823,0.06,https://taxfoundation.org/data/all/state/state-income-tax-rates-2026/,https://taxfoundation.org/data/all/state/sales-tax-rates/
26145,2026,0.039992500000000002823,0.06,https://taxfoundation.org/data/all/state/state-income-tax-rates-2026/,https://taxfoundation.org/data/all/state/sales-tax-rates/
26147,2026,0.039992500000000002823,0.06,https://taxfoundation.org/data/all/state/state-income-tax-rates-2026/,https://taxfoundation.org/data/all/state/sales-tax-rates/
26149,2026,0.039992500000000002823,0.06,https://taxfoundation.org/data/all/state/state-income-tax-rates-2026/,https://taxfoundation.org/data/all/state/sales-tax-rates/
26151,2026,0.039992500000000002823,0.06,https://taxfoundation.org/data/all/state/state-income-tax-rates-2026/,https://taxfoundation.org/data/all/state/sales-tax-rates/
26153,2026,0.039992500000000002823,0.06,https://taxfoundation.org/data/all/state/state-income-tax-rates-2026/,https://taxfoundation.org/data/all/state/sales-tax-rates/
26155,2026,0.039992500000000002823,0.06,https://taxfoundation.org/data/all/state/state-income-tax-rates-2026/,https://taxfoundation.org/data/all/state/sales-tax-rates/
26157,2026,0.039992500000000002823,0.06,https://taxfoundation.org/data/all/state/state-income-tax-rates-2026/,https://taxfoundation.org/data/all/state/sales-tax-rates/
26159,2026,0.039992500000000002823,0.06,https://taxfoundation.org/data/all/state/state-income-tax-rates-2026/,https://taxfoundation.org/data/all/state/sales-tax-rates/
26161,2026,0.039992500000000002823,0.06,https://taxfoundation.org/data/all/state/state-income-tax-rates-2026/,https://taxfoundation.org/data/all/state/sales-tax-rates/
26163,2026,0.039992500000000002823,0.06,https://taxfoundation.org/data/all/state/state-income-tax-rates-2026/,https://taxfoundation.org/data/all/state/sales-tax-rates/
26165,2026,0.039992500000000002823,0.06,https://taxfoundation.org/data/all/state/state-income-tax-rates-2026/,https://taxfoundation.org/data/all/state/sales-tax-rates/
27001,2026,0.0527660500000000022364,0.081350205949043408,https://taxfoundation.org/data/all/state/state-income-tax-rates-2026/,https://taxfoundation.org/data/all/state/sales-tax-rates/
27003,2026,0.0527660500000000022364,0.081350205949043408,https://taxfoundation.org/data/all/state/state-income-tax-rates-2026/,https://taxfoundation.org/data/all/state/sales-tax-rates/
27005,2026,0.0527660500000000022364,0.081350205949043408,https://taxfoundation.org/data/all/state/state-income-tax-rates-2026/,https://taxfoundation.org/data/all/state/sales-tax-rates/
27007,2026,0.0527660500000000022364,0.081350205949043408,https://taxfoundation.org/data/all/state/state-income-tax-rates-2026/,https://taxfoundation.org/data/all/state/sales-tax-rates/
27009,2026,0.0527660500000000022364,0.081350205949043408,https://taxfoundation.org/data/all/state/state-income-tax-rates-2026/,https://taxfoundation.org/data/all/state/sales-tax-rates/
27011,2026,0.0527660500000000022364,0.081350205949043408,https://taxfoundation.org/data/all/state/state-income-tax-rates-2026/,https://taxfoundation.org/data/all/state/sales-tax-rates/
27013,2026,0.0527660500000000022364,0.081350205949043408,https://taxfoundation.org/data/all/state/state-income-tax-rates-2026/,https://taxfoundation.org/data/all/state/sales-tax-rates/
27015,2026,0.0527660500000000022364,0.081350205949043408,https://taxfoundation.org/data/all/state/state-income-tax-rates-2026/,https://taxfoundation.org/data/all/state/sales-tax-rates/
27017,2026,0.0527660500000000022364,0.081350205949043408,https://taxfoundation.org/data/all/state/state-income-tax-rates-2026/,https://taxfoundation.org/data/all/state/sales-tax-rates/
27019,2026,0.0527660500000000022364,0.081350205949043408,https://taxfoundation.org/data/all/state/state-income-tax-rates-2026/,https://taxfoundation.org/data/all/state/sales-tax-rates/
27021,2026,0.0527660500000000022364,0.081350205949043408,https://taxfoundation.org/data/all/state/state-income-tax-rates-2026/,https://taxfoundation.org/data/all/state/sales-tax-rates/
27023,2026,0.0527660500000000022364,0.081350205949043408,https://taxfoundation.org/data/all/state/state-income-tax-rates-2026/,https://taxfoundation.org/data/all/state/sales-tax-rates/
27025,2026,0.0527660500000000022364,0.081350205949043408,https://taxfoundation.org/data/all/state/state-income-tax-rates-2026/,https://taxfoundation.org/data/all/state/sales-tax-rates/
27027,2026,0.0527660500000000022364,0.081350205949043408,https://taxfoundation.org/data/all/state/state-income-tax-rates-2026/,https://taxfoundation.org/data/all/state/sales-tax-rates/
27029,2026,0.0527660500000000022364,0.081350205949043408,https://taxfoundation.org/data/all/state/state-income-tax-rates-2026/,https://taxfoundation.org/data/all/state/sales-tax-rates/
27031,2026,0.0527660500000000022364,0.081350205949043408,https://taxfoundation.org/data/all/state/state-income-tax-rates-2026/,https://taxfoundation.org/data/all/state/sales-tax-rates/
27033,2026,0.0527660500000000022364,0.081350205949043408,https://taxfoundation.org/data/all/state/state-income-tax-rates-2026/,https://taxfoundation.org/data/all/state/sales-tax-rates/
27035,2026,0.0527660500000000022364,0.081350205949043408,https://taxfoundation.org/data/all/state/state-income-tax-rates-2026/,https://taxfoundation.org/data/all/state/sales-tax-rates/
27037,2026,0.0527660500000000022364,0.081350205949043408,https://taxfoundation.org/data/all/state/state-income-tax-rates-2026/,https://taxfoundation.org/data/all/state/sales-tax-rates/
27039,2026,0.0527660500000000022364,0.081350205949043408,https://taxfoundation.org/data/all/state/state-income-tax-rates-2026/,https://taxfoundation.org/data/all/state/sales-tax-rates/
27041,2026,0.0527660500000000022364,0.081350205949043408,https://taxfoundation.org/data/all/state/state-income-tax-rates-2026/,https://taxfoundation.org/data/all/state/sales-tax-rates/
27043,2026,0.0527660500000000022364,0.081350205949043408,https://taxfoundation.org/data/all/state/state-income-tax-rates-2026/,https://taxfoundation.org/data/all/state/sales-tax-rates/
27045,2026,0.0527660500000000022364,0.081350205949043408,https://taxfoundation.org/data/all/state/state-income-tax-rates-2026/,https://taxfoundation.org/data/all/state/sales-tax-rates/
27047,2026,0.0527660500000000022364,0.081350205949043408,https://taxfoundation.org/data/all/state/state-income-tax-rates-2026/,https://taxfoundation.org/data/all/state/sales-tax-rates/
27049,2026,0.0527660500000000022364,0.081350205949043408,https://taxfoundation.org/data/all/state/state-income-tax-rates-2026/,https://taxfoundation.org/data/all/state/sales-tax-rates/
27051,2026,0.0527660500000000022364,0.081350205949043408,https://taxfoundation.org/data/all/state/state-income-tax-rates-2026/,https://taxfoundation.org/data/all/state/sales-tax-rates/
27053,2026,0.0527660500000000022364,0.081350205949043408,https://taxfoundation.org/data/all/state/state-income-tax-rates-2026/,https://taxfoundation.org/data/all/state/sales-tax-rates/
27055,2026,0.0527660500000000022364,0.081350205949043408,https://taxfoundation.org/data/all/state/state-income-tax-rates-2026/,https://taxfoundation.org/data/all/state/sales-tax-rates/
27057,2026,0.0527660500000000022364,0.081350205949043408,https://taxfoundation.org/data/all/state/state-income-tax-rates-2026/,https://taxfoundation.org/data/all/state/sales-tax-rates/
27059,2026,0.0527660500000000022364,0.081350205949043408,https://taxfoundation.org/data/all/state/state-income-tax-rates-2026/,https://taxfoundation.org/data/all/state/sales-tax-rates/
27061,2026,0.0527660500000000022364,0.081350205949043408,https://taxfoundation.org/data/all/state/state-income-tax-rates-2026/,https://taxfoundation.org/data/all/state/sales-tax-rates/
27063,2026,0.0527660500000000022364,0.081350205949043408,https://taxfoundation.org/data/all/state/state-income-tax-rates-2026/,https://taxfoundation.org/data/all/state/sales-tax-rates/
27065,2026,0.0527660500000000022364,0.081350205949043408,https://taxfoundation.org/data/all/state/state-income-tax-rates-2026/,https://taxfoundation.org/data/all/state/sales-tax-rates/
27067,2026,0.0527660500000000022364,0.081350205949043408,https://taxfoundation.org/data/all/state/state-income-tax-rates-2026/,https://taxfoundation.org/data/all/state/sales-tax-rates/
27069,2026,0.0527660500000000022364,0.081350205949043408,https://taxfoundation.org/data/all/state/state-income-tax-rates-2026/,https://taxfoundation.org/data/all/state/sales-tax-rates/
27071,2026,0.0527660500000000022364,0.081350205949043408,https://taxfoundation.org/data/all/state/state-income-tax-rates-2026/,https://taxfoundation.org/data/all/state/sales-tax-rates/
27073,2026,0.0527660500000000022364,0.081350205949043408,https://taxfoundation.org/data/all/state/state-income-tax-rates-2026/,https://taxfoundation.org/data/all/state/sales-tax-rates/
27075,2026,0.0527660500000000022364,0.081350205949043408,https://taxfoundation.org/data/all/state/state-income-tax-rates-2026/,https://taxfoundation.org/data/all/state/sales-tax-rates/
27077,2026,0.0527660500000000022364,0.081350205949043408,https://taxfoundation.org/data/all/state/state-income-tax-rates-2026/,https://taxfoundation.org/data/all/state/sales-tax-rates/
27079,2026,0.0527660500000000022364,0.081350205949043408,https://taxfoundation.org/data/all/state/state-income-tax-rates-2026/,https://taxfoundation.org/data/all/state/sales-tax-rates/
27081,2026,0.0527660500000000022364,0.081350205949043408,https://taxfoundation.org/data/all/state/state-income-tax-rates-2026/,https://taxfoundation.org/data/all/state/sales-tax-rates/
27083,2026,0.0527660500000000022364,0.081350205949043408,https://taxfoundation.org/data/all/state/state-income-tax-rates-2026/,https://taxfoundation.org/data/all/state/sales-tax-rates/
27085,2026,0.0527660500000000022364,0.081350205949043408,https://taxfoundation.org/data/all/state/state-income-tax-rates-2026/,https://taxfoundation.org/data/all/state/sales-tax-rates/
27087,2026,0.0527660500000000022364,0.081350205949043408,https://taxfoundation.org/data/all/state/state-income-tax-rates-2026/,https://taxfoundation.org/data/all/state/sales-tax-rates/
27089,2026,0.0527660500000000022364,0.081350205949043408,https://taxfoundation.org/data/all/state/state-income-tax-rates-2026/,https://taxfoundation.org/data/all/state/sales-tax-rates/
27091,2026,0.0527660500000000022364,0.081350205949043408,https://taxfoundation.org/data/all/state/state-income-tax-rates-2026/,https://taxfoundation.org/data/all/state/sales-tax-rates/
27093,2026,0.0527660500000000022364,0.081350205949043408,https://taxfoundation.org/data/all/state/state-income-tax-rates-2026/,https://taxfoundation.org/data/all/state/sales-tax-rates/
27095,2026,0.0527660500000000022364,0.081350205949043408,https://taxfoundation.org/data/all/state/state-income-tax-rates-2026/,https://taxfoundation.org/data/all/state/sales-tax-rates/
27097,2026,0.0527660500000000022364,0.081350205949043408,https://taxfoundation.org/data/all/state/state-income-tax-rates-2026/,https://taxfoundation.org/data/all/state/sales-tax-rates/
27099,2026,0.0527660500000000022364,0.081350205949043408,https://taxfoundation.org/data/all/state/state-income-tax-rates-2026/,https://taxfoundation.org/data/all/state/sales-tax-rates/
27101,2026,0.0527660500000000022364,0.081350205949043408,https://taxfoundation.org/data/all/state/state-income-tax-rates-2026/,https://taxfoundation.org/data/all/state/sales-tax-rates/
27103,2026,0.0527660500000000022364,0.081350205949043408,https://taxfoundation.org/data/all/state/state-income-tax-rates-2026/,https://taxfoundation.org/data/all/state/sales-tax-rates/
27105,2026,0.0527660500000000022364,0.081350205949043408,https://taxfoundation.org/data/all/state/state-income-tax-rates-2026/,https://taxfoundation.org/data/all/state/sales-tax-rates/
27107,2026,0.0527660500000000022364,0.081350205949043408,https://taxfoundation.org/data/all/state/state-income-tax-rates-2026/,https://taxfoundation.org/data/all/state/sales-tax-rates/
27109,2026,0.0527660500000000022364,0.081350205949043408,https://taxfoundation.org/data/all/state/state-income-tax-rates-2026/,https://taxfoundation.org/data/all/state/sales-tax-rates/
27111,2026,0.0527660500000000022364,0.081350205949043408,https://taxfoundation.org/data/all/state/state-income-tax-rates-2026/,https://taxfoundation.org/data/all/state/sales-tax-rates/
27113,2026,0.0527660500000000022364,0.081350205949043408,https://taxfoundation.org/data/all/state/state-income-tax-rates-2026/,https://taxfoundation.org/data/all/state/sales-tax-rates/
27115,2026,0.0527660500000000022364,0.081350205949043408,https://taxfoundation.org/data/all/state/state-income-tax-rates-2026/,https://taxfoundation.org/data/all/state/sales-tax-rates/
27117,2026,0.0527660500000000022364,0.081350205949043408,https://taxfoundation.org/data/all/state/state-income-tax-rates-2026/,https://taxfoundation.org/data/all/state/sales-tax-rates/
27119,2026,0.0527660500000000022364,0.081350205949043408,https://taxfoundation.org/data/all/state/state-income-tax-rates-2026/,https://taxfoundation.org/data/all/state/sales-tax-rates/
27121,2026,0.0527660500000000022364,0.081350205949043408,https://taxfoundation.org/data/all/state/state-income-tax-rates-2026/,https://taxfoundation.org/data/all/state/sales-tax-rates/
27123,2026,0.0527660500000000022364,0.081350205949043408,https://taxfoundation.org/data/all/state/state-income-tax-rates-2026/,https://taxfoundation.org/data/all/state/sales-tax-rates/
27125,2026,0.0527660500000000022364,0.081350205949043408,https://taxfoundation.org/data/all/state/state-income-tax-rates-2026/,https://taxfoundation.org/data/all/state/sales-tax-rates/
27127,2026,0.0527660500000000022364,0.081350205949043408,https://taxfoundation.org/data/all/state/state-income-tax-rates-2026/,https://taxfoundation.org/data/all/state/sales-tax-rates/
27129,2026,0.0527660500000000022364,0.081350205949043408,https://taxfoundation.org/data/all/state/state-income-tax-rates-2026/,https://taxfoundation.org/data/all/state/sales-tax-rates/
27131,2026,0.0527660500000000022364,0.081350205949043408,https://taxfoundation.org/data/all/state/state-income-tax-rates-2026/,https://taxfoundation.org/data/all/state/sales-tax-rates/
27133,2026,0.0527660500000000022364,0.081350205949043408,https://taxfoundation.org/data/all/state/state-income-tax-rates-2026/,https://taxfoundation.org/data/all/state/sales-tax-rates/
27135,2026,0.0527660500000000022364,0.081350205949043408,https://taxfoundation.org/data/all/state/state-income-tax-rates-2026/,https://taxfoundation.org/data/all/state/sales-tax-rates/
27137,2026,0.0527660500000000022364,0.081350205949043408,https://taxfoundation.org/data/all/state/state-income-tax-rates-2026/,https://taxfoundation.org/data/all/state/sales-tax-rates/
27139,2026,0.0527660500000000022364,0.081350205949043408,https://taxfoundation.org/data/all/state/state-income-tax-rates-2026/,https://taxfoundation.org/data/all/state/sales-tax-rates/
27141,2026,0.0527660500000000022364,0.081350205949043408,https://taxfoundation.org/data/all/state/state-income-tax-rates-2026/,https://taxfoundation.org/data/all/state/sales-tax-rates/
27143,2026,0.0527660500000000022364,0.081350205949043408,https://taxfoundation.org/data/all/state/state-income-tax-rates-2026/,https://taxfoundation.org/data/all/state/sales-tax-rates/
27145,2026,0.0527660500000000022364,0.081350205949043408,https://taxfoundation.org/data/all/state/state-income-tax-rates-2026/,https://taxfoundation.org/data/all/state/sales-tax-rates/
27147,2026,0.0527660500000000022364,0.081350205949043408,https://taxfoundation.org/data/all/state/state-income-tax-rates-2026/,https://taxfoundation.org/data/all/state/sales-tax-rates/
27149,2026,0.0527660500000000022364,0.081350205949043408,https://taxfoundation.org/data/all/state/state-income-tax-rates-2026/,https://taxfoundation.org/data/all/state/sales-tax-rates/
27151,2026,0.0527660500000000022364,0.081350205949043408,https://taxfoundation.org/data/all/state/state-income-tax-rates-2026/,https://taxfoundation.org/data/all/state/sales-tax-rates/
27153,2026,0.0527660500000000022364,0.081350205949043408,https://taxfoundation.org/data/all/state/state-income-tax-rates-2026/,https://taxfoundation.org/data/all/state/sales-tax-rates/
27155,2026,0.0527660500000000022364,0.081350205949043408,https://taxfoundation.org/data/all/state/state-income-tax-rates-2026/,https://taxfoundation.org/data/all/state/sales-tax-rates/
27157,2026,0.0527660500000000022364,0.081350205949043408,https://taxfoundation.org/data/all/state/state-income-tax-rates-2026/,https://taxfoundation.org/data/all/state/sales-tax-rates/
27159,2026,0.0527660500000000022364,0.081350205949043408,https://taxfoundation.org/data/all/state/state-income-tax-rates-2026/,https://taxfoundation.org/data/all/state/sales-tax-rates/
27161,2026,0.0527660500000000022364,0.081350205949043408,https://taxfoundation.org/data/all/state/state-income-tax-rates-2026/,https://taxfoundation.org/data/all/state/sales-tax-rates/
27163,2026,0.0527660500000000022364,0.081350205949043408,https://taxfoundation.org/data/all/state/state-income-tax-rates-2026/,https://taxfoundation.org/data/all/state/sales-tax-rates/
27165,2026,0.0527660500000000022364,0.081350205949043408,https://taxfoundation.org/data/all/state/state-income-tax-rates-2026/,https://taxfoundation.org/data/all/state/sales-tax-rates/
27167,2026,0.0527660500000000022364,0.081350205949043408,https://taxfoundation.org/data/all/state/state-income-tax-rates-2026/,https://taxfoundation.org/data/all/state/sales-tax-rates/
27169,2026,0.0527660500000000022364,0.081350205949043408,https://taxfoundation.org/data/all/state/state-income-tax-rates-2026/,https://taxfoundation.org/data/all/state/sales-tax-rates/
27171,2026,0.0527660500000000022364,0.081350205949043408,https://taxfoundation.org/data/all/state/state-income-tax-rates-2026/,https://taxfoundation.org/data/all/state/sales-tax-rates/
27173,2026,0.0527660500000000022364,0.081350205949043408,https://taxfoundation.org/data/all/state/state-income-tax-rates-2026/,https://taxfoundation.org/data/all/state/sales-tax-rates/
28001,2026,0.03268,0.070617844024421242,https://taxfoundation.org/data/all/state/state-income-tax-rates-2026/,https://taxfoundation.org/data/all/state/sales-tax-rates/
28003,2026,0.03268,0.070617844024421242,https://taxfoundation.org/data/all/state/state-income-tax-rates-2026/,https://taxfoundation.org/data/all/state/sales-tax-rates/
28005,2026,0.03268,0.070617844024421242,https://taxfoundation.org/data/all/state/state-income-tax-rates-2026/,https://taxfoundation.org/data/all/state/sales-tax-rates/
28007,2026,0.03268,0.070617844024421242,https://taxfoundation.org/data/all/state/state-income-tax-rates-2026/,https://taxfoundation.org/data/all/state/sales-tax-rates/
28009,2026,0.03268,0.070617844024421242,https://taxfoundation.org/data/all/state/state-income-tax-rates-2026/,https://taxfoundation.org/data/all/state/sales-tax-rates/
28011,2026,0.03268,0.070617844024421242,https://taxfoundation.org/data/all/state/state-income-tax-rates-2026/,https://taxfoundation.org/data/all/state/sales-tax-rates/
28013,2026,0.03268,0.070617844024421242,https://taxfoundation.org/data/all/state/state-income-tax-rates-2026/,https://taxfoundation.org/data/all/state/sales-tax-rates/
28015,2026,0.03268,0.070617844024421242,https://taxfoundation.org/data/all/state/state-income-tax-rates-2026/,https://taxfoundation.org/data/all/state/sales-tax-rates/
28017,2026,0.03268,0.070617844024421242,https://taxfoundation.org/data/all/state/state-income-tax-rates-2026/,https://taxfoundation.org/data/all/state/sales-tax-rates/
28019,2026,0.03268,0.070617844024421242,https://taxfoundation.org/data/all/state/state-income-tax-rates-2026/,https://taxfoundation.org/data/all/state/sales-tax-rates/
28021,2026,0.03268,0.070617844024421242,https://taxfoundation.org/data/all/state/state-income-tax-rates-2026/,https://taxfoundation.org/data/all/state/sales-tax-rates/
28023,2026,0.03268,0.070617844024421242,https://taxfoundation.org/data/all/state/state-income-tax-rates-2026/,https://taxfoundation.org/data/all/state/sales-tax-rates/
28025,2026,0.03268,0.070617844024421242,https://taxfoundation.org/data/all/state/state-income-tax-rates-2026/,https://taxfoundation.org/data/all/state/sales-tax-rates/
28027,2026,0.03268,0.070617844024421242,https://taxfoundation.org/data/all/state/state-income-tax-rates-2026/,https://taxfoundation.org/data/all/state/sales-tax-rates/
28029,2026,0.03268,0.070617844024421242,https://taxfoundation.org/data/all/state/state-income-tax-rates-2026/,https://taxfoundation.org/data/all/state/sales-tax-rates/
28031,2026,0.03268,0.070617844024421242,https://taxfoundation.org/data/all/state/state-income-tax-rates-2026/,https://taxfoundation.org/data/all/state/sales-tax-rates/
28033,2026,0.03268,0.070617844024421242,https://taxfoundation.org/data/all/state/state-income-tax-rates-2026/,https://taxfoundation.org/data/all/state/sales-tax-rates/
28035,2026,0.03268,0.070617844024421242,https://taxfoundation.org/data/all/state/state-income-tax-rates-2026/,https://taxfoundation.org/data/all/state/sales-tax-rates/
28037,2026,0.03268,0.070617844024421242,https://taxfoundation.org/data/all/state/state-income-tax-rates-2026/,https://taxfoundation.org/data/all/state/sales-tax-rates/
28039,2026,0.03268,0.070617844024421242,https://taxfoundation.org/data/all/state/state-income-tax-rates-2026/,https://taxfoundation.org/data/all/state/sales-tax-rates/
28041,2026,0.03268,0.070617844024421242,https://taxfoundation.org/data/all/state/state-income-tax-rates-2026/,https://taxfoundation.org/data/all/state/sales-tax-rates/
28043,2026,0.03268,0.070617844024421242,https://taxfoundation.org/data/all/state/state-income-tax-rates-2026/,https://taxfoundation.org/data/all/state/sales-tax-rates/
28045,2026,0.03268,0.070617844024421242,https://taxfoundation.org/data/all/state/state-income-tax-rates-2026/,https://taxfoundation.org/data/all/state/sales-tax-rates/
28047,2026,0.03268,0.070617844024421242,https://taxfoundation.org/data/all/state/state-income-tax-rates-2026/,https://taxfoundation.org/data/all/state/sales-tax-rates/
28049,2026,0.03268,0.070617844024421242,https://taxfoundation.org/data/all/state/state-income-tax-rates-2026/,https://taxfoundation.org/data/all/state/sales-tax-rates/
28051,2026,0.03268,0.070617844024421242,https://taxfoundation.org/data/all/state/state-income-tax-rates-2026/,https://taxfoundation.org/data/all/state/sales-tax-rates/
28053,2026,0.03268,0.070617844024421242,https://taxfoundation.org/data/all/state/state-income-tax-rates-2026/,https://taxfoundation.org/data/all/state/sales-tax-rates/
28055,2026,0.03268,0.070617844024421242,https://taxfoundation.org/data/all/state/state-income-tax-rates-2026/,https://taxfoundation.org/data/all/state/sales-tax-rates/
28057,2026,0.03268,0.070617844024421242,https://taxfoundation.org/data/all/state/state-income-tax-rates-2026/,https://taxfoundation.org/data/all/state/sales-tax-rates/
28059,2026,0.03268,0.070617844024421242,https://taxfoundation.org/data/all/state/state-income-tax-rates-2026/,https://taxfoundation.org/data/all/state/sales-tax-rates/
28061,2026,0.03268,0.070617844024421242,https://taxfoundation.org/data/all/state/state-income-tax-rates-2026/,https://taxfoundation.org/data/all/state/sales-tax-rates/
28063,2026,0.03268,0.070617844024421242,https://taxfoundation.org/data/all/state/state-income-tax-rates-2026/,https://taxfoundation.org/data/all/state/sales-tax-rates/
28065,2026,0.03268,0.070617844024421242,https://taxfoundation.org/data/all/state/state-income-tax-rates-2026/,https://taxfoundation.org/data/all/state/sales-tax-rates/
28067,2026,0.03268,0.070617844024421242,https://taxfoundation.org/data/all/state/state-income-tax-rates-2026/,https://taxfoundation.org/data/all/state/sales-tax-rates/
28069,2026,0.03268,0.070617844024421242,https://taxfoundation.org/data/all/state/state-income-tax-rates-2026/,https://taxfoundation.org/data/all/state/sales-tax-rates/
28071,2026,0.03268,0.070617844024421242,https://taxfoundation.org/data/all/state/state-income-tax-rates-2026/,https://taxfoundation.org/data/all/state/sales-tax-rates/
28073,2026,0.03268,0.070617844024421242,https://taxfoundation.org/data/all/state/state-income-tax-rates-2026/,https://taxfoundation.org/data/all/state/sales-tax-rates/
28075,2026,0.03268,0.070617844024421242,https://taxfoundation.org/data/all/state/state-income-tax-rates-2026/,https://taxfoundation.org/data/all/state/sales-tax-rates/
28077,2026,0.03268,0.070617844024421242,https://taxfoundation.org/data/all/state/state-income-tax-rates-2026/,https://taxfoundation.org/data/all/state/sales-tax-rates/
28079,2026,0.03268,0.070617844024421242,https://taxfoundation.org/data/all/state/state-income-tax-rates-2026/,https://taxfoundation.org/data/all/state/sales-tax-rates/
28081,2026,0.03268,0.070617844024421242,https://taxfoundation.org/data/all/state/state-income-tax-rates-2026/,https://taxfoundation.org/data/all/state/sales-tax-rates/
28083,2026,0.03268,0.070617844024421242,https://taxfoundation.org/data/all/state/state-income-tax-rates-2026/,https://taxfoundation.org/data/all/state/sales-tax-rates/
28085,2026,0.03268,0.070617844024421242,https://taxfoundation.org/data/all/state/state-income-tax-rates-2026/,https://taxfoundation.org/data/all/state/sales-tax-rates/
28087,2026,0.03268,0.070617844024421242,https://taxfoundation.org/data/all/state/state-income-tax-rates-2026/,https://taxfoundation.org/data/all/state/sales-tax-rates/
28089,2026,0.03268,0.070617844024421242,https://taxfoundation.org/data/all/state/state-income-tax-rates-2026/,https://taxfoundation.org/data/all/state/sales-tax-rates/
28091,2026,0.03268,0.070617844024421242,https://taxfoundation.org/data/all/state/state-income-tax-rates-2026/,https://taxfoundation.org/data/all/state/sales-tax-rates/
28093,2026,0.03268,0.070617844024421242,https://taxfoundation.org/data/all/state/state-income-tax-rates-2026/,https://taxfoundation.org/data/all/state/sales-tax-rates/
28095,2026,0.03268,0.070617844024421242,https://taxfoundation.org/data/all/state/state-income-tax-rates-2026/,https://taxfoundation.org/data/all/state/sales-tax-rates/
28097,2026,0.03268,0.070617844024421242,https://taxfoundation.org/data/all/state/state-income-tax-rates-2026/,https://taxfoundation.org/data/all/state/sales-tax-rates/
28099,2026,0.03268,0.070617844024421242,https://taxfoundation.org/data/all/state/state-income-tax-rates-2026/,https://taxfoundation.org/data/all/state/sales-tax-rates/
28101,2026,0.03268,0.070617844024421242,https://taxfoundation.org/data/all/state/state-income-tax-rates-2026/,https://taxfoundation.org/data/all/state/sales-tax-rates/
28103,2026,0.03268,0.070617844024421242,https://taxfoundation.org/data/all/state/state-income-tax-rates-2026/,https://taxfoundation.org/data/all/state/sales-tax-rates/
28105,2026,0.03268,0.070617844024421242,https://taxfoundation.org/data/all/state/state-income-tax-rates-2026/,https://taxfoundation.org/data/all/state/sales-tax-rates/
28107,2026,0.03268,0.070617844024421242,https://taxfoundation.org/data/all/state/state-income-tax-rates-2026/,https://taxfoundation.org/data/all/state/sales-tax-rates/
28109,2026,0.03268,0.070617844024421242,https://taxfoundation.org/data/all/state/state-income-tax-rates-2026/,https://taxfoundation.org/data/all/state/sales-tax-rates/
28111,2026,0.03268,0.070617844024421242,https://taxfoundation.org/data/all/state/state-income-tax-rates-2026/,https://taxfoundation.org/data/all/state/sales-tax-rates/
28113,2026,0.03268,0.070617844024421242,https://taxfoundation.org/data/all/state/state-income-tax-rates-2026/,https://taxfoundation.org/data/all/state/sales-tax-rates/
28115,2026,0.03268,0.070617844024421242,https://taxfoundation.org/data/all/state/state-income-tax-rates-2026/,https://taxfoundation.org/data/all/state/sales-tax-rates/
28117,2026,0.03268,0.070617844024421242,https://taxfoundation.org/data/all/state/state-income-tax-rates-2026/,https://taxfoundation.org/data/all/state/sales-tax-rates/
28119,2026,0.03268,0.070617844024421242,https://taxfoundation.org/data/all/state/state-income-tax-rates-2026/,https://taxfoundation.org/data/all/state/sales-tax-rates/
28121,2026,0.03268,0.070617844024421242,https://taxfoundation.org/data/all/state/state-income-tax-rates-2026/,https://taxfoundation.org/data/all/state/sales-tax-rates/
28123,2026,0.03268,0.070617844024421242,https://taxfoundation.org/data/all/state/state-income-tax-rates-2026/,https://taxfoundation.org/data/all/state/sales-tax-rates/
28125,2026,0.03268,0.070617844024421242,https://taxfoundation.org/data/all/state/state-income-tax-rates-2026/,https://taxfoundation.org/data/all/state/sales-tax-rates/
28127,2026,0.03268,0.070617844024421242,https://taxfoundation.org/data/all/state/state-income-tax-rates-2026/,https://taxfoundation.org/data/all/state/sales-tax-rates/
28129,2026,0.03268,0.070617844024421242,https://taxfoundation.org/data/all/state/state-income-tax-rates-2026/,https://taxfoundation.org/data/all/state/sales-tax-rates/
28131,2026,0.03268,0.070617844024421242,https://taxfoundation.org/data/all/state/state-income-tax-rates-2026/,https://taxfoundation.org/data/all/state/sales-tax-rates/
28133,2026,0.03268,0.070617844024421242,https://taxfoundation.org/data/all/state/state-income-tax-rates-2026/,https://taxfoundation.org/data/all/state/sales-tax-rates/
28135,2026,0.03268,0.070617844024421242,https://taxfoundation.org/data/all/state/state-income-tax-rates-2026/,https://taxfoundation.org/data/all/state/sales-tax-rates/
28137,2026,0.03268,0.070617844024421242,https://taxfoundation.org/data/all/state/state-income-tax-rates-2026/,https://taxfoundation.org/data/all/state/sales-tax-rates/
28139,2026,0.03268,0.070617844024421242,https://taxfoundation.org/data/all/state/state-income-tax-rates-2026/,https://taxfoundation.org/data/all/state/sales-tax-rates/
28141,2026,0.03268,0.070617844024421242,https://taxfoundation.org/data/all/state/state-income-tax-rates-2026/,https://taxfoundation.org/data/all/state/sales-tax-rates/
28143,2026,0.03268,0.070617844024421242,https://taxfoundation.org/data/all/state/state-income-tax-rates-2026/,https://taxfoundation.org/data/all/state/sales-tax-rates/
28145,2026,0.03268,0.070617844024421242,https://taxfoundation.org/data/all/state/state-income-tax-rates-2026/,https://taxfoundation.org/data/all/state/sales-tax-rates/
28147,2026,0.03268,0.070617844024421242,https://taxfoundation.org/data/all/state/state-income-tax-rates-2026/,https://taxfoundation.org/data/all/state/sales-tax-rates/
28149,2026,0.03268,0.070617844024421242,https://taxfoundation.org/data/all/state/state-income-tax-rates-2026/,https://taxfoundation.org/data/all/state/sales-tax-rates/
28151,2026,0.03268,0.070617844024421242,https://taxfoundation.org/data/all/state/state-income-tax-rates-2026/,https://taxfoundation.org/data/all/state/sales-tax-rates/
28153,2026,0.03268,0.070617844024421242,https://taxfoundation.org/data/all/state/state-income-tax-rates-2026/,https://taxfoundation.org/data/all/state/sales-tax-rates/
28155,2026,0.03268,0.070617844024421242,https://taxfoundation.org/data/all/state/state-income-tax-rates-2026/,https://taxfoundation.org/data/all/state/sales-tax-rates/
28157,2026,0.03268,0.070617844024421242,https://taxfoundation.org/data/all/state/state-income-tax-rates-2026/,https://taxfoundation.org/data/all/state/sales-tax-rates/
28159,2026,0.03268,0.070617844024421242,https://taxfoundation.org/data/all/state/state-income-tax-rates-2026/,https://taxfoundation.org/data/all/state/sales-tax-rates/
28161,2026,0.03268,0.070617844024421242,https://taxfoundation.org/data/all/state/state-income-tax-rates-2026/,https://taxfoundation.org/data/all/state/sales-tax-rates/
28163,2026,0.03268,0.070617844024421242,https://taxfoundation.org/data/all/state/state-income-tax-rates-2026/,https://taxfoundation.org/data/all/state/sales-tax-rates/
29001,2026,0.03762668000000000002696,0.08441420033316295,https://taxfoundation.org/data/all/state/state-income-tax-rates-2026/,https://taxfoundation.org/data/all/state/sales-tax-rates/
29003,2026,0.03762668000000000002696,0.08441420033316295,https://taxfoundation.org/data/all/state/state-income-tax-rates-2026/,https://taxfoundation.org/data/all/state/sales-tax-rates/
29005,2026,0.03762668000000000002696,0.08441420033316295,https://taxfoundation.org/data/all/state/state-income-tax-rates-2026/,https://taxfoundation.org/data/all/state/sales-tax-rates/
29007,2026,0.03762668000000000002696,0.08441420033316295,https://taxfoundation.org/data/all/state/state-income-tax-rates-2026/,https://taxfoundation.org/data/all/state/sales-tax-rates/
29009,2026,0.03762668000000000002696,0.08441420033316295,https://taxfoundation.org/data/all/state/state-income-tax-rates-2026/,https://taxfoundation.org/data/all/state/sales-tax-rates/
29011,2026,0.03762668000000000002696,0.08441420033316295,https://taxfoundation.org/data/all/state/state-income-tax-rates-2026/,https://taxfoundation.org/data/all/state/sales-tax-rates/
29013,2026,0.03762668000000000002696,0.08441420033316295,https://taxfoundation.org/data/all/state/state-income-tax-rates-2026/,https://taxfoundation.org/data/all/state/sales-tax-rates/
29015,2026,0.03762668000000000002696,0.08441420033316295,https://taxfoundation.org/data/all/state/state-income-tax-rates-2026/,https://taxfoundation.org/data/all/state/sales-tax-rates/
29017,2026,0.03762668000000000002696,0.08441420033316295,https://taxfoundation.org/data/all/state/state-income-tax-rates-2026/,https://taxfoundation.org/data/all/state/sales-tax-rates/
29019,2026,0.03762668000000000002696,0.08441420033316295,https://taxfoundation.org/data/all/state/state-income-tax-rates-2026/,https://taxfoundation.org/data/all/state/sales-tax-rates/
29021,2026,0.03762668000000000002696,0.08441420033316295,https://taxfoundation.org/data/all/state/state-income-tax-rates-2026/,https://taxfoundation.org/data/all/state/sales-tax-rates/
29023,2026,0.03762668000000000002696,0.08441420033316295,https://taxfoundation.org/data/all/state/state-income-tax-rates-2026/,https://taxfoundation.org/data/all/state/sales-tax-rates/
29025,2026,0.03762668000000000002696,0.08441420033316295,https://taxfoundation.org/data/all/state/state-income-tax-rates-2026/,https://taxfoundation.org/data/all/state/sales-tax-rates/
29027,2026,0.03762668000000000002696,0.08441420033316295,https://taxfoundation.org/data/all/state/state-income-tax-rates-2026/,https://taxfoundation.org/data/all/state/sales-tax-rates/
29029,2026,0.03762668000000000002696,0.08441420033316295,https://taxfoundation.org/data/all/state/state-income-tax-rates-2026/,https://taxfoundation.org/data/all/state/sales-tax-rates/
29031,2026,0.03762668000000000002696,0.08441420033316295,https://taxfoundation.org/data/all/state/state-income-tax-rates-2026/,https://taxfoundation.org/data/all/state/sales-tax-rates/
29033,2026,0.03762668000000000002696,0.08441420033316295,https://taxfoundation.org/data/all/state/state-income-tax-rates-2026/,https://taxfoundation.org/data/all/state/sales-tax-rates/
29035,2026,0.03762668000000000002696,0.08441420033316295,https://taxfoundation.org/data/all/state/state-income-tax-rates-2026/,https://taxfoundation.org/data/all/state/sales-tax-rates/
29037,2026,0.03762668000000000002696,0.08441420033316295,https://taxfoundation.org/data/all/state/state-income-tax-rates-2026/,https://taxfoundation.org/data/all/state/sales-tax-rates/
29039,2026,0.03762668000000000002696,0.08441420033316295,https://taxfoundation.org/data/all/state/state-income-tax-rates-2026/,https://taxfoundation.org/data/all/state/sales-tax-rates/
29041,2026,0.03762668000000000002696,0.08441420033316295,https://taxfoundation.org/data/all/state/state-income-tax-rates-2026/,https://taxfoundation.org/data/all/state/sales-tax-rates/
29043,2026,0.03762668000000000002696,0.08441420033316295,https://taxfoundation.org/data/all/state/state-income-tax-rates-2026/,https://taxfoundation.org/data/all/state/sales-tax-rates/
29045,2026,0.03762668000000000002696,0.08441420033316295,https://taxfoundation.org/data/all/state/state-income-tax-rates-2026/,https://taxfoundation.org/data/all/state/sales-tax-rates/
29047,2026,0.03762668000000000002696,0.08441420033316295,https://taxfoundation.org/data/all/state/state-income-tax-rates-2026/,https://taxfoundation.org/data/all/state/sales-tax-rates/
29049,2026,0.03762668000000000002696,0.08441420033316295,https://taxfoundation.org/data/all/state/state-income-tax-rates-2026/,https://taxfoundation.org/data/all/state/sales-tax-rates/
29051,2026,0.03762668000000000002696,0.08441420033316295,https://taxfoundation.org/data/all/state/state-income-tax-rates-2026/,https://taxfoundation.org/data/all/state/sales-tax-rates/
29053,2026,0.03762668000000000002696,0.08441420033316295,https://taxfoundation.org/data/all/state/state-income-tax-rates-2026/,https://taxfoundation.org/data/all/state/sales-tax-rates/
29055,2026,0.03762668000000000002696,0.08441420033316295,https://taxfoundation.org/data/all/state/state-income-tax-rates-2026/,https://taxfoundation.org/data/all/state/sales-tax-rates/
29057,2026,0.03762668000000000002696,0.08441420033316295,https://taxfoundation.org/data/all/state/state-income-tax-rates-2026/,https://taxfoundation.org/data/all/state/sales-tax-rates/
29059,2026,0.03762668000000000002696,0.08441420033316295,https://taxfoundation.org/data/all/state/state-income-tax-rates-2026/,https://taxfoundation.org/data/all/state/sales-tax-rates/
29061,2026,0.03762668000000000002696,0.08441420033316295,https://taxfoundation.org/data/all/state/state-income-tax-rates-2026/,https://taxfoundation.org/data/all/state/sales-tax-rates/
29063,2026,0.03762668000000000002696,0.08441420033316295,https://taxfoundation.org/data/all/state/state-income-tax-rates-2026/,https://taxfoundation.org/data/all/state/sales-tax-rates/
29065,2026,0.03762668000000000002696,0.08441420033316295,https://taxfoundation.org/data/all/state/state-income-tax-rates-2026/,https://taxfoundation.org/data/all/state/sales-tax-rates/
29067,2026,0.03762668000000000002696,0.08441420033316295,https://taxfoundation.org/data/all/state/state-income-tax-rates-2026/,https://taxfoundation.org/data/all/state/sales-tax-rates/
29069,2026,0.03762668000000000002696,0.08441420033316295,https://taxfoundation.org/data/all/state/state-income-tax-rates-2026/,https://taxfoundation.org/data/all/state/sales-tax-rates/
29071,2026,0.03762668000000000002696,0.08441420033316295,https://taxfoundation.org/data/all/state/state-income-tax-rates-2026/,https://taxfoundation.org/data/all/state/sales-tax-rates/
29073,2026,0.03762668000000000002696,0.08441420033316295,https://taxfoundation.org/data/all/state/state-income-tax-rates-2026/,https://taxfoundation.org/data/all/state/sales-tax-rates/
29075,2026,0.03762668000000000002696,0.08441420033316295,https://taxfoundation.org/data/all/state/state-income-tax-rates-2026/,https://taxfoundation.org/data/all/state/sales-tax-rates/
29077,2026,0.03762668000000000002696,0.08441420033316295,https://taxfoundation.org/data/all/state/state-income-tax-rates-2026/,https://taxfoundation.org/data/all/state/sales-tax-rates/
29079,2026,0.03762668000000000002696,0.08441420033316295,https://taxfoundation.org/data/all/state/state-income-tax-rates-2026/,https://taxfoundation.org/data/all/state/sales-tax-rates/
29081,2026,0.03762668000000000002696,0.08441420033316295,https://taxfoundation.org/data/all/state/state-income-tax-rates-2026/,https://taxfoundation.org/data/all/state/sales-tax-rates/
29083,2026,0.03762668000000000002696,0.08441420033316295,https://taxfoundation.org/data/all/state/state-income-tax-rates-2026/,https://taxfoundation.org/data/all/state/sales-tax-rates/
29085,2026,0.03762668000000000002696,0.08441420033316295,https://taxfoundation.org/data/all/state/state-income-tax-rates-2026/,https://taxfoundation.org/data/all/state/sales-tax-rates/
29087,2026,0.03762668000000000002696,0.08441420033316295,https://taxfoundation.org/data/all/state/state-income-tax-rates-2026/,https://taxfoundation.org/data/all/state/sales-tax-rates/
29089,2026,0.03762668000000000002696,0.08441420033316295,https://taxfoundation.org/data/all/state/state-income-tax-rates-2026/,https://taxfoundation.org/data/all/state/sales-tax-rates/
29091,2026,0.03762668000000000002696,0.08441420033316295,https://taxfoundation.org/data/all/state/state-income-tax-rates-2026/,https://taxfoundation.org/data/all/state/sales-tax-rates/
29093,2026,0.03762668000000000002696,0.08441420033316295,https://taxfoundation.org/data/all/state/state-income-tax-rates-2026/,https://taxfoundation.org/data/all/state/sales-tax-rates/
29095,2026,0.03762668000000000002696,0.08441420033316295,https://taxfoundation.org/data/all/state/state-income-tax-rates-2026/,https://taxfoundation.org/data/all/state/sales-tax-rates/
29097,2026,0.03762668000000000002696,0.08441420033316295,https://taxfoundation.org/data/all/state/state-income-tax-rates-2026/,https://taxfoundation.org/data/all/state/sales-tax-rates/
29099,2026,0.03762668000000000002696,0.08441420033316295,https://taxfoundation.org/data/all/state/state-income-tax-rates-2026/,https://taxfoundation.org/data/all/state/sales-tax-rates/
29101,2026,0.03762668000000000002696,0.08441420033316295,https://taxfoundation.org/data/all/state/state-income-tax-rates-2026/,https://taxfoundation.org/data/all/state/sales-tax-rates/
29103,2026,0.03762668000000000002696,0.08441420033316295,https://taxfoundation.org/data/all/state/state-income-tax-rates-2026/,https://taxfoundation.org/data/all/state/sales-tax-rates/
29105,2026,0.03762668000000000002696,0.08441420033316295,https://taxfoundation.org/data/all/state/state-income-tax-rates-2026/,https://taxfoundation.org/data/all/state/sales-tax-rates/
29107,2026,0.03762668000000000002696,0.08441420033316295,https://taxfoundation.org/data/all/state/state-income-tax-rates-2026/,https://taxfoundation.org/data/all/state/sales-tax-rates/
29109,2026,0.03762668000000000002696,0.08441420033316295,https://taxfoundation.org/data/all/state/state-income-tax-rates-2026/,https://taxfoundation.org/data/all/state/sales-tax-rates/
29111,2026,0.03762668000000000002696,0.08441420033316295,https://taxfoundation.org/data/all/state/state-income-tax-rates-2026/,https://taxfoundation.org/data/all/state/sales-tax-rates/
29113,2026,0.03762668000000000002696,0.08441420033316295,https://taxfoundation.org/data/all/state/state-income-tax-rates-2026/,https://taxfoundation.org/data/all/state/sales-tax-rates/
29115,2026,0.03762668000000000002696,0.08441420033316295,https://taxfoundation.org/data/all/state/state-income-tax-rates-2026/,https://taxfoundation.org/data/all/state/sales-tax-rates/
29117,2026,0.03762668000000000002696,0.08441420033316295,https://taxfoundation.org/data/all/state/state-income-tax-rates-2026/,https://taxfoundation.org/data/all/state/sales-tax-rates/
29119,2026,0.03762668000000000002696,0.08441420033316295,https://taxfoundation.org/data/all/state/state-income-tax-rates-2026/,https://taxfoundation.org/data/all/state/sales-tax-rates/
29121,2026,0.03762668000000000002696,0.08441420033316295,https://taxfoundation.org/data/all/state/state-income-tax-rates-2026/,https://taxfoundation.org/data/all/state/sales-tax-rates/
29123,2026,0.03762668000000000002696,0.08441420033316295,https://taxfoundation.org/data/all/state/state-income-tax-rates-2026/,https://taxfoundation.org/data/all/state/sales-tax-rates/
29125,2026,0.03762668000000000002696,0.08441420033316295,https://taxfoundation.org/data/all/state/state-income-tax-rates-2026/,https://taxfoundation.org/data/all/state/sales-tax-rates/
29127,2026,0.03762668000000000002696,0.08441420033316295,https://taxfoundation.org/data/all/state/state-income-tax-rates-2026/,https://taxfoundation.org/data/all/state/sales-tax-rates/
29129,2026,0.03762668000000000002696,0.08441420033316295,https://taxfoundation.org/data/all/state/state-income-tax-rates-2026/,https://taxfoundation.org/data/all/state/sales-tax-rates/
29131,2026,0.03762668000000000002696,0.08441420033316295,https://taxfoundation.org/data/all/state/state-income-tax-rates-2026/,https://taxfoundation.org/data/all/state/sales-tax-rates/
29133,2026,0.03762668000000000002696,0.08441420033316295,https://taxfoundation.org/data/all/state/state-income-tax-rates-2026/,https://taxfoundation.org/data/all/state/sales-tax-rates/
29135,2026,0.03762668000000000002696,0.08441420033316295,https://taxfoundation.org/data/all/state/state-income-tax-rates-2026/,https://taxfoundation.org/data/all/state/sales-tax-rates/
29137,2026,0.03762668000000000002696,0.08441420033316295,https://taxfoundation.org/data/all/state/state-income-tax-rates-2026/,https://taxfoundation.org/data/all/state/sales-tax-rates/
29139,2026,0.03762668000000000002696,0.08441420033316295,https://taxfoundation.org/data/all/state/state-income-tax-rates-2026/,https://taxfoundation.org/data/all/state/sales-tax-rates/
29141,2026,0.03762668000000000002696,0.08441420033316295,https://taxfoundation.org/data/all/state/state-income-tax-rates-2026/,https://taxfoundation.org/data/all/state/sales-tax-rates/
29143,2026,0.03762668000000000002696,0.08441420033316295,https://taxfoundation.org/data/all/state/state-income-tax-rates-2026/,https://taxfoundation.org/data/all/state/sales-tax-rates/
29145,2026,0.03762668000000000002696,0.08441420033316295,https://taxfoundation.org/data/all/state/state-income-tax-rates-2026/,https://taxfoundation.org/data/all/state/sales-tax-rates/
29147,2026,0.03762668000000000002696,0.08441420033316295,https://taxfoundation.org/data/all/state/state-income-tax-rates-2026/,https://taxfoundation.org/data/all/state/sales-tax-rates/
29149,2026,0.03762668000000000002696,0.08441420033316295,https://taxfoundation.org/data/all/state/state-income-tax-rates-2026/,https://taxfoundation.org/data/all/state/sales-tax-rates/
29151,2026,0.03762668000000000002696,0.08441420033316295,https://taxfoundation.org/data/all/state/state-income-tax-rates-2026/,https://taxfoundation.org/data/all/state/sales-tax-rates/
29153,2026,0.03762668000000000002696,0.08441420033316295,https://taxfoundation.org/data/all/state/state-income-tax-rates-2026/,https://taxfoundation.org/data/all/state/sales-tax-rates/
29155,2026,0.03762668000000000002696,0.08441420033316295,https://taxfoundation.org/data/all/state/state-income-tax-rates-2026/,https://taxfoundation.org/data/all/state/sales-tax-rates/
29157,2026,0.03762668000000000002696,0.08441420033316295,https://taxfoundation.org/data/all/state/state-income-tax-rates-2026/,https://taxfoundation.org/data/all/state/sales-tax-rates/
29159,2026,0.03762668000000000002696,0.08441420033316295,https://taxfoundation.org/data/all/state/state-income-tax-rates-2026/,https://taxfoundation.org/data/all/state/sales-tax-rates/
29161,2026,0.03762668000000000002696,0.08441420033316295,https://taxfoundation.org/data/all/state/state-income-tax-rates-2026/,https://taxfoundation.org/data/all/state/sales-tax-rates/
29163,2026,0.03762668000000000002696,0.08441420033316295,https://taxfoundation.org/data/all/state/state-income-tax-rates-2026/,https://taxfoundation.org/data/all/state/sales-tax-rates/
29165,2026,0.03762668000000000002696,0.08441420033316295,https://taxfoundation.org/data/all/state/state-income-tax-rates-2026/,https://taxfoundation.org/data/all/state/sales-tax-rates/
29167,2026,0.03762668000000000002696,0.08441420033316295,https://taxfoundation.org/data/all/state/state-income-tax-rates-2026/,https://taxfoundation.org/data/all/state/sales-tax-rates/
29169,2026,0.03762668000000000002696,0.08441420033316295,https://taxfoundation.org/data/all/state/state-income-tax-rates-2026/,https://taxfoundation.org/data/all/state/sales-tax-rates/
29171,2026,0.03762668000000000002696,0.08441420033316295,https://taxfoundation.org/data/all/state/state-income-tax-rates-2026/,https://taxfoundation.org/data/all/state/sales-tax-rates/
29173,2026,0.03762668000000000002696,0.08441420033316295,https://taxfoundation.org/data/all/state/state-income-tax-rates-2026/,https://taxfoundation.org/data/all/state/sales-tax-rates/
29175,2026,0.03762668000000000002696,0.08441420033316295,https://taxfoundation.org/data/all/state/state-income-tax-rates-2026/,https://taxfoundation.org/data/all/state/sales-tax-rates/
29177,2026,0.03762668000000000002696,0.08441420033316295,https://taxfoundation.org/data/all/state/state-income-tax-rates-2026/,https://taxfoundation.org/data/all/state/sales-tax-rates/
29179,2026,0.03762668000000000002696,0.08441420033316295,https://taxfoundation.org/data/all/state/state-income-tax-rates-2026/,https://taxfoundation.org/data/all/state/sales-tax-rates/
29181,2026,0.03762668000000000002696,0.08441420033316295,https://taxfoundation.org/data/all/state/state-income-tax-rates-2026/,https://taxfoundation.org/data/all/state/sales-tax-rates/
29183,2026,0.03762668000000000002696,0.08441420033316295,https://taxfoundation.org/data/all/state/state-income-tax-rates-2026/,https://taxfoundation.org/data/all/state/sales-tax-rates/
29185,2026,0.03762668000000000002696,0.08441420033316295,https://taxfoundation.org/data/all/state/state-income-tax-rates-2026/,https://taxfoundation.org/data/all/state/sales-tax-rates/
29186,2026,0.03762668000000000002696,0.08441420033316295,https://taxfoundation.org/data/all/state/state-income-tax-rates-2026/,https://taxfoundation.org/data/all/state/sales-tax-rates/
29187,2026,0.03762668000000000002696,0.08441420033316295,https://taxfoundation.org/data/all/state/state-income-tax-rates-2026/,https://taxfoundation.org/data/all/state/sales-tax-rates/
29189,2026,0.03762668000000000002696,0.08441420033316295,https://taxfoundation.org/data/all/state/state-income-tax-rates-2026/,https://taxfoundation.org/data/all/state/sales-tax-rates/
29195,2026,0.03762668000000000002696,0.08441420033316295,https://taxfoundation.org/data/all/state/state-income-tax-rates-2026/,https://taxfoundation.org/data/all/state/sales-tax-rates/
29197,2026,0.03762668000000000002696,0.08441420033316295,https://taxfoundation.org/data/all/state/state-income-tax-rates-2026/,https://taxfoundation.org/data/all/state/sales-tax-rates/
29199,2026,0.03762668000000000002696,0.08441420033316295,https://taxfoundation.org/data/all/state/state-income-tax-rates-2026/,https://taxfoundation.org/data/all/state/sales-tax-rates/
29201,2026,0.03762668000000000002696,0.08441420033316295,https://taxfoundation.org/data/all/state/state-income-tax-rates-2026/,https://taxfoundation.org/data/all/state/sales-tax-rates/
29203,2026,0.03762668000000000002696,0.08441420033316295,https://taxfoundation.org/data/all/state/state-income-tax-rates-2026/,https://taxfoundation.org/data/all/state/sales-tax-rates/
29205,2026,0.03762668000000000002696,0.08441420033316295,https://taxfoundation.org/data/all/state/state-income-tax-rates-2026/,https://taxfoundation.org/data/all/state/sales-tax-rates/
29207,2026,0.03762668000000000002696,0.08441420033316295,https://taxfoundation.org/data/all/state/state-income-tax-rates-2026/,https://taxfoundation.org/data/all/state/sales-tax-rates/
29209,2026,0.03762668000000000002696,0.08441420033316295,https://taxfoundation.org/data/all/state/state-income-tax-rates-2026/,https://taxfoundation.org/data/all/state/sales-tax-rates/
29211,2026,0.03762668000000000002696,0.08441420033316295,https://taxfoundation.org/data/all/state/state-income-tax-rates-2026/,https://taxfoundation.org/data/all/state/sales-tax-rates/
29213,2026,0.03762668000000000002696,0.08441420033316295,https://taxfoundation.org/data/all/state/state-income-tax-rates-2026/,https://taxfoundation.org/data/all/state/sales-tax-rates/
29215,2026,0.03762668000000000002696,0.08441420033316295,https://taxfoundation.org/data/all/state/state-income-tax-rates-2026/,https://taxfoundation.org/data/all/state/sales-tax-rates/
29217,2026,0.03762668000000000002696,0.08441420033316295,https://taxfoundation.org/data/all/state/state-income-tax-rates-2026/,https://taxfoundation.org/data/all/state/sales-tax-rates/
29219,2026,0.03762668000000000002696,0.08441420033316295,https://taxfoundation.org/data/all/state/state-income-tax-rates-2026/,https://taxfoundation.org/data/all/state/sales-tax-rates/
29221,2026,0.03762668000000000002696,0.08441420033316295,https://taxfoundation.org/data/all/state/state-income-tax-rates-2026/,https://taxfoundation.org/data/all/state/sales-tax-rates/
29223,2026,0.03762668000000000002696,0.08441420033316295,https://taxfoundation.org/data/all/state/state-income-tax-rates-2026/,https://taxfoundation.org/data/all/state/sales-tax-rates/
29225,2026,0.03762668000000000002696,0.08441420033316295,https://taxfoundation.org/data/all/state/state-income-tax-rates-2026/,https://taxfoundation.org/data/all/state/sales-tax-rates/
29227,2026,0.03762668000000000002696,0.08441420033316295,https://taxfoundation.org/data/all/state/state-income-tax-rates-2026/,https://taxfoundation.org/data/all/state/sales-tax-rates/
29229,2026,0.03762668000000000002696,0.08441420033316295,https://taxfoundation.org/data/all/state/state-income-tax-rates-2026/,https://taxfoundation.org/data/all/state/sales-tax-rates/
29510,2026,0.03762668000000000002696,0.08441420033316295,https://taxfoundation.org/data/all/state/state-income-tax-rates-2026/,https://taxfoundation.org/data/all/state/sales-tax-rates/
30001,2026,0.042891000000000000728,0,https://taxfoundation.org/data/all/state/state-income-tax-rates-2026/,https://taxfoundation.org/data/all/state/sales-tax-rates/
30003,2026,0.042891000000000000728,0,https://taxfoundation.org/data/all/state/state-income-tax-rates-2026/,https://taxfoundation.org/data/all/state/sales-tax-rates/
30005,2026,0.042891000000000000728,0,https://taxfoundation.org/data/all/state/state-income-tax-rates-2026/,https://taxfoundation.org/data/all/state/sales-tax-rates/
30007,2026,0.042891000000000000728,0,https://taxfoundation.org/data/all/state/state-income-tax-rates-2026/,https://taxfoundation.org/data/all/state/sales-tax-rates/
30009,2026,0.042891000000000000728,0,https://taxfoundation.org/data/all/state/state-income-tax-rates-2026/,https://taxfoundation.org/data/all/state/sales-tax-rates/
30011,2026,0.042891000000000000728,0,https://taxfoundation.org/data/all/state/state-income-tax-rates-2026/,https://taxfoundation.org/data/all/state/sales-tax-rates/
30013,2026,0.042891000000000000728,0,https://taxfoundation.org/data/all/state/state-income-tax-rates-2026/,https://taxfoundation.org/data/all/state/sales-tax-rates/
30015,2026,0.042891000000000000728,0,https://taxfoundation.org/data/all/state/state-income-tax-rates-2026/,https://taxfoundation.org/data/all/state/sales-tax-rates/
30017,2026,0.042891000000000000728,0,https://taxfoundation.org/data/all/state/state-income-tax-rates-2026/,https://taxfoundation.org/data/all/state/sales-tax-rates/
30019,2026,0.042891000000000000728,0,https://taxfoundation.org/data/all/state/state-income-tax-rates-2026/,https://taxfoundation.org/data/all/state/sales-tax-rates/
30021,2026,0.042891000000000000728,0,https://taxfoundation.org/data/all/state/state-income-tax-rates-2026/,https://taxfoundation.org/data/all/state/sales-tax-rates/
30023,2026,0.042891000000000000728,0,https://taxfoundation.org/data/all/state/state-income-tax-rates-2026/,https://taxfoundation.org/data/all/state/sales-tax-rates/
30025,2026,0.042891000000000000728,0,https://taxfoundation.org/data/all/state/state-income-tax-rates-2026/,https://taxfoundation.org/data/all/state/sales-tax-rates/
30027,2026,0.042891000000000000728,0,https://taxfoundation.org/data/all/state/state-income-tax-rates-2026/,https://taxfoundation.org/data/all/state/sales-tax-rates/
30029,2026,0.042891000000000000728,0,https://taxfoundation.org/data/all/state/state-income-tax-rates-2026/,https://taxfoundation.org/data/all/state/sales-tax-rates/
30031,2026,0.042891000000000000728,0,https://taxfoundation.org/data/all/state/state-income-tax-rates-2026/,https://taxfoundation.org/data/all/state/sales-tax-rates/
30033,2026,0.042891000000000000728,0,https://taxfoundation.org/data/all/state/state-income-tax-rates-2026/,https://taxfoundation.org/data/all/state/sales-tax-rates/
30035,2026,0.042891000000000000728,0,https://taxfoundation.org/data/all/state/state-income-tax-rates-2026/,https://taxfoundation.org/data/all/state/sales-tax-rates/
30037,2026,0.042891000000000000728,0,https://taxfoundation.org/data/all/state/state-income-tax-rates-2026/,https://taxfoundation.org/data/all/state/sales-tax-rates/
30039,2026,0.042891000000000000728,0,https://taxfoundation.org/data/all/state/state-income-tax-rates-2026/,https://taxfoundation.org/data/all/state/sales-tax-rates/
30041,2026,0.042891000000000000728,0,https://taxfoundation.org/data/all/state/state-income-tax-rates-2026/,https://taxfoundation.org/data/all/state/sales-tax-rates/
30043,2026,0.042891000000000000728,0,https://taxfoundation.org/data/all/state/state-income-tax-rates-2026/,https://taxfoundation.org/data/all/state/sales-tax-rates/
30045,2026,0.042891000000000000728,0,https://taxfoundation.org/data/all/state/state-income-tax-rates-2026/,https://taxfoundation.org/data/all/state/sales-tax-rates/
30047,2026,0.042891000000000000728,0,https://taxfoundation.org/data/all/state/state-income-tax-rates-2026/,https://taxfoundation.org/data/all/state/sales-tax-rates/
30049,2026,0.042891000000000000728,0,https://taxfoundation.org/data/all/state/state-income-tax-rates-2026/,https://taxfoundation.org/data/all/state/sales-tax-rates/
30051,2026,0.042891000000000000728,0,https://taxfoundation.org/data/all/state/state-income-tax-rates-2026/,https://taxfoundation.org/data/all/state/sales-tax-rates/
30053,2026,0.042891000000000000728,0,https://taxfoundation.org/data/all/state/state-income-tax-rates-2026/,https://taxfoundation.org/data/all/state/sales-tax-rates/
30055,2026,0.042891000000000000728,0,https://taxfoundation.org/data/all/state/state-income-tax-rates-2026/,https://taxfoundation.org/data/all/state/sales-tax-rates/
30057,2026,0.042891000000000000728,0,https://taxfoundation.org/data/all/state/state-income-tax-rates-2026/,https://taxfoundation.org/data/all/state/sales-tax-rates/
30059,2026,0.042891000000000000728,0,https://taxfoundation.org/data/all/state/state-income-tax-rates-2026/,https://taxfoundation.org/data/all/state/sales-tax-rates/
30061,2026,0.042891000000000000728,0,https://taxfoundation.org/data/all/state/state-income-tax-rates-2026/,https://taxfoundation.org/data/all/state/sales-tax-rates/
30063,2026,0.042891000000000000728,0,https://taxfoundation.org/data/all/state/state-income-tax-rates-2026/,https://taxfoundation.org/data/all/state/sales-tax-rates/
30065,2026,0.042891000000000000728,0,https://taxfoundation.org/data/all/state/state-income-tax-rates-2026/,https://taxfoundation.org/data/all/state/sales-tax-rates/
30067,2026,0.042891000000000000728,0,https://taxfoundation.org/data/all/state/state-income-tax-rates-2026/,https://taxfoundation.org/data/all/state/sales-tax-rates/
30069,2026,0.042891000000000000728,0,https://taxfoundation.org/data/all/state/state-income-tax-rates-2026/,https://taxfoundation.org/data/all/state/sales-tax-rates/
30071,2026,0.042891000000000000728,0,https://taxfoundation.org/data/all/state/state-income-tax-rates-2026/,https://taxfoundation.org/data/all/state/sales-tax-rates/
30073,2026,0.042891000000000000728,0,https://taxfoundation.org/data/all/state/state-income-tax-rates-2026/,https://taxfoundation.org/data/all/state/sales-tax-rates/
30075,2026,0.042891000000000000728,0,https://taxfoundation.org/data/all/state/state-income-tax-rates-2026/,https://taxfoundation.org/data/all/state/sales-tax-rates/
30077,2026,0.042891000000000000728,0,https://taxfoundation.org/data/all/state/state-income-tax-rates-2026/,https://taxfoundation.org/data/all/state/sales-tax-rates/
30079,2026,0.042891000000000000728,0,https://taxfoundation.org/data/all/state/state-income-tax-rates-2026/,https://taxfoundation.org/data/all/state/sales-tax-rates/
30081,2026,0.042891000000000000728,0,https://taxfoundation.org/data/all/state/state-income-tax-rates-2026/,https://taxfoundation.org/data/all/state/sales-tax-rates/
30083,2026,0.042891000000000000728,0,https://taxfoundation.org/data/all/state/state-income-tax-rates-2026/,https://taxfoundation.org/data/all/state/sales-tax-rates/
30085,2026,0.042891000000000000728,0,https://taxfoundation.org/data/all/state/state-income-tax-rates-2026/,https://taxfoundation.org/data/all/state/sales-tax-rates/
30087,2026,0.042891000000000000728,0,https://taxfoundation.org/data/all/state/state-income-tax-rates-2026/,https://taxfoundation.org/data/all/state/sales-tax-rates/
30089,2026,0.042891000000000000728,0,https://taxfoundation.org/data/all/state/state-income-tax-rates-2026/,https://taxfoundation.org/data/all/state/sales-tax-rates/
30091,2026,0.042891000000000000728,0,https://taxfoundation.org/data/all/state/state-income-tax-rates-2026/,https://taxfoundation.org/data/all/state/sales-tax-rates/
30093,2026,0.042891000000000000728,0,https://taxfoundation.org/data/all/state/state-income-tax-rates-2026/,https://taxfoundation.org/data/all/state/sales-tax-rates/
30095,2026,0.042891000000000000728,0,https://taxfoundation.org/data/all/state/state-income-tax-rates-2026/,https://taxfoundation.org/data/all/state/sales-tax-rates/
30097,2026,0.042891000000000000728,0,https://taxfoundation.org/data/all/state/state-income-tax-rates-2026/,https://taxfoundation.org/data/all/state/sales-tax-rates/
30099,2026,0.042891000000000000728,0,https://taxfoundation.org/data/all/state/state-income-tax-rates-2026/,https://taxfoundation.org/data/all/state/sales-tax-rates/
30101,2026,0.042891000000000000728,0,https://taxfoundation.org/data/all/state/state-income-tax-rates-2026/,https://taxfoundation.org/data/all/state/sales-tax-rates/
30103,2026,0.042891000000000000728,0,https://taxfoundation.org/data/all/state/state-income-tax-rates-2026/,https://taxfoundation.org/data/all/state/sales-tax-rates/
30105,2026,0.042891000000000000728,0,https://taxfoundation.org/data/all/state/state-income-tax-rates-2026/,https://taxfoundation.org/data/all/state/sales-tax-rates/
30107,2026,0.042891000000000000728,0,https://taxfoundation.org/data/all/state/state-income-tax-rates-2026/,https://taxfoundation.org/data/all/state/sales-tax-rates/
30109,2026,0.042891000000000000728,0,https://taxfoundation.org/data/all/state/state-income-tax-rates-2026/,https://taxfoundation.org/data/all/state/sales-tax-rates/
30111,2026,0.042891000000000000728,0,https://taxfoundation.org/data/all/state/state-income-tax-rates-2026/,https://taxfoundation.org/data/all/state/sales-tax-rates/
31001,2026,0.0367045599999999991298,0.069819901536526036,https://taxfoundation.org/data/all/state/state-income-tax-rates-2026/,https://taxfoundation.org/data/all/state/sales-tax-rates/
31003,2026,0.0367045599999999991298,0.069819901536526036,https://taxfoundation.org/data/all/state/state-income-tax-rates-2026/,https://taxfoundation.org/data/all/state/sales-tax-rates/
31005,2026,0.0367045599999999991298,0.069819901536526036,https://taxfoundation.org/data/all/state/state-income-tax-rates-2026/,https://taxfoundation.org/data/all/state/sales-tax-rates/
31007,2026,0.0367045599999999991298,0.069819901536526036,https://taxfoundation.org/data/all/state/state-income-tax-rates-2026/,https://taxfoundation.org/data/all/state/sales-tax-rates/
31009,2026,0.0367045599999999991298,0.069819901536526036,https://taxfoundation.org/data/all/state/state-income-tax-rates-2026/,https://taxfoundation.org/data/all/state/sales-tax-rates/
31011,2026,0.0367045599999999991298,0.069819901536526036,https://taxfoundation.org/data/all/state/state-income-tax-rates-2026/,https://taxfoundation.org/data/all/state/sales-tax-rates/
31013,2026,0.0367045599999999991298,0.069819901536526036,https://taxfoundation.org/data/all/state/state-income-tax-rates-2026/,https://taxfoundation.org/data/all/state/sales-tax-rates/
31015,2026,0.0367045599999999991298,0.069819901536526036,https://taxfoundation.org/data/all/state/state-income-tax-rates-2026/,https://taxfoundation.org/data/all/state/sales-tax-rates/
31017,2026,0.0367045599999999991298,0.069819901536526036,https://taxfoundation.org/data/all/state/state-income-tax-rates-2026/,https://taxfoundation.org/data/all/state/sales-tax-rates/
31019,2026,0.0367045599999999991298,0.069819901536526036,https://taxfoundation.org/data/all/state/state-income-tax-rates-2026/,https://taxfoundation.org/data/all/state/sales-tax-rates/
31021,2026,0.0367045599999999991298,0.069819901536526036,https://taxfoundation.org/data/all/state/state-income-tax-rates-2026/,https://taxfoundation.org/data/all/state/sales-tax-rates/
31023,2026,0.0367045599999999991298,0.069819901536526036,https://taxfoundation.org/data/all/state/state-income-tax-rates-2026/,https://taxfoundation.org/data/all/state/sales-tax-rates/
31025,2026,0.0367045599999999991298,0.069819901536526036,https://taxfoundation.org/data/all/state/state-income-tax-rates-2026/,https://taxfoundation.org/data/all/state/sales-tax-rates/
31027,2026,0.0367045599999999991298,0.069819901536526036,https://taxfoundation.org/data/all/state/state-income-tax-rates-2026/,https://taxfoundation.org/data/all/state/sales-tax-rates/
31029,2026,0.0367045599999999991298,0.069819901536526036,https://taxfoundation.org/data/all/state/state-income-tax-rates-2026/,https://taxfoundation.org/data/all/state/sales-tax-rates/
31031,2026,0.0367045599999999991298,0.069819901536526036,https://taxfoundation.org/data/all/state/state-income-tax-rates-2026/,https://taxfoundation.org/data/all/state/sales-tax-rates/
31033,2026,0.0367045599999999991298,0.069819901536526036,https://taxfoundation.org/data/all/state/state-income-tax-rates-2026/,https://taxfoundation.org/data/all/state/sales-tax-rates/
31035,2026,0.0367045599999999991298,0.069819901536526036,https://taxfoundation.org/data/all/state/state-income-tax-rates-2026/,https://taxfoundation.org/data/all/state/sales-tax-rates/
31037,2026,0.0367045599999999991298,0.069819901536526036,https://taxfoundation.org/data/all/state/state-income-tax-rates-2026/,https://taxfoundation.org/data/all/state/sales-tax-rates/
31039,2026,0.0367045599999999991298,0.069819901536526036,https://taxfoundation.org/data/all/state/state-income-tax-rates-2026/,https://taxfoundation.org/data/all/state/sales-tax-rates/
31041,2026,0.0367045599999999991298,0.069819901536526036,https://taxfoundation.org/data/all/state/state-income-tax-rates-2026/,https://taxfoundation.org/data/all/state/sales-tax-rates/
31043,2026,0.0367045599999999991298,0.069819901536526036,https://taxfoundation.org/data/all/state/state-income-tax-rates-2026/,https://taxfoundation.org/data/all/state/sales-tax-rates/
31045,2026,0.0367045599999999991298,0.069819901536526036,https://taxfoundation.org/data/all/state/state-income-tax-rates-2026/,https://taxfoundation.org/data/all/state/sales-tax-rates/
31047,2026,0.0367045599999999991298,0.069819901536526036,https://taxfoundation.org/data/all/state/state-income-tax-rates-2026/,https://taxfoundation.org/data/all/state/sales-tax-rates/
31049,2026,0.0367045599999999991298,0.069819901536526036,https://taxfoundation.org/data/all/state/state-income-tax-rates-2026/,https://taxfoundation.org/data/all/state/sales-tax-rates/
31051,2026,0.0367045599999999991298,0.069819901536526036,https://taxfoundation.org/data/all/state/state-income-tax-rates-2026/,https://taxfoundation.org/data/all/state/sales-tax-rates/
31053,2026,0.0367045599999999991298,0.069819901536526036,https://taxfoundation.org/data/all/state/state-income-tax-rates-2026/,https://taxfoundation.org/data/all/state/sales-tax-rates/
31055,2026,0.0367045599999999991298,0.069819901536526036,https://taxfoundation.org/data/all/state/state-income-tax-rates-2026/,https://taxfoundation.org/data/all/state/sales-tax-rates/
31057,2026,0.0367045599999999991298,0.069819901536526036,https://taxfoundation.org/data/all/state/state-income-tax-rates-2026/,https://taxfoundation.org/data/all/state/sales-tax-rates/
31059,2026,0.0367045599999999991298,0.069819901536526036,https://taxfoundation.org/data/all/state/state-income-tax-rates-2026/,https://taxfoundation.org/data/all/state/sales-tax-rates/
31061,2026,0.0367045599999999991298,0.069819901536526036,https://taxfoundation.org/data/all/state/state-income-tax-rates-2026/,https://taxfoundation.org/data/all/state/sales-tax-rates/
31063,2026,0.0367045599999999991298,0.069819901536526036,https://taxfoundation.org/data/all/state/state-income-tax-rates-2026/,https://taxfoundation.org/data/all/state/sales-tax-rates/
31065,2026,0.0367045599999999991298,0.069819901536526036,https://taxfoundation.org/data/all/state/state-income-tax-rates-2026/,https://taxfoundation.org/data/all/state/sales-tax-rates/
31067,2026,0.0367045599999999991298,0.069819901536526036,https://taxfoundation.org/data/all/state/state-income-tax-rates-2026/,https://taxfoundation.org/data/all/state/sales-tax-rates/
31069,2026,0.0367045599999999991298,0.069819901536526036,https://taxfoundation.org/data/all/state/state-income-tax-rates-2026/,https://taxfoundation.org/data/all/state/sales-tax-rates/
31071,2026,0.0367045599999999991298,0.069819901536526036,https://taxfoundation.org/data/all/state/state-income-tax-rates-2026/,https://taxfoundation.org/data/all/state/sales-tax-rates/
31073,2026,0.0367045599999999991298,0.069819901536526036,https://taxfoundation.org/data/all/state/state-income-tax-rates-2026/,https://taxfoundation.org/data/all/state/sales-tax-rates/
31075,2026,0.0367045599999999991298,0.069819901536526036,https://taxfoundation.org/data/all/state/state-income-tax-rates-2026/,https://taxfoundation.org/data/all/state/sales-tax-rates/
31077,2026,0.0367045599999999991298,0.069819901536526036,https://taxfoundation.org/data/all/state/state-income-tax-rates-2026/,https://taxfoundation.org/data/all/state/sales-tax-rates/
31079,2026,0.0367045599999999991298,0.069819901536526036,https://taxfoundation.org/data/all/state/state-income-tax-rates-2026/,https://taxfoundation.org/data/all/state/sales-tax-rates/
31081,2026,0.0367045599999999991298,0.069819901536526036,https://taxfoundation.org/data/all/state/state-income-tax-rates-2026/,https://taxfoundation.org/data/all/state/sales-tax-rates/
31083,2026,0.0367045599999999991298,0.069819901536526036,https://taxfoundation.org/data/all/state/state-income-tax-rates-2026/,https://taxfoundation.org/data/all/state/sales-tax-rates/
31085,2026,0.0367045599999999991298,0.069819901536526036,https://taxfoundation.org/data/all/state/state-income-tax-rates-2026/,https://taxfoundation.org/data/all/state/sales-tax-rates/
31087,2026,0.0367045599999999991298,0.069819901536526036,https://taxfoundation.org/data/all/state/state-income-tax-rates-2026/,https://taxfoundation.org/data/all/state/sales-tax-rates/
31089,2026,0.0367045599999999991298,0.069819901536526036,https://taxfoundation.org/data/all/state/state-income-tax-rates-2026/,https://taxfoundation.org/data/all/state/sales-tax-rates/
31091,2026,0.0367045599999999991298,0.069819901536526036,https://taxfoundation.org/data/all/state/state-income-tax-rates-2026/,https://taxfoundation.org/data/all/state/sales-tax-rates/
31093,2026,0.0367045599999999991298,0.069819901536526036,https://taxfoundation.org/data/all/state/state-income-tax-rates-2026/,https://taxfoundation.org/data/all/state/sales-tax-rates/
31095,2026,0.0367045599999999991298,0.069819901536526036,https://taxfoundation.org/data/all/state/state-income-tax-rates-2026/,https://taxfoundation.org/data/all/state/sales-tax-rates/
31097,2026,0.0367045599999999991298,0.069819901536526036,https://taxfoundation.org/data/all/state/state-income-tax-rates-2026/,https://taxfoundation.org/data/all/state/sales-tax-rates/
31099,2026,0.0367045599999999991298,0.069819901536526036,https://taxfoundation.org/data/all/state/state-income-tax-rates-2026/,https://taxfoundation.org/data/all/state/sales-tax-rates/
31101,2026,0.0367045599999999991298,0.069819901536526036,https://taxfoundation.org/data/all/state/state-income-tax-rates-2026/,https://taxfoundation.org/data/all/state/sales-tax-rates/
31103,2026,0.0367045599999999991298,0.069819901536526036,https://taxfoundation.org/data/all/state/state-income-tax-rates-2026/,https://taxfoundation.org/data/all/state/sales-tax-rates/
31105,2026,0.0367045599999999991298,0.069819901536526036,https://taxfoundation.org/data/all/state/state-income-tax-rates-2026/,https://taxfoundation.org/data/all/state/sales-tax-rates/
31107,2026,0.0367045599999999991298,0.069819901536526036,https://taxfoundation.org/data/all/state/state-income-tax-rates-2026/,https://taxfoundation.org/data/all/state/sales-tax-rates/
31109,2026,0.0367045599999999991298,0.069819901536526036,https://taxfoundation.org/data/all/state/state-income-tax-rates-2026/,https://taxfoundation.org/data/all/state/sales-tax-rates/
31111,2026,0.0367045599999999991298,0.069819901536526036,https://taxfoundation.org/data/all/state/state-income-tax-rates-2026/,https://taxfoundation.org/data/all/state/sales-tax-rates/
31113,2026,0.0367045599999999991298,0.069819901536526036,https://taxfoundation.org/data/all/state/state-income-tax-rates-2026/,https://taxfoundation.org/data/all/state/sales-tax-rates/
31115,2026,0.0367045599999999991298,0.069819901536526036,https://taxfoundation.org/data/all/state/state-income-tax-rates-2026/,https://taxfoundation.org/data/all/state/sales-tax-rates/
31117,2026,0.0367045599999999991298,0.069819901536526036,https://taxfoundation.org/data/all/state/state-income-tax-rates-2026/,https://taxfoundation.org/data/all/state/sales-tax-rates/
31119,2026,0.0367045599999999991298,0.069819901536526036,https://taxfoundation.org/data/all/state/state-income-tax-rates-2026/,https://taxfoundation.org/data/all/state/sales-tax-rates/
31121,2026,0.0367045599999999991298,0.069819901536526036,https://taxfoundation.org/data/all/state/state-income-tax-rates-2026/,https://taxfoundation.org/data/all/state/sales-tax-rates/
31123,2026,0.0367045599999999991298,0.069819901536526036,https://taxfoundation.org/data/all/state/state-income-tax-rates-2026/,https://taxfoundation.org/data/all/state/sales-tax-rates/
31125,2026,0.0367045599999999991298,0.069819901536526036,https://taxfoundation.org/data/all/state/state-income-tax-rates-2026/,https://taxfoundation.org/data/all/state/sales-tax-rates/
31127,2026,0.0367045599999999991298,0.069819901536526036,https://taxfoundation.org/data/all/state/state-income-tax-rates-2026/,https://taxfoundation.org/data/all/state/sales-tax-rates/
31129,2026,0.0367045599999999991298,0.069819901536526036,https://taxfoundation.org/data/all/state/state-income-tax-rates-2026/,https://taxfoundation.org/data/all/state/sales-tax-rates/
31131,2026,0.0367045599999999991298,0.069819901536526036,https://taxfoundation.org/data/all/state/state-income-tax-rates-2026/,https://taxfoundation.org/data/all/state/sales-tax-rates/
31133,2026,0.0367045599999999991298,0.069819901536526036,https://taxfoundation.org/data/all/state/state-income-tax-rates-2026/,https://taxfoundation.org/data/all/state/sales-tax-rates/
31135,2026,0.0367045599999999991298,0.069819901536526036,https://taxfoundation.org/data/all/state/state-income-tax-rates-2026/,https://taxfoundation.org/data/all/state/sales-tax-rates/
31137,2026,0.0367045599999999991298,0.069819901536526036,https://taxfoundation.org/data/all/state/state-income-tax-rates-2026/,https://taxfoundation.org/data/all/state/sales-tax-rates/
31139,2026,0.0367045599999999991298,0.069819901536526036,https://taxfoundation.org/data/all/state/state-income-tax-rates-2026/,https://taxfoundation.org/data/all/state/sales-tax-rates/
31141,2026,0.0367045599999999991298,0.069819901536526036,https://taxfoundation.org/data/all/state/state-income-tax-rates-2026/,https://taxfoundation.org/data/all/state/sales-tax-rates/
31143,2026,0.0367045599999999991298,0.069819901536526036,https://taxfoundation.org/data/all/state/state-income-tax-rates-2026/,https://taxfoundation.org/data/all/state/sales-tax-rates/
31145,2026,0.0367045599999999991298,0.069819901536526036,https://taxfoundation.org/data/all/state/state-income-tax-rates-2026/,https://taxfoundation.org/data/all/state/sales-tax-rates/
31147,2026,0.0367045599999999991298,0.069819901536526036,https://taxfoundation.org/data/all/state/state-income-tax-rates-2026/,https://taxfoundation.org/data/all/state/sales-tax-rates/
31149,2026,0.0367045599999999991298,0.069819901536526036,https://taxfoundation.org/data/all/state/state-income-tax-rates-2026/,https://taxfoundation.org/data/all/state/sales-tax-rates/
31151,2026,0.0367045599999999991298,0.069819901536526036,https://taxfoundation.org/data/all/state/state-income-tax-rates-2026/,https://taxfoundation.org/data/all/state/sales-tax-rates/
31153,2026,0.0367045599999999991298,0.069819901536526036,https://taxfoundation.org/data/all/state/state-income-tax-rates-2026/,https://taxfoundation.org/data/all/state/sales-tax-rates/
31155,2026,0.0367045599999999991298,0.069819901536526036,https://taxfoundation.org/data/all/state/state-income-tax-rates-2026/,https://taxfoundation.org/data/all/state/sales-tax-rates/
31157,2026,0.0367045599999999991298,0.069819901536526036,https://taxfoundation.org/data/all/state/state-income-tax-rates-2026/,https://taxfoundation.org/data/all/state/sales-tax-rates/
31159,2026,0.0367045599999999991298,0.069819901536526036,https://taxfoundation.org/data/all/state/state-income-tax-rates-2026/,https://taxfoundation.org/data/all/state/sales-tax-rates/
31161,2026,0.0367045599999999991298,0.069819901536526036,https://taxfoundation.org/data/all/state/state-income-tax-rates-2026/,https://taxfoundation.org/data/all/state/sales-tax-rates/
31163,2026,0.0367045599999999991298,0.069819901536526036,https://taxfoundation.org/data/all/state/state-income-tax-rates-2026/,https://taxfoundation.org/data/all/state/sales-tax-rates/
31165,2026,0.0367045599999999991298,0.069819901536526036,https://taxfoundation.org/data/all/state/state-income-tax-rates-2026/,https://taxfoundation.org/data/all/state/sales-tax-rates/
31167,2026,0.0367045599999999991298,0.069819901536526036,https://taxfoundation.org/data/all/state/state-income-tax-rates-2026/,https://taxfoundation.org/data/all/state/sales-tax-rates/
31169,2026,0.0367045599999999991298,0.069819901536526036,https://taxfoundation.org/data/all/state/state-income-tax-rates-2026/,https://taxfoundation.org/data/all/state/sales-tax-rates/
31171,2026,0.0367045599999999991298,0.069819901536526036,https://taxfoundation.org/data/all/state/state-income-tax-rates-2026/,https://taxfoundation.org/data/all/state/sales-tax-rates/
31173,2026,0.0367045599999999991298,0.069819901536526036,https://taxfoundation.org/data/all/state/state-income-tax-rates-2026/,https://taxfoundation.org/data/all/state/sales-tax-rates/
31175,2026,0.0367045599999999991298,0.069819901536526036,https://taxfoundation.org/data/all/state/state-income-tax-rates-2026/,https://taxfoundation.org/data/all/state/sales-tax-rates/
31177,2026,0.0367045599999999991298,0.069819901536526036,https://taxfoundation.org/data/all/state/state-income-tax-rates-2026/,https://taxfoundation.org/data/all/state/sales-tax-rates/
31179,2026,0.0367045599999999991298,0.069819901536526036,https://taxfoundation.org/data/all/state/state-income-tax-rates-2026/,https://taxfoundation.org/data/all/state/sales-tax-rates/
31181,2026,0.0367045599999999991298,0.069819901536526036,https://taxfoundation.org/data/all/state/state-income-tax-rates-2026/,https://taxfoundation.org/data/all/state/sales-tax-rates/
31183,2026,0.0367045599999999991298,0.069819901536526036,https://taxfoundation.org/data/all/state/state-income-tax-rates-2026/,https://taxfoundation.org/data/all/state/sales-tax-rates/
31185,2026,0.0367045599999999991298,0.069819901536526036,https://taxfoundation.org/data/all/state/state-income-tax-rates-2026/,https://taxfoundation.org/data/all/state/sales-tax-rates/
32001,2026,0,0.082355228885606396,https://taxfoundation.org/data/all/state/state-income-tax-rates-2026/,https://taxfoundation.org/data/all/state/sales-tax-rates/
32003,2026,0,0.082355228885606396,https://taxfoundation.org/data/all/state/state-income-tax-rates-2026/,https://taxfoundation.org/data/all/state/sales-tax-rates/
32005,2026,0,0.082355228885606396,https://taxfoundation.org/data/all/state/state-income-tax-rates-2026/,https://taxfoundation.org/data/all/state/sales-tax-rates/
32007,2026,0,0.082355228885606396,https://taxfoundation.org/data/all/state/state-income-tax-rates-2026/,https://taxfoundation.org/data/all/state/sales-tax-rates/
32009,2026,0,0.082355228885606396,https://taxfoundation.org/data/all/state/state-income-tax-rates-2026/,https://taxfoundation.org/data/all/state/sales-tax-rates/
32011,2026,0,0.082355228885606396,https://taxfoundation.org/data/all/state/state-income-tax-rates-2026/,https://taxfoundation.org/data/all/state/sales-tax-rates/
32013,2026,0,0.082355228885606396,https://taxfoundation.org/data/all/state/state-income-tax-rates-2026/,https://taxfoundation.org/data/all/state/sales-tax-rates/
32015,2026,0,0.082355228885606396,https://taxfoundation.org/data/all/state/state-income-tax-rates-2026/,https://taxfoundation.org/data/all/state/sales-tax-rates/
32017,2026,0,0.082355228885606396,https://taxfoundation.org/data/all/state/state-income-tax-rates-2026/,https://taxfoundation.org/data/all/state/sales-tax-rates/
32019,2026,0,0.082355228885606396,https://taxfoundation.org/data/all/state/state-income-tax-rates-2026/,https://taxfoundation.org/data/all/state/sales-tax-rates/
32021,2026,0,0.082355228885606396,https://taxfoundation.org/data/all/state/state-income-tax-rates-2026/,https://taxfoundation.org/data/all/state/sales-tax-rates/
32023,2026,0,0.082355228885606396,https://taxfoundation.org/data/all/state/state-income-tax-rates-2026/,https://taxfoundation.org/data/all/state/sales-tax-rates/
32027,2026,0,0.082355228885606396,https://taxfoundation.org/data/all/state/state-income-tax-rates-2026/,https://taxfoundation.org/data/all/state/sales-tax-rates/
32029,2026,0,0.082355228885606396,https://taxfoundation.org/data/all/state/state-income-tax-rates-2026/,https://taxfoundation.org/data/all/state/sales-tax-rates/
32031,2026,0,0.082355228885606396,https://taxfoundation.org/data/all/state/state-income-tax-rates-2026/,https://taxfoundation.org/data/all/state/sales-tax-rates/
32033,2026,0,0.082355228885606396,https://taxfoundation.org/data/all/state/state-income-tax-rates-2026/,https://taxfoundation.org/data/all/state/sales-tax-rates/
32510,2026,0,0.082355228885606396,https://taxfoundation.org/data/all/state/state-income-tax-rates-2026/,https://taxfoundation.org/data/all/state/sales-tax-rates/
33001,2026,0,0,https://taxfoundation.org/data/all/state/state-income-tax-rates-2026/,https://taxfoundation.org/data/all/state/sales-tax-rates/
33003,2026,0,0,https://taxfoundation.org/data/all/state/state-income-tax-rates-2026/,https://taxfoundation.org/data/all/state/sales-tax-rates/
33005,2026,0,0,https://taxfoundation.org/data/all/state/state-income-tax-rates-2026/,https://taxfoundation.org/data/all/state/sales-tax-rates/
33007,2026,0,0,https://taxfoundation.org/data/all/state/state-income-tax-rates-2026/,https://taxfoundation.org/data/all/state/sales-tax-rates/
33009,2026,0,0,https://taxfoundation.org/data/all/state/state-income-tax-rates-2026/,https://taxfoundation.org/data/all/state/sales-tax-rates/
33011,2026,0,0,https://taxfoundation.org/data/all/state/state-income-tax-rates-2026/,https://taxfoundation.org/data/all/state/sales-tax-rates/
33013,2026,0,0,https://taxfoundation.org/data/all/state/state-income-tax-rates-2026/,https://taxfoundation.org/data/all/state/sales-tax-rates/
33015,2026,0,0,https://taxfoundation.org/data/all/state/state-income-tax-rates-2026/,https://taxfoundation.org/data/all/state/sales-tax-rates/
33017,2026,0,0,https://taxfoundation.org/data/all/state/state-income-tax-rates-2026/,https://taxfoundation.org/data/all/state/sales-tax-rates/
33019,2026,0,0,https://taxfoundation.org/data/all/state/state-income-tax-rates-2026/,https://taxfoundation.org/data/all/state/sales-tax-rates/
34001,2026,0.04180050000000000213,0.066013724014037642,https://taxfoundation.org/data/all/state/state-income-tax-rates-2026/,https://taxfoundation.org/data/all/state/sales-tax-rates/
34003,2026,0.04180050000000000213,0.066013724014037642,https://taxfoundation.org/data/all/state/state-income-tax-rates-2026/,https://taxfoundation.org/data/all/state/sales-tax-rates/
34005,2026,0.04180050000000000213,0.066013724014037642,https://taxfoundation.org/data/all/state/state-income-tax-rates-2026/,https://taxfoundation.org/data/all/state/sales-tax-rates/
34007,2026,0.04180050000000000213,0.066013724014037642,https://taxfoundation.org/data/all/state/state-income-tax-rates-2026/,https://taxfoundation.org/data/all/state/sales-tax-rates/
34009,2026,0.04180050000000000213,0.066013724014037642,https://taxfoundation.org/data/all/state/state-income-tax-rates-2026/,https://taxfoundation.org/data/all/state/sales-tax-rates/
34011,2026,0.04180050000000000213,0.066013724014037642,https://taxfoundation.org/data/all/state/state-income-tax-rates-2026/,https://taxfoundation.org/data/all/state/sales-tax-rates/
34013,2026,0.04180050000000000213,0.066013724014037642,https://taxfoundation.org/data/all/state/state-income-tax-rates-2026/,https://taxfoundation.org/data/all/state/sales-tax-rates/
34015,2026,0.04180050000000000213,0.066013724014037642,https://taxfoundation.org/data/all/state/state-income-tax-rates-2026/,https://taxfoundation.org/data/all/state/sales-tax-rates/
34017,2026,0.04180050000000000213,0.066013724014037642,https://taxfoundation.org/data/all/state/state-income-tax-rates-2026/,https://taxfoundation.org/data/all/state/sales-tax-rates/
34019,2026,0.04180050000000000213,0.066013724014037642,https://taxfoundation.org/data/all/state/state-income-tax-rates-2026/,https://taxfoundation.org/data/all/state/sales-tax-rates/
34021,2026,0.04180050000000000213,0.066013724014037642,https://taxfoundation.org/data/all/state/state-income-tax-rates-2026/,https://taxfoundation.org/data/all/state/sales-tax-rates/
34023,2026,0.04180050000000000213,0.066013724014037642,https://taxfoundation.org/data/all/state/state-income-tax-rates-2026/,https://taxfoundation.org/data/all/state/sales-tax-rates/
34025,2026,0.04180050000000000213,0.066013724014037642,https://taxfoundation.org/data/all/state/state-income-tax-rates-2026/,https://taxfoundation.org/data/all/state/sales-tax-rates/
34027,2026,0.04180050000000000213,0.066013724014037642,https://taxfoundation.org/data/all/state/state-income-tax-rates-2026/,https://taxfoundation.org/data/all/state/sales-tax-rates/
34029,2026,0.04180050000000000213,0.066013724014037642,https://taxfoundation.org/data/all/state/state-income-tax-rates-2026/,https://taxfoundation.org/data/all/state/sales-tax-rates/
34031,2026,0.04180050000000000213,0.066013724014037642,https://taxfoundation.org/data/all/state/state-income-tax-rates-2026/,https://taxfoundation.org/data/all/state/sales-tax-rates/
34033,2026,0.04180050000000000213,0.066013724014037642,https://taxfoundation.org/data/all/state/state-income-tax-rates-2026/,https://taxfoundation.org/data/all/state/sales-tax-rates/
34035,2026,0.04180050000000000213,0.066013724014037642,https://taxfoundation.org/data/all/state/state-income-tax-rates-2026/,https://taxfoundation.org/data/all/state/sales-tax-rates/
34037,2026,0.04180050000000000213,0.066013724014037642,https://taxfoundation.org/data/all/state/state-income-tax-rates-2026/,https://taxfoundation.org/data/all/state/sales-tax-rates/
34039,2026,0.04180050000000000213,0.066013724014037642,https://taxfoundation.org/data/all/state/state-income-tax-rates-2026/,https://taxfoundation.org/data/all/state/sales-tax-rates/
34041,2026,0.04180050000000000213,0.066013724014037642,https://taxfoundation.org/data/all/state/state-income-tax-rates-2026/,https://taxfoundation.org/data/all/state/sales-tax-rates/
35001,2026,0.035690999999999999893,0.076669692759808936,https://taxfoundation.org/data/all/state/state-income-tax-rates-2026/,https://taxfoundation.org/data/all/state/sales-tax-rates/
35003,2026,0.035690999999999999893,0.076669692759808936,https://taxfoundation.org/data/all/state/state-income-tax-rates-2026/,https://taxfoundation.org/data/all/state/sales-tax-rates/
35005,2026,0.035690999999999999893,0.076669692759808936,https://taxfoundation.org/data/all/state/state-income-tax-rates-2026/,https://taxfoundation.org/data/all/state/sales-tax-rates/
35006,2026,0.035690999999999999893,0.076669692759808936,https://taxfoundation.org/data/all/state/state-income-tax-rates-2026/,https://taxfoundation.org/data/all/state/sales-tax-rates/
35007,2026,0.035690999999999999893,0.076669692759808936,https://taxfoundation.org/data/all/state/state-income-tax-rates-2026/,https://taxfoundation.org/data/all/state/sales-tax-rates/
35009,2026,0.035690999999999999893,0.076669692759808936,https://taxfoundation.org/data/all/state/state-income-tax-rates-2026/,https://taxfoundation.org/data/all/state/sales-tax-rates/
35011,2026,0.035690999999999999893,0.076669692759808936,https://taxfoundation.org/data/all/state/state-income-tax-rates-2026/,https://taxfoundation.org/data/all/state/sales-tax-rates/
35013,2026,0.035690999999999999893,0.076669692759808936,https://taxfoundation.org/data/all/state/state-income-tax-rates-2026/,https://taxfoundation.org/data/all/state/sales-tax-rates/
35015,2026,0.035690999999999999893,0.076669692759808936,https://taxfoundation.org/data/all/state/state-income-tax-rates-2026/,https://taxfoundation.org/data/all/state/sales-tax-rates/
35017,2026,0.035690999999999999893,0.076669692759808936,https://taxfoundation.org/data/all/state/state-income-tax-rates-2026/,https://taxfoundation.org/data/all/state/sales-tax-rates/
35019,2026,0.035690999999999999893,0.076669692759808936,https://taxfoundation.org/data/all/state/state-income-tax-rates-2026/,https://taxfoundation.org/data/all/state/sales-tax-rates/
35021,2026,0.035690999999999999893,0.076669692759808936,https://taxfoundation.org/data/all/state/state-income-tax-rates-2026/,https://taxfoundation.org/data/all/state/sales-tax-rates/
35023,2026,0.035690999999999999893,0.076669692759808936,https://taxfoundation.org/data/all/state/state-income-tax-rates-2026/,https://taxfoundation.org/data/all/state/sales-tax-rates/
35025,2026,0.035690999999999999893,0.076669692759808936,https://taxfoundation.org/data/all/state/state-income-tax-rates-2026/,https://taxfoundation.org/data/all/state/sales-tax-rates/
35027,2026,0.035690999999999999893,0.076669692759808936,https://taxfoundation.org/data/all/state/state-income-tax-rates-2026/,https://taxfoundation.org/data/all/state/sales-tax-rates/
35028,2026,0.035690999999999999893,0.076669692759808936,https://taxfoundation.org/data/all/state/state-income-tax-rates-2026/,https://taxfoundation.org/data/all/state/sales-tax-rates/
35029,2026,0.035690999999999999893,0.076669692759808936,https://taxfoundation.org/data/all/state/state-income-tax-rates-2026/,https://taxfoundation.org/data/all/state/sales-tax-rates/
35031,2026,0.035690999999999999893,0.076669692759808936,https://taxfoundation.org/data/all/state/state-income-tax-rates-2026/,https://taxfoundation.org/data/all/state/sales-tax-rates/
35033,2026,0.035690999999999999893,0.076669692759808936,https://taxfoundation.org/data/all/state/state-income-tax-rates-2026/,https://taxfoundation.org/data/all/state/sales-tax-rates/
35035,2026,0.035690999999999999893,0.076669692759808936,https://taxfoundation.org/data/all/state/state-income-tax-rates-2026/,https://taxfoundation.org/data/all/state/sales-tax-rates/
35037,2026,0.035690999999999999893,0.076669692759808936,https://taxfoundation.org/data/all/state/state-income-tax-rates-2026/,https://taxfoundation.org/data/all/state/sales-tax-rates/
35039,2026,0.035690999999999999893,0.076669692759808936,https://taxfoundation.org/data/all/state/state-income-tax-rates-2026/,https://taxfoundation.org/data/all/state/sales-tax-rates/
35041,2026,0.035690999999999999893,0.076669692759808936,https://taxfoundation.org/data/all/state/state-income-tax-rates-2026/,https://taxfoundation.org/data/all/state/sales-tax-rates/
35043,2026,0.035690999999999999893,0.076669692759808936,https://taxfoundation.org/data/all/state/state-income-tax-rates-2026/,https://taxfoundation.org/data/all/state/sales-tax-rates/
35045,2026,0.035690999999999999893,0.076669692759808936,https://taxfoundation.org/data/all/state/state-income-tax-rates-2026/,https://taxfoundation.org/data/all/state/sales-tax-rates/
35047,2026,0.035690999999999999893,0.076669692759808936,https://taxfoundation.org/data/all/state/state-income-tax-rates-2026/,https://taxfoundation.org/data/all/state/sales-tax-rates/
35049,2026,0.035690999999999999893,0.076669692759808936,https://taxfoundation.org/data/all/state/state-income-tax-rates-2026/,https://taxfoundation.org/data/all/state/sales-tax-rates/
35051,2026,0.035690999999999999893,0.076669692759808936,https://taxfoundation.org/data/all/state/state-income-tax-rates-2026/,https://taxfoundation.org/data/all/state/sales-tax-rates/
35053,2026,0.035690999999999999893,0.076669692759808936,https://taxfoundation.org/data/all/state/state-income-tax-rates-2026/,https://taxfoundation.org/data/all/state/sales-tax-rates/
35055,2026,0.035690999999999999893,0.076669692759808936,https://taxfoundation.org/data/all/state/state-income-tax-rates-2026/,https://taxfoundation.org/data/all/state/sales-tax-rates/
35057,2026,0.035690999999999999893,0.076669692759808936,https://taxfoundation.org/data/all/state/state-income-tax-rates-2026/,https://taxfoundation.org/data/all/state/sales-tax-rates/
35059,2026,0.035690999999999999893,0.076669692759808936,https://taxfoundation.org/data/all/state/state-income-tax-rates-2026/,https://taxfoundation.org/data/all/state/sales-tax-rates/
35061,2026,0.035690999999999999893,0.076669692759808936,https://taxfoundation.org/data/all/state/state-income-tax-rates-2026/,https://taxfoundation.org/data/all/state/sales-tax-rates/
36001,2026,0.04859749999999999883,0.085416003409439251,https://taxfoundation.org/data/all/state/state-income-tax-rates-2026/,https://taxfoundation.org/data/all/state/sales-tax-rates/
36003,2026,0.04859749999999999883,0.085416003409439251,https://taxfoundation.org/data/all/state/state-income-tax-rates-2026/,https://taxfoundation.org/data/all/state/sales-tax-rates/
36005,2026,0.04859749999999999883,0.085416003409439251,https://taxfoundation.org/data/all/state/state-income-tax-rates-2026/,https://taxfoundation.org/data/all/state/sales-tax-rates/
36007,2026,0.04859749999999999883,0.085416003409439251,https://taxfoundation.org/data/all/state/state-income-tax-rates-2026/,https://taxfoundation.org/data/all/state/sales-tax-rates/
36009,2026,0.04859749999999999883,0.085416003409439251,https://taxfoundation.org/data/all/state/state-income-tax-rates-2026/,https://taxfoundation.org/data/all/state/sales-tax-rates/
36011,2026,0.04859749999999999883,0.085416003409439251,https://taxfoundation.org/data/all/state/state-income-tax-rates-2026/,https://taxfoundation.org/data/all/state/sales-tax-rates/
36013,2026,0.04859749999999999883,0.085416003409439251,https://taxfoundation.org/data/all/state/state-income-tax-rates-2026/,https://taxfoundation.org/data/all/state/sales-tax-rates/
36015,2026,0.04859749999999999883,0.085416003409439251,https://taxfoundation.org/data/all/state/state-income-tax-rates-2026/,https://taxfoundation.org/data/all/state/sales-tax-rates/
36017,2026,0.04859749999999999883,0.085416003409439251,https://taxfoundation.org/data/all/state/state-income-tax-rates-2026/,https://taxfoundation.org/data/all/state/sales-tax-rates/
36019,2026,0.04859749999999999883,0.085416003409439251,https://taxfoundation.org/data/all/state/state-income-tax-rates-2026/,https://taxfoundation.org/data/all/state/sales-tax-rates/
36021,2026,0.04859749999999999883,0.085416003409439251,https://taxfoundation.org/data/all/state/state-income-tax-rates-2026/,https://taxfoundation.org/data/all/state/sales-tax-rates/
36023,2026,0.04859749999999999883,0.085416003409439251,https://taxfoundation.org/data/all/state/state-income-tax-rates-2026/,https://taxfoundation.org/data/all/state/sales-tax-rates/
36025,2026,0.04859749999999999883,0.085416003409439251,https://taxfoundation.org/data/all/state/state-income-tax-rates-2026/,https://taxfoundation.org/data/all/state/sales-tax-rates/
36027,2026,0.04859749999999999883,0.085416003409439251,https://taxfoundation.org/data/all/state/state-income-tax-rates-2026/,https://taxfoundation.org/data/all/state/sales-tax-rates/
36029,2026,0.04859749999999999883,0.085416003409439251,https://taxfoundation.org/data/all/state/state-income-tax-rates-2026/,https://taxfoundation.org/data/all/state/sales-tax-rates/
36031,2026,0.04859749999999999883,0.085416003409439251,https://taxfoundation.org/data/all/state/state-income-tax-rates-2026/,https://taxfoundation.org/data/all/state/sales-tax-rates/
36033,2026,0.04859749999999999883,0.085416003409439251,https://taxfoundation.org/data/all/state/state-income-tax-rates-2026/,https://taxfoundation.org/data/all/state/sales-tax-rates/
36035,2026,0.04859749999999999883,0.085416003409439251,https://taxfoundation.org/data/all/state/state-income-tax-rates-2026/,https://taxfoundation.org/data/all/state/sales-tax-rates/
36037,2026,0.04859749999999999883,0.085416003409439251,https://taxfoundation.org/data/all/state/state-income-tax-rates-2026/,https://taxfoundation.org/data/all/state/sales-tax-rates/
36039,2026,0.04859749999999999883,0.085416003409439251,https://taxfoundation.org/data/all/state/state-income-tax-rates-2026/,https://taxfoundation.org/data/all/state/sales-tax-rates/
36041,2026,0.04859749999999999883,0.085416003409439251,https://taxfoundation.org/data/all/state/state-income-tax-rates-2026/,https://taxfoundation.org/data/all/state/sales-tax-rates/
36043,2026,0.04859749999999999883,0.085416003409439251,https://taxfoundation.org/data/all/state/state-income-tax-rates-2026/,https://taxfoundation.org/data/all/state/sales-tax-rates/
36045,2026,0.04859749999999999883,0.085416003409439251,https://taxfoundation.org/data/all/state/state-income-tax-rates-2026/,https://taxfoundation.org/data/all/state/sales-tax-rates/
36047,2026,0.04859749999999999883,0.085416003409439251,https://taxfoundation.org/data/all/state/state-income-tax-rates-2026/,https://taxfoundation.org/data/all/state/sales-tax-rates/
36049,2026,0.04859749999999999883,0.085416003409439251,https://taxfoundation.org/data/all/state/state-income-tax-rates-2026/,https://taxfoundation.org/data/all/state/sales-tax-rates/
36051,2026,0.04859749999999999883,0.085416003409439251,https://taxfoundation.org/data/all/state/state-income-tax-rates-2026/,https://taxfoundation.org/data/all/state/sales-tax-rates/
36053,2026,0.04859749999999999883,0.085416003409439251,https://taxfoundation.org/data/all/state/state-income-tax-rates-2026/,https://taxfoundation.org/data/all/state/sales-tax-rates/
36055,2026,0.04859749999999999883,0.085416003409439251,https://taxfoundation.org/data/all/state/state-income-tax-rates-2026/,https://taxfoundation.org/data/all/state/sales-tax-rates/
36057,2026,0.04859749999999999883,0.085416003409439251,https://taxfoundation.org/data/all/state/state-income-tax-rates-2026/,https://taxfoundation.org/data/all/state/sales-tax-rates/
36059,2026,0.04859749999999999883,0.085416003409439251,https://taxfoundation.org/data/all/state/state-income-tax-rates-2026/,https://taxfoundation.org/data/all/state/sales-tax-rates/
36061,2026,0.04859749999999999883,0.085416003409439251,https://taxfoundation.org/data/all/state/state-income-tax-rates-2026/,https://taxfoundation.org/data/all/state/sales-tax-rates/
36063,2026,0.04859749999999999883,0.085416003409439251,https://taxfoundation.org/data/all/state/state-income-tax-rates-2026/,https://taxfoundation.org/data/all/state/sales-tax-rates/
36065,2026,0.04859749999999999883,0.085416003409439251,https://taxfoundation.org/data/all/state/state-income-tax-rates-2026/,https://taxfoundation.org/data/all/state/sales-tax-rates/
36067,2026,0.04859749999999999883,0.085416003409439251,https://taxfoundation.org/data/all/state/state-income-tax-rates-2026/,https://taxfoundation.org/data/all/state/sales-tax-rates/
36069,2026,0.04859749999999999883,0.085416003409439251,https://taxfoundation.org/data/all/state/state-income-tax-rates-2026/,https://taxfoundation.org/data/all/state/sales-tax-rates/
36071,2026,0.04859749999999999883,0.085416003409439251,https://taxfoundation.org/data/all/state/state-income-tax-rates-2026/,https://taxfoundation.org/data/all/state/sales-tax-rates/
36073,2026,0.04859749999999999883,0.085416003409439251,https://taxfoundation.org/data/all/state/state-income-tax-rates-2026/,https://taxfoundation.org/data/all/state/sales-tax-rates/
36075,2026,0.04859749999999999883,0.085416003409439251,https://taxfoundation.org/data/all/state/state-income-tax-rates-2026/,https://taxfoundation.org/data/all/state/sales-tax-rates/
36077,2026,0.04859749999999999883,0.085416003409439251,https://taxfoundation.org/data/all/state/state-income-tax-rates-2026/,https://taxfoundation.org/data/all/state/sales-tax-rates/
36079,2026,0.04859749999999999883,0.085416003409439251,https://taxfoundation.org/data/all/state/state-income-tax-rates-2026/,https://taxfoundation.org/data/all/state/sales-tax-rates/
36081,2026,0.04859749999999999883,0.085416003409439251,https://taxfoundation.org/data/all/state/state-income-tax-rates-2026/,https://taxfoundation.org/data/all/state/sales-tax-rates/
36083,2026,0.04859749999999999883,0.085416003409439251,https://taxfoundation.org/data/all/state/state-income-tax-rates-2026/,https://taxfoundation.org/data/all/state/sales-tax-rates/
36085,2026,0.04859749999999999883,0.085416003409439251,https://taxfoundation.org/data/all/state/state-income-tax-rates-2026/,https://taxfoundation.org/data/all/state/sales-tax-rates/
36087,2026,0.04859749999999999883,0.085416003409439251,https://taxfoundation.org/data/all/state/state-income-tax-rates-2026/,https://taxfoundation.org/data/all/state/sales-tax-rates/
36089,2026,0.04859749999999999883,0.085416003409439251,https://taxfoundation.org/data/all/state/state-income-tax-rates-2026/,https://taxfoundation.org/data/all/state/sales-tax-rates/
36091,2026,0.04859749999999999883,0.085416003409439251,https://taxfoundation.org/data/all/state/state-income-tax-rates-2026/,https://taxfoundation.org/data/all/state/sales-tax-rates/
36093,2026,0.04859749999999999883,0.085416003409439251,https://taxfoundation.org/data/all/state/state-income-tax-rates-2026/,https://taxfoundation.org/data/all/state/sales-tax-rates/
36095,2026,0.04859749999999999883,0.085416003409439251,https://taxfoundation.org/data/all/state/state-income-tax-rates-2026/,https://taxfoundation.org/data/all/state/sales-tax-rates/
36097,2026,0.04859749999999999883,0.085416003409439251,https://taxfoundation.org/data/all/state/state-income-tax-rates-2026/,https://taxfoundation.org/data/all/state/sales-tax-rates/
36099,2026,0.04859749999999999883,0.085416003409439251,https://taxfoundation.org/data/all/state/state-income-tax-rates-2026/,https://taxfoundation.org/data/all/state/sales-tax-rates/
36101,2026,0.04859749999999999883,0.085416003409439251,https://taxfoundation.org/data/all/state/state-income-tax-rates-2026/,https://taxfoundation.org/data/all/state/sales-tax-rates/
36103,2026,0.04859749999999999883,0.085416003409439251,https://taxfoundation.org/data/all/state/state-income-tax-rates-2026/,https://taxfoundation.org/data/all/state/sales-tax-rates/
36105,2026,0.04859749999999999883,0.085416003409439251,https://taxfoundation.org/data/all/state/state-income-tax-rates-2026/,https://taxfoundation.org/data/all/state/sales-tax-rates/
36107,2026,0.04859749999999999883,0.085416003409439251,https://taxfoundation.org/data/all/state/state-income-tax-rates-2026/,https://taxfoundation.org/data/all/state/sales-tax-rates/
36109,2026,0.04859749999999999883,0.085416003409439251,https://taxfoundation.org/data/all/state/state-income-tax-rates-2026/,https://taxfoundation.org/data/all/state/sales-tax-rates/
36111,2026,0.04859749999999999883,0.085416003409439251,https://taxfoundation.org/data/all/state/state-income-tax-rates-2026/,https://taxfoundation.org/data/all/state/sales-tax-rates/
36113,2026,0.04859749999999999883,0.085416003409439251,https://taxfoundation.org/data/all/state/state-income-tax-rates-2026/,https://taxfoundation.org/data/all/state/sales-tax-rates/
36115,2026,0.04859749999999999883,0.085416003409439251,https://taxfoundation.org/data/all/state/state-income-tax-rates-2026/,https://taxfoundation.org/data/all/state/sales-tax-rates/
36117,2026,0.04859749999999999883,0.085416003409439251,https://taxfoundation.org/data/all/state/state-income-tax-rates-2026/,https://taxfoundation.org/data/all/state/sales-tax-rates/
36119,2026,0.04859749999999999883,0.085416003409439251,https://taxfoundation.org/data/all/state/state-income-tax-rates-2026/,https://taxfoundation.org/data/all/state/sales-tax-rates/
36121,2026,0.04859749999999999883,0.085416003409439251,https://taxfoundation.org/data/all/state/state-income-tax-rates-2026/,https://taxfoundation.org/data/all/state/sales-tax-rates/
36123,2026,0.04859749999999999883,0.085416003409439251,https://taxfoundation.org/data/all/state/state-income-tax-rates-2026/,https://taxfoundation.org/data/all/state/sales-tax-rates/
37001,2026,0.034812749999999998255,0.069961028586608576,https://taxfoundation.org/data/all/state/state-income-tax-rates-2026/,https://taxfoundation.org/data/all/state/sales-tax-rates/
37003,2026,0.034812749999999998255,0.069961028586608576,https://taxfoundation.org/data/all/state/state-income-tax-rates-2026/,https://taxfoundation.org/data/all/state/sales-tax-rates/
37005,2026,0.034812749999999998255,0.069961028586608576,https://taxfoundation.org/data/all/state/state-income-tax-rates-2026/,https://taxfoundation.org/data/all/state/sales-tax-rates/
37007,2026,0.034812749999999998255,0.069961028586608576,https://taxfoundation.org/data/all/state/state-income-tax-rates-2026/,https://taxfoundation.org/data/all/state/sales-tax-rates/
37009,2026,0.034812749999999998255,0.069961028586608576,https://taxfoundation.org/data/all/state/state-income-tax-rates-2026/,https://taxfoundation.org/data/all/state/sales-tax-rates/
37011,2026,0.034812749999999998255,0.069961028586608576,https://taxfoundation.org/data/all/state/state-income-tax-rates-2026/,https://taxfoundation.org/data/all/state/sales-tax-rates/
37013,2026,0.034812749999999998255,0.069961028586608576,https://taxfoundation.org/data/all/state/state-income-tax-rates-2026/,https://taxfoundation.org/data/all/state/sales-tax-rates/
37015,2026,0.034812749999999998255,0.069961028586608576,https://taxfoundation.org/data/all/state/state-income-tax-rates-2026/,https://taxfoundation.org/data/all/state/sales-tax-rates/
37017,2026,0.034812749999999998255,0.069961028586608576,https://taxfoundation.org/data/all/state/state-income-tax-rates-2026/,https://taxfoundation.org/data/all/state/sales-tax-rates/
37019,2026,0.034812749999999998255,0.069961028586608576,https://taxfoundation.org/data/all/state/state-income-tax-rates-2026/,https://taxfoundation.org/data/all/state/sales-tax-rates/
37021,2026,0.034812749999999998255,0.069961028586608576,https://taxfoundation.org/data/all/state/state-income-tax-rates-2026/,https://taxfoundation.org/data/all/state/sales-tax-rates/
37023,2026,0.034812749999999998255,0.069961028586608576,https://taxfoundation.org/data/all/state/state-income-tax-rates-2026/,https://taxfoundation.org/data/all/state/sales-tax-rates/
37025,2026,0.034812749999999998255,0.069961028586608576,https://taxfoundation.org/data/all/state/state-income-tax-rates-2026/,https://taxfoundation.org/data/all/state/sales-tax-rates/
37027,2026,0.034812749999999998255,0.069961028586608576,https://taxfoundation.org/data/all/state/state-income-tax-rates-2026/,https://taxfoundation.org/data/all/state/sales-tax-rates/
37029,2026,0.034812749999999998255,0.069961028586608576,https://taxfoundation.org/data/all/state/state-income-tax-rates-2026/,https://taxfoundation.org/data/all/state/sales-tax-rates/
37031,2026,0.034812749999999998255,0.069961028586608576,https://taxfoundation.org/data/all/state/state-income-tax-rates-2026/,https://taxfoundation.org/data/all/state/sales-tax-rates/
37033,2026,0.034812749999999998255,0.069961028586608576,https://taxfoundation.org/data/all/state/state-income-tax-rates-2026/,https://taxfoundation.org/data/all/state/sales-tax-rates/
37035,2026,0.034812749999999998255,0.069961028586608576,https://taxfoundation.org/data/all/state/state-income-tax-rates-2026/,https://taxfoundation.org/data/all/state/sales-tax-rates/
37037,2026,0.034812749999999998255,0.069961028586608576,https://taxfoundation.org/data/all/state/state-income-tax-rates-2026/,https://taxfoundation.org/data/all/state/sales-tax-rates/
37039,2026,0.034812749999999998255,0.069961028586608576,https://taxfoundation.org/data/all/state/state-income-tax-rates-2026/,https://taxfoundation.org/data/all/state/sales-tax-rates/
37041,2026,0.034812749999999998255,0.069961028586608576,https://taxfoundation.org/data/all/state/state-income-tax-rates-2026/,https://taxfoundation.org/data/all/state/sales-tax-rates/
37043,2026,0.034812749999999998255,0.069961028586608576,https://taxfoundation.org/data/all/state/state-income-tax-rates-2026/,https://taxfoundation.org/data/all/state/sales-tax-rates/
37045,2026,0.034812749999999998255,0.069961028586608576,https://taxfoundation.org/data/all/state/state-income-tax-rates-2026/,https://taxfoundation.org/data/all/state/sales-tax-rates/
37047,2026,0.034812749999999998255,0.069961028586608576,https://taxfoundation.org/data/all/state/state-income-tax-rates-2026/,https://taxfoundation.org/data/all/state/sales-tax-rates/
37049,2026,0.034812749999999998255,0.069961028586608576,https://taxfoundation.org/data/all/state/state-income-tax-rates-2026/,https://taxfoundation.org/data/all/state/sales-tax-rates/
37051,2026,0.034812749999999998255,0.069961028586608576,https://taxfoundation.org/data/all/state/state-income-tax-rates-2026/,https://taxfoundation.org/data/all/state/sales-tax-rates/
37053,2026,0.034812749999999998255,0.069961028586608576,https://taxfoundation.org/data/all/state/state-income-tax-rates-2026/,https://taxfoundation.org/data/all/state/sales-tax-rates/
37055,2026,0.034812749999999998255,0.069961028586608576,https://taxfoundation.org/data/all/state/state-income-tax-rates-2026/,https://taxfoundation.org/data/all/state/sales-tax-rates/
37057,2026,0.034812749999999998255,0.069961028586608576,https://taxfoundation.org/data/all/state/state-income-tax-rates-2026/,https://taxfoundation.org/data/all/state/sales-tax-rates/
37059,2026,0.034812749999999998255,0.069961028586608576,https://taxfoundation.org/data/all/state/state-income-tax-rates-2026/,https://taxfoundation.org/data/all/state/sales-tax-rates/
37061,2026,0.034812749999999998255,0.069961028586608576,https://taxfoundation.org/data/all/state/state-income-tax-rates-2026/,https://taxfoundation.org/data/all/state/sales-tax-rates/
37063,2026,0.034812749999999998255,0.069961028586608576,https://taxfoundation.org/data/all/state/state-income-tax-rates-2026/,https://taxfoundation.org/data/all/state/sales-tax-rates/
37065,2026,0.034812749999999998255,0.069961028586608576,https://taxfoundation.org/data/all/state/state-income-tax-rates-2026/,https://taxfoundation.org/data/all/state/sales-tax-rates/
37067,2026,0.034812749999999998255,0.069961028586608576,https://taxfoundation.org/data/all/state/state-income-tax-rates-2026/,https://taxfoundation.org/data/all/state/sales-tax-rates/
37069,2026,0.034812749999999998255,0.069961028586608576,https://taxfoundation.org/data/all/state/state-income-tax-rates-2026/,https://taxfoundation.org/data/all/state/sales-tax-rates/
37071,2026,0.034812749999999998255,0.069961028586608576,https://taxfoundation.org/data/all/state/state-income-tax-rates-2026/,https://taxfoundation.org/data/all/state/sales-tax-rates/
37073,2026,0.034812749999999998255,0.069961028586608576,https://taxfoundation.org/data/all/state/state-income-tax-rates-2026/,https://taxfoundation.org/data/all/state/sales-tax-rates/
37075,2026,0.034812749999999998255,0.069961028586608576,https://taxfoundation.org/data/all/state/state-income-tax-rates-2026/,https://taxfoundation.org/data/all/state/sales-tax-rates/
37077,2026,0.034812749999999998255,0.069961028586608576,https://taxfoundation.org/data/all/state/state-income-tax-rates-2026/,https://taxfoundation.org/data/all/state/sales-tax-rates/
37079,2026,0.034812749999999998255,0.069961028586608576,https://taxfoundation.org/data/all/state/state-income-tax-rates-2026/,https://taxfoundation.org/data/all/state/sales-tax-rates/
37081,2026,0.034812749999999998255,0.069961028586608576,https://taxfoundation.org/data/all/state/state-income-tax-rates-2026/,https://taxfoundation.org/data/all/state/sales-tax-rates/
37083,2026,0.034812749999999998255,0.069961028586608576,https://taxfoundation.org/data/all/state/state-income-tax-rates-2026/,https://taxfoundation.org/data/all/state/sales-tax-rates/
37085,2026,0.034812749999999998255,0.069961028586608576,https://taxfoundation.org/data/all/state/state-income-tax-rates-2026/,https://taxfoundation.org/data/all/state/sales-tax-rates/
37087,2026,0.034812749999999998255,0.069961028586608576,https://taxfoundation.org/data/all/state/state-income-tax-rates-2026/,https://taxfoundation.org/data/all/state/sales-tax-rates/
37089,2026,0.034812749999999998255,0.069961028586608576,https://taxfoundation.org/data/all/state/state-income-tax-rates-2026/,https://taxfoundation.org/data/all/state/sales-tax-rates/
37091,2026,0.034812749999999998255,0.069961028586608576,https://taxfoundation.org/data/all/state/state-income-tax-rates-2026/,https://taxfoundation.org/data/all/state/sales-tax-rates/
37093,2026,0.034812749999999998255,0.069961028586608576,https://taxfoundation.org/data/all/state/state-income-tax-rates-2026/,https://taxfoundation.org/data/all/state/sales-tax-rates/
37095,2026,0.034812749999999998255,0.069961028586608576,https://taxfoundation.org/data/all/state/state-income-tax-rates-2026/,https://taxfoundation.org/data/all/state/sales-tax-rates/
37097,2026,0.034812749999999998255,0.069961028586608576,https://taxfoundation.org/data/all/state/state-income-tax-rates-2026/,https://taxfoundation.org/data/all/state/sales-tax-rates/
37099,2026,0.034812749999999998255,0.069961028586608576,https://taxfoundation.org/data/all/state/state-income-tax-rates-2026/,https://taxfoundation.org/data/all/state/sales-tax-rates/
37101,2026,0.034812749999999998255,0.069961028586608576,https://taxfoundation.org/data/all/state/state-income-tax-rates-2026/,https://taxfoundation.org/data/all/state/sales-tax-rates/
37103,2026,0.034812749999999998255,0.069961028586608576,https://taxfoundation.org/data/all/state/state-income-tax-rates-2026/,https://taxfoundation.org/data/all/state/sales-tax-rates/
37105,2026,0.034812749999999998255,0.069961028586608576,https://taxfoundation.org/data/all/state/state-income-tax-rates-2026/,https://taxfoundation.org/data/all/state/sales-tax-rates/
37107,2026,0.034812749999999998255,0.069961028586608576,https://taxfoundation.org/data/all/state/state-income-tax-rates-2026/,https://taxfoundation.org/data/all/state/sales-tax-rates/
37109,2026,0.034812749999999998255,0.069961028586608576,https://taxfoundation.org/data/all/state/state-income-tax-rates-2026/,https://taxfoundation.org/data/all/state/sales-tax-rates/
37111,2026,0.034812749999999998255,0.069961028586608576,https://taxfoundation.org/data/all/state/state-income-tax-rates-2026/,https://taxfoundation.org/data/all/state/sales-tax-rates/
37113,2026,0.034812749999999998255,0.069961028586608576,https://taxfoundation.org/data/all/state/state-income-tax-rates-2026/,https://taxfoundation.org/data/all/state/sales-tax-rates/
37115,2026,0.034812749999999998255,0.069961028586608576,https://taxfoundation.org/data/all/state/state-income-tax-rates-2026/,https://taxfoundation.org/data/all/state/sales-tax-rates/
37117,2026,0.034812749999999998255,0.069961028586608576,https://taxfoundation.org/data/all/state/state-income-tax-rates-2026/,https://taxfoundation.org/data/all/state/sales-tax-rates/
37119,2026,0.034812749999999998255,0.069961028586608576,https://taxfoundation.org/data/all/state/state-income-tax-rates-2026/,https://taxfoundation.org/data/all/state/sales-tax-rates/
37121,2026,0.034812749999999998255,0.069961028586608576,https://taxfoundation.org/data/all/state/state-income-tax-rates-2026/,https://taxfoundation.org/data/all/state/sales-tax-rates/
37123,2026,0.034812749999999998255,0.069961028586608576,https://taxfoundation.org/data/all/state/state-income-tax-rates-2026/,https://taxfoundation.org/data/all/state/sales-tax-rates/
37125,2026,0.034812749999999998255,0.069961028586608576,https://taxfoundation.org/data/all/state/state-income-tax-rates-2026/,https://taxfoundation.org/data/all/state/sales-tax-rates/
37127,2026,0.034812749999999998255,0.069961028586608576,https://taxfoundation.org/data/all/state/state-income-tax-rates-2026/,https://taxfoundation.org/data/all/state/sales-tax-rates/
37129,2026,0.034812749999999998255,0.069961028586608576,https://taxfoundation.org/data/all/state/state-income-tax-rates-2026/,https://taxfoundation.org/data/all/state/sales-tax-rates/
37131,2026,0.034812749999999998255,0.069961028586608576,https://taxfoundation.org/data/all/state/state-income-tax-rates-2026/,https://taxfoundation.org/data/all/state/sales-tax-rates/
37133,2026,0.034812749999999998255,0.069961028586608576,https://taxfoundation.org/data/all/state/state-income-tax-rates-2026/,https://taxfoundation.org/data/all/state/sales-tax-rates/
37135,2026,0.034812749999999998255,0.069961028586608576,https://taxfoundation.org/data/all/state/state-income-tax-rates-2026/,https://taxfoundation.org/data/all/state/sales-tax-rates/
37137,2026,0.034812749999999998255,0.069961028586608576,https://taxfoundation.org/data/all/state/state-income-tax-rates-2026/,https://taxfoundation.org/data/all/state/sales-tax-rates/
37139,2026,0.034812749999999998255,0.069961028586608576,https://taxfoundation.org/data/all/state/state-income-tax-rates-2026/,https://taxfoundation.org/data/all/state/sales-tax-rates/
37141,2026,0.034812749999999998255,0.069961028586608576,https://taxfoundation.org/data/all/state/state-income-tax-rates-2026/,https://taxfoundation.org/data/all/state/sales-tax-rates/
37143,2026,0.034812749999999998255,0.069961028586608576,https://taxfoundation.org/data/all/state/state-income-tax-rates-2026/,https://taxfoundation.org/data/all/state/sales-tax-rates/
37145,2026,0.034812749999999998255,0.069961028586608576,https://taxfoundation.org/data/all/state/state-income-tax-rates-2026/,https://taxfoundation.org/data/all/state/sales-tax-rates/
37147,2026,0.034812749999999998255,0.069961028586608576,https://taxfoundation.org/data/all/state/state-income-tax-rates-2026/,https://taxfoundation.org/data/all/state/sales-tax-rates/
37149,2026,0.034812749999999998255,0.069961028586608576,https://taxfoundation.org/data/all/state/state-income-tax-rates-2026/,https://taxfoundation.org/data/all/state/sales-tax-rates/
37151,2026,0.034812749999999998255,0.069961028586608576,https://taxfoundation.org/data/all/state/state-income-tax-rates-2026/,https://taxfoundation.org/data/all/state/sales-tax-rates/
37153,2026,0.034812749999999998255,0.069961028586608576,https://taxfoundation.org/data/all/state/state-income-tax-rates-2026/,https://taxfoundation.org/data/all/state/sales-tax-rates/
37155,2026,0.034812749999999998255,0.069961028586608576,https://taxfoundation.org/data/all/state/state-income-tax-rates-2026/,https://taxfoundation.org/data/all/state/sales-tax-rates/
37157,2026,0.034812749999999998255,0.069961028586608576,https://taxfoundation.org/data/all/state/state-income-tax-rates-2026/,https://taxfoundation.org/data/all/state/sales-tax-rates/
37159,2026,0.034812749999999998255,0.069961028586608576,https://taxfoundation.org/data/all/state/state-income-tax-rates-2026/,https://taxfoundation.org/data/all/state/sales-tax-rates/
37161,2026,0.034812749999999998255,0.069961028586608576,https://taxfoundation.org/data/all/state/state-income-tax-rates-2026/,https://taxfoundation.org/data/all/state/sales-tax-rates/
37163,2026,0.034812749999999998255,0.069961028586608576,https://taxfoundation.org/data/all/state/state-income-tax-rates-2026/,https://taxfoundation.org/data/all/state/sales-tax-rates/
37165,2026,0.034812749999999998255,0.069961028586608576,https://taxfoundation.org/data/all/state/state-income-tax-rates-2026/,https://taxfoundation.org/data/all/state/sales-tax-rates/
37167,2026,0.034812749999999998255,0.069961028586608576,https://taxfoundation.org/data/all/state/state-income-tax-rates-2026/,https://taxfoundation.org/data/all/state/sales-tax-rates/
37169,2026,0.034812749999999998255,0.069961028586608576,https://taxfoundation.org/data/all/state/state-income-tax-rates-2026/,https://taxfoundation.org/data/all/state/sales-tax-rates/
37171,2026,0.034812749999999998255,0.069961028586608576,https://taxfoundation.org/data/all/state/state-income-tax-rates-2026/,https://taxfoundation.org/data/all/state/sales-tax-rates/
37173,2026,0.034812749999999998255,0.069961028586608576,https://taxfoundation.org/data/all/state/state-income-tax-rates-2026/,https://taxfoundation.org/data/all/state/sales-tax-rates/
37175,2026,0.034812749999999998255,0.069961028586608576,https://taxfoundation.org/data/all/state/state-income-tax-rates-2026/,https://taxfoundation.org/data/all/state/sales-tax-rates/
37177,2026,0.034812749999999998255,0.069961028586608576,https://taxfoundation.org/data/all/state/state-income-tax-rates-2026/,https://taxfoundation.org/data/all/state/sales-tax-rates/
37179,2026,0.034812749999999998255,0.069961028586608576,https://taxfoundation.org/data/all/state/state-income-tax-rates-2026/,https://taxfoundation.org/data/all/state/sales-tax-rates/
37181,2026,0.034812749999999998255,0.069961028586608576,https://taxfoundation.org/data/all/state/state-income-tax-rates-2026/,https://taxfoundation.org/data/all/state/sales-tax-rates/
37183,2026,0.034812749999999998255,0.069961028586608576,https://taxfoundation.org/data/all/state/state-income-tax-rates-2026/,https://taxfoundation.org/data/all/state/sales-tax-rates/
37185,2026,0.034812749999999998255,0.069961028586608576,https://taxfoundation.org/data/all/state/state-income-tax-rates-2026/,https://taxfoundation.org/data/all/state/sales-tax-rates/
37187,2026,0.034812749999999998255,0.069961028586608576,https://taxfoundation.org/data/all/state/state-income-tax-rates-2026/,https://taxfoundation.org/data/all/state/sales-tax-rates/
37189,2026,0.034812749999999998255,0.069961028586608576,https://taxfoundation.org/data/all/state/state-income-tax-rates-2026/,https://taxfoundation.org/data/all/state/sales-tax-rates/
37191,2026,0.034812749999999998255,0.069961028586608576,https://taxfoundation.org/data/all/state/state-income-tax-rates-2026/,https://taxfoundation.org/data/all/state/sales-tax-rates/
37193,2026,0.034812749999999998255,0.069961028586608576,https://taxfoundation.org/data/all/state/state-income-tax-rates-2026/,https://taxfoundation.org/data/all/state/sales-tax-rates/
37195,2026,0.034812749999999998255,0.069961028586608576,https://taxfoundation.org/data/all/state/state-income-tax-rates-2026/,https://taxfoundation.org/data/all/state/sales-tax-rates/
37197,2026,0.034812749999999998255,0.069961028586608576,https://taxfoundation.org/data/all/state/state-income-tax-rates-2026/,https://taxfoundation.org/data/all/state/sales-tax-rates/
37199,2026,0.034812749999999998255,0.069961028586608576,https://taxfoundation.org/data/all/state/state-income-tax-rates-2026/,https://taxfoundation.org/data/all/state/sales-tax-rates/
38001,2026,0.006907875,0.070913448029843368,https://taxfoundation.org/data/all/state/state-income-tax-rates-2026/,https://taxfoundation.org/data/all/state/sales-tax-rates/
38003,2026,0.006907875,0.070913448029843368,https://taxfoundation.org/data/all/state/state-income-tax-rates-2026/,https://taxfoundation.org/data/all/state/sales-tax-rates/
38005,2026,0.006907875,0.070913448029843368,https://taxfoundation.org/data/all/state/state-income-tax-rates-2026/,https://taxfoundation.org/data/all/state/sales-tax-rates/
38007,2026,0.006907875,0.070913448029843368,https://taxfoundation.org/data/all/state/state-income-tax-rates-2026/,https://taxfoundation.org/data/all/state/sales-tax-rates/
38009,2026,0.006907875,0.070913448029843368,https://taxfoundation.org/data/all/state/state-income-tax-rates-2026/,https://taxfoundation.org/data/all/state/sales-tax-rates/
38011,2026,0.006907875,0.070913448029843368,https://taxfoundation.org/data/all/state/state-income-tax-rates-2026/,https://taxfoundation.org/data/all/state/sales-tax-rates/
38013,2026,0.006907875,0.070913448029843368,https://taxfoundation.org/data/all/state/state-income-tax-rates-2026/,https://taxfoundation.org/data/all/state/sales-tax-rates/
38015,2026,0.006907875,0.070913448029843368,https://taxfoundation.org/data/all/state/state-income-tax-rates-2026/,https://taxfoundation.org/data/all/state/sales-tax-rates/
38017,2026,0.006907875,0.070913448029843368,https://taxfoundation.org/data/all/state/state-income-tax-rates-2026/,https://taxfoundation.org/data/all/state/sales-tax-rates/
38019,2026,0.006907875,0.070913448029843368,https://taxfoundation.org/data/all/state/state-income-tax-rates-2026/,https://taxfoundation.org/data/all/state/sales-tax-rates/
38021,2026,0.006907875,0.070913448029843368,https://taxfoundation.org/data/all/state/state-income-tax-rates-2026/,https://taxfoundation.org/data/all/state/sales-tax-rates/
38023,2026,0.006907875,0.070913448029843368,https://taxfoundation.org/data/all/state/state-income-tax-rates-2026/,https://taxfoundation.org/data/all/state/sales-tax-rates/
38025,2026,0.006907875,0.070913448029843368,https://taxfoundation.org/data/all/state/state-income-tax-rates-2026/,https://taxfoundation.org/data/all/state/sales-tax-rates/
38027,2026,0.006907875,0.070913448029843368,https://taxfoundation.org/data/all/state/state-income-tax-rates-2026/,https://taxfoundation.org/data/all/state/sales-tax-rates/
38029,2026,0.006907875,0.070913448029843368,https://taxfoundation.org/data/all/state/state-income-tax-rates-2026/,https://taxfoundation.org/data/all/state/sales-tax-rates/
38031,2026,0.006907875,0.070913448029843368,https://taxfoundation.org/data/all/state/state-income-tax-rates-2026/,https://taxfoundation.org/data/all/state/sales-tax-rates/
38033,2026,0.006907875,0.070913448029843368,https://taxfoundation.org/data/all/state/state-income-tax-rates-2026/,https://taxfoundation.org/data/all/state/sales-tax-rates/
38035,2026,0.006907875,0.070913448029843368,https://taxfoundation.org/data/all/state/state-income-tax-rates-2026/,https://taxfoundation.org/data/all/state/sales-tax-rates/
38037,2026,0.006907875,0.070913448029843368,https://taxfoundation.org/data/all/state/state-income-tax-rates-2026/,https://taxfoundation.org/data/all/state/sales-tax-rates/
38039,2026,0.006907875,0.070913448029843368,https://taxfoundation.org/data/all/state/state-income-tax-rates-2026/,https://taxfoundation.org/data/all/state/sales-tax-rates/
38041,2026,0.006907875,0.070913448029843368,https://taxfoundation.org/data/all/state/state-income-tax-rates-2026/,https://taxfoundation.org/data/all/state/sales-tax-rates/
38043,2026,0.006907875,0.070913448029843368,https://taxfoundation.org/data/all/state/state-income-tax-rates-2026/,https://taxfoundation.org/data/all/state/sales-tax-rates/
38045,2026,0.006907875,0.070913448029843368,https://taxfoundation.org/data/all/state/state-income-tax-rates-2026/,https://taxfoundation.org/data/all/state/sales-tax-rates/
38047,2026,0.006907875,0.070913448029843368,https://taxfoundation.org/data/all/state/state-income-tax-rates-2026/,https://taxfoundation.org/data/all/state/sales-tax-rates/
38049,2026,0.006907875,0.070913448029843368,https://taxfoundation.org/data/all/state/state-income-tax-rates-2026/,https://taxfoundation.org/data/all/state/sales-tax-rates/
38051,2026,0.006907875,0.070913448029843368,https://taxfoundation.org/data/all/state/state-income-tax-rates-2026/,https://taxfoundation.org/data/all/state/sales-tax-rates/
38053,2026,0.006907875,0.070913448029843368,https://taxfoundation.org/data/all/state/state-income-tax-rates-2026/,https://taxfoundation.org/data/all/state/sales-tax-rates/
38055,2026,0.006907875,0.070913448029843368,https://taxfoundation.org/data/all/state/state-income-tax-rates-2026/,https://taxfoundation.org/data/all/state/sales-tax-rates/
38057,2026,0.006907875,0.070913448029843368,https://taxfoundation.org/data/all/state/state-income-tax-rates-2026/,https://taxfoundation.org/data/all/state/sales-tax-rates/
38059,2026,0.006907875,0.070913448029843368,https://taxfoundation.org/data/all/state/state-income-tax-rates-2026/,https://taxfoundation.org/data/all/state/sales-tax-rates/
38061,2026,0.006907875,0.070913448029843368,https://taxfoundation.org/data/all/state/state-income-tax-rates-2026/,https://taxfoundation.org/data/all/state/sales-tax-rates/
38063,2026,0.006907875,0.070913448029843368,https://taxfoundation.org/data/all/state/state-income-tax-rates-2026/,https://taxfoundation.org/data/all/state/sales-tax-rates/
38065,2026,0.006907875,0.070913448029843368,https://taxfoundation.org/data/all/state/state-income-tax-rates-2026/,https://taxfoundation.org/data/all/state/sales-tax-rates/
38067,2026,0.006907875,0.070913448029843368,https://taxfoundation.org/data/all/state/state-income-tax-rates-2026/,https://taxfoundation.org/data/all/state/sales-tax-rates/
38069,2026,0.006907875,0.070913448029843368,https://taxfoundation.org/data/all/state/state-income-tax-rates-2026/,https://taxfoundation.org/data/all/state/sales-tax-rates/
38071,2026,0.006907875,0.070913448029843368,https://taxfoundation.org/data/all/state/state-income-tax-rates-2026/,https://taxfoundation.org/data/all/state/sales-tax-rates/
38073,2026,0.006907875,0.070913448029843368,https://taxfoundation.org/data/all/state/state-income-tax-rates-2026/,https://taxfoundation.org/data/all/state/sales-tax-rates/
38075,2026,0.006907875,0.070913448029843368,https://taxfoundation.org/data/all/state/state-income-tax-rates-2026/,https://taxfoundation.org/data/all/state/sales-tax-rates/
38077,2026,0.006907875,0.070913448029843368,https://taxfoundation.org/data/all/state/state-income-tax-rates-2026/,https://taxfoundation.org/data/all/state/sales-tax-rates/
38079,2026,0.006907875,0.070913448029843368,https://taxfoundation.org/data/all/state/state-income-tax-rates-2026/,https://taxfoundation.org/data/all/state/sales-tax-rates/
38081,2026,0.006907875,0.070913448029843368,https://taxfoundation.org/data/all/state/state-income-tax-rates-2026/,https://taxfoundation.org/data/all/state/sales-tax-rates/
38083,2026,0.006907875,0.070913448029843368,https://taxfoundation.org/data/all/state/state-income-tax-rates-2026/,https://taxfoundation.org/data/all/state/sales-tax-rates/
38085,2026,0.006907875,0.070913448029843368,https://taxfoundation.org/data/all/state/state-income-tax-rates-2026/,https://taxfoundation.org/data/all/state/sales-tax-rates/
38087,2026,0.006907875,0.070913448029843368,https://taxfoundation.org/data/all/state/state-income-tax-rates-2026/,https://taxfoundation.org/data/all/state/sales-tax-rates/
38089,2026,0.006907875,0.070913448029843368,https://taxfoundation.org/data/all/state/state-income-tax-rates-2026/,https://taxfoundation.org/data/all/state/sales-tax-rates/
38091,2026,0.006907875,0.070913448029843368,https://taxfoundation.org/data/all/state/state-income-tax-rates-2026/,https://taxfoundation.org/data/all/state/sales-tax-rates/
38093,2026,0.006907875,0.070913448029843368,https://taxfoundation.org/data/all/state/state-income-tax-rates-2026/,https://taxfoundation.org/data/all/state/sales-tax-rates/
38095,2026,0.006907875,0.070913448029843368,https://taxfoundation.org/data/all/state/state-income-tax-rates-2026/,https://taxfoundation.org/data/all/state/sales-tax-rates/
38097,2026,0.006907875,0.070913448029843368,https://taxfoundation.org/data/all/state/state-income-tax-rates-2026/,https://taxfoundation.org/data/all/state/sales-tax-rates/
38099,2026,0.006907875,0.070913448029843368,https://taxfoundation.org/data/all/state/state-income-tax-rates-2026/,https://taxfoundation.org/data/all/state/sales-tax-rates/
38101,2026,0.006907875,0.070913448029843368,https://taxfoundation.org/data/all/state/state-income-tax-rates-2026/,https://taxfoundation.org/data/all/state/sales-tax-rates/
38103,2026,0.006907875,0.070913448029843368,https://taxfoundation.org/data/all/state/state-income-tax-rates-2026/,https://taxfoundation.org/data/all/state/sales-tax-rates/
38105,2026,0.006907875,0.070913448029843368,https://taxfoundation.org/data/all/state/state-income-tax-rates-2026/,https://taxfoundation.org/data/all/state/sales-tax-rates/
39001,2026,0.01967625,0.072949107653465517,https://taxfoundation.org/data/all/state/state-income-tax-rates-2026/,https://taxfoundation.org/data/all/state/sales-tax-rates/
39003,2026,0.01967625,0.072949107653465517,https://taxfoundation.org/data/all/state/state-income-tax-rates-2026/,https://taxfoundation.org/data/all/state/sales-tax-rates/
39005,2026,0.01967625,0.072949107653465517,https://taxfoundation.org/data/all/state/state-income-tax-rates-2026/,https://taxfoundation.org/data/all/state/sales-tax-rates/
39007,2026,0.01967625,0.072949107653465517,https://taxfoundation.org/data/all/state/state-income-tax-rates-2026/,https://taxfoundation.org/data/all/state/sales-tax-rates/
39009,2026,0.01967625,0.072949107653465517,https://taxfoundation.org/data/all/state/state-income-tax-rates-2026/,https://taxfoundation.org/data/all/state/sales-tax-rates/
39011,2026,0.01967625,0.072949107653465517,https://taxfoundation.org/data/all/state/state-income-tax-rates-2026/,https://taxfoundation.org/data/all/state/sales-tax-rates/
39013,2026,0.01967625,0.072949107653465517,https://taxfoundation.org/data/all/state/state-income-tax-rates-2026/,https://taxfoundation.org/data/all/state/sales-tax-rates/
39015,2026,0.01967625,0.072949107653465517,https://taxfoundation.org/data/all/state/state-income-tax-rates-2026/,https://taxfoundation.org/data/all/state/sales-tax-rates/
39017,2026,0.01967625,0.072949107653465517,https://taxfoundation.org/data/all/state/state-income-tax-rates-2026/,https://taxfoundation.org/data/all/state/sales-tax-rates/
39019,2026,0.01967625,0.072949107653465517,https://taxfoundation.org/data/all/state/state-income-tax-rates-2026/,https://taxfoundation.org/data/all/state/sales-tax-rates/
39021,2026,0.01967625,0.072949107653465517,https://taxfoundation.org/data/all/state/state-income-tax-rates-2026/,https://taxfoundation.org/data/all/state/sales-tax-rates/
39023,2026,0.01967625,0.072949107653465517,https://taxfoundation.org/data/all/state/state-income-tax-rates-2026/,https://taxfoundation.org/data/all/state/sales-tax-rates/
39025,2026,0.01967625,0.072949107653465517,https://taxfoundation.org/data/all/state/state-income-tax-rates-2026/,https://taxfoundation.org/data/all/state/sales-tax-rates/
39027,2026,0.01967625,0.072949107653465517,https://taxfoundation.org/data/all/state/state-income-tax-rates-2026/,https://taxfoundation.org/data/all/state/sales-tax-rates/
39029,2026,0.01967625,0.072949107653465517,https://taxfoundation.org/data/all/state/state-income-tax-rates-2026/,https://taxfoundation.org/data/all/state/sales-tax-rates/
39031,2026,0.01967625,0.072949107653465517,https://taxfoundation.org/data/all/state/state-income-tax-rates-2026/,https://taxfoundation.org/data/all/state/sales-tax-rates/
39033,2026,0.01967625,0.072949107653465517,https://taxfoundation.org/data/all/state/state-income-tax-rates-2026/,https://taxfoundation.org/data/all/state/sales-tax-rates/
39035,2026,0.01967625,0.072949107653465517,https://taxfoundation.org/data/all/state/state-income-tax-rates-2026/,https://taxfoundation.org/data/all/state/sales-tax-rates/
39037,2026,0.01967625,0.072949107653465517,https://taxfoundation.org/data/all/state/state-income-tax-rates-2026/,https://taxfoundation.org/data/all/state/sales-tax-rates/
39039,2026,0.01967625,0.072949107653465517,https://taxfoundation.org/data/all/state/state-income-tax-rates-2026/,https://taxfoundation.org/data/all/state/sales-tax-rates/
39041,2026,0.01967625,0.072949107653465517,https://taxfoundation.org/data/all/state/state-income-tax-rates-2026/,https://taxfoundation.org/data/all/state/sales-tax-rates/
39043,2026,0.01967625,0.072949107653465517,https://taxfoundation.org/data/all/state/state-income-tax-rates-2026/,https://taxfoundation.org/data/all/state/sales-tax-rates/
39045,2026,0.01967625,0.072949107653465517,https://taxfoundation.org/data/all/state/state-income-tax-rates-2026/,https://taxfoundation.org/data/all/state/sales-tax-rates/
39047,2026,0.01967625,0.072949107653465517,https://taxfoundation.org/data/all/state/state-income-tax-rates-2026/,https://taxfoundation.org/data/all/state/sales-tax-rates/
39049,2026,0.01967625,0.072949107653465517,https://taxfoundation.org/data/all/state/state-income-tax-rates-2026/,https://taxfoundation.org/data/all/state/sales-tax-rates/
39051,2026,0.01967625,0.072949107653465517,https://taxfoundation.org/data/all/state/state-income-tax-rates-2026/,https://taxfoundation.org/data/all/state/sales-tax-rates/
39053,2026,0.01967625,0.072949107653465517,https://taxfoundation.org/data/all/state/state-income-tax-rates-2026/,https://taxfoundation.org/data/all/state/sales-tax-rates/
39055,2026,0.01967625,0.072949107653465517,https://taxfoundation.org/data/all/state/state-income-tax-rates-2026/,https://taxfoundation.org/data/all/state/sales-tax-rates/
39057,2026,0.01967625,0.072949107653465517,https://taxfoundation.org/data/all/state/state-income-tax-rates-2026/,https://taxfoundation.org/data/all/state/sales-tax-rates/
39059,2026,0.01967625,0.072949107653465517,https://taxfoundation.org/data/all/state/state-income-tax-rates-2026/,https://taxfoundation.org/data/all/state/sales-tax-rates/
39061,2026,0.01967625,0.072949107653465517,https://taxfoundation.org/data/all/state/state-income-tax-rates-2026/,https://taxfoundation.org/data/all/state/sales-tax-rates/
39063,2026,0.01967625,0.072949107653465517,https://taxfoundation.org/data/all/state/state-income-tax-rates-2026/,https://taxfoundation.org/data/all/state/sales-tax-rates/
39065,2026,0.01967625,0.072949107653465517,https://taxfoundation.org/data/all/state/state-income-tax-rates-2026/,https://taxfoundation.org/data/all/state/sales-tax-rates/
39067,2026,0.01967625,0.072949107653465517,https://taxfoundation.org/data/all/state/state-income-tax-rates-2026/,https://taxfoundation.org/data/all/state/sales-tax-rates/
39069,2026,0.01967625,0.072949107653465517,https://taxfoundation.org/data/all/state/state-income-tax-rates-2026/,https://taxfoundation.org/data/all/state/sales-tax-rates/
39071,2026,0.01967625,0.072949107653465517,https://taxfoundation.org/data/all/state/state-income-tax-rates-2026/,https://taxfoundation.org/data/all/state/sales-tax-rates/
39073,2026,0.01967625,0.072949107653465517,https://taxfoundation.org/data/all/state/state-income-tax-rates-2026/,https://taxfoundation.org/data/all/state/sales-tax-rates/
39075,2026,0.01967625,0.072949107653465517,https://taxfoundation.org/data/all/state/state-income-tax-rates-2026/,https://taxfoundation.org/data/all/state/sales-tax-rates/
39077,2026,0.01967625,0.072949107653465517,https://taxfoundation.org/data/all/state/state-income-tax-rates-2026/,https://taxfoundation.org/data/all/state/sales-tax-rates/
39079,2026,0.01967625,0.072949107653465517,https://taxfoundation.org/data/all/state/state-income-tax-rates-2026/,https://taxfoundation.org/data/all/state/sales-tax-rates/
39081,2026,0.01967625,0.072949107653465517,https://taxfoundation.org/data/all/state/state-income-tax-rates-2026/,https://taxfoundation.org/data/all/state/sales-tax-rates/
39083,2026,0.01967625,0.072949107653465517,https://taxfoundation.org/data/all/state/state-income-tax-rates-2026/,https://taxfoundation.org/data/all/state/sales-tax-rates/
39085,2026,0.01967625,0.072949107653465517,https://taxfoundation.org/data/all/state/state-income-tax-rates-2026/,https://taxfoundation.org/data/all/state/sales-tax-rates/
39087,2026,0.01967625,0.072949107653465517,https://taxfoundation.org/data/all/state/state-income-tax-rates-2026/,https://taxfoundation.org/data/all/state/sales-tax-rates/
39089,2026,0.01967625,0.072949107653465517,https://taxfoundation.org/data/all/state/state-income-tax-rates-2026/,https://taxfoundation.org/data/all/state/sales-tax-rates/
39091,2026,0.01967625,0.072949107653465517,https://taxfoundation.org/data/all/state/state-income-tax-rates-2026/,https://taxfoundation.org/data/all/state/sales-tax-rates/
39093,2026,0.01967625,0.072949107653465517,https://taxfoundation.org/data/all/state/state-income-tax-rates-2026/,https://taxfoundation.org/data/all/state/sales-tax-rates/
39095,2026,0.01967625,0.072949107653465517,https://taxfoundation.org/data/all/state/state-income-tax-rates-2026/,https://taxfoundation.org/data/all/state/sales-tax-rates/
39097,2026,0.01967625,0.072949107653465517,https://taxfoundation.org/data/all/state/state-income-tax-rates-2026/,https://taxfoundation.org/data/all/state/sales-tax-rates/
39099,2026,0.01967625,0.072949107653465517,https://taxfoundation.org/data/all/state/state-income-tax-rates-2026/,https://taxfoundation.org/data/all/state/sales-tax-rates/
39101,2026,0.01967625,0.072949107653465517,https://taxfoundation.org/data/all/state/state-income-tax-rates-2026/,https://taxfoundation.org/data/all/state/sales-tax-rates/
39103,2026,0.01967625,0.072949107653465517,https://taxfoundation.org/data/all/state/state-income-tax-rates-2026/,https://taxfoundation.org/data/all/state/sales-tax-rates/
39105,2026,0.01967625,0.072949107653465517,https://taxfoundation.org/data/all/state/state-income-tax-rates-2026/,https://taxfoundation.org/data/all/state/sales-tax-rates/
39107,2026,0.01967625,0.072949107653465517,https://taxfoundation.org/data/all/state/state-income-tax-rates-2026/,https://taxfoundation.org/data/all/state/sales-tax-rates/
39109,2026,0.01967625,0.072949107653465517,https://taxfoundation.org/data/all/state/state-income-tax-rates-2026/,https://taxfoundation.org/data/all/state/sales-tax-rates/
39111,2026,0.01967625,0.072949107653465517,https://taxfoundation.org/data/all/state/state-income-tax-rates-2026/,https://taxfoundation.org/data/all/state/sales-tax-rates/
39113,2026,0.01967625,0.072949107653465517,https://taxfoundation.org/data/all/state/state-income-tax-rates-2026/,https://taxfoundation.org/data/all/state/sales-tax-rates/
39115,2026,0.01967625,0.072949107653465517,https://taxfoundation.org/data/all/state/state-income-tax-rates-2026/,https://taxfoundation.org/data/all/state/sales-tax-rates/
39117,2026,0.01967625,0.072949107653465517,https://taxfoundation.org/data/all/state/state-income-tax-rates-2026/,https://taxfoundation.org/data/all/state/sales-tax-rates/
39119,2026,0.01967625,0.072949107653465517,https://taxfoundation.org/data/all/state/state-income-tax-rates-2026/,https://taxfoundation.org/data/all/state/sales-tax-rates/
39121,2026,0.01967625,0.072949107653465517,https://taxfoundation.org/data/all/state/state-income-tax-rates-2026/,https://taxfoundation.org/data/all/state/sales-tax-rates/
39123,2026,0.01967625,0.072949107653465517,https://taxfoundation.org/data/all/state/state-income-tax-rates-2026/,https://taxfoundation.org/data/all/state/sales-tax-rates/
39125,2026,0.01967625,0.072949107653465517,https://taxfoundation.org/data/all/state/state-income-tax-rates-2026/,https://taxfoundation.org/data/all/state/sales-tax-rates/
39127,2026,0.01967625,0.072949107653465517,https://taxfoundation.org/data/all/state/state-income-tax-rates-2026/,https://taxfoundation.org/data/all/state/sales-tax-rates/
39129,2026,0.01967625,0.072949107653465517,https://taxfoundation.org/data/all/state/state-income-tax-rates-2026/,https://taxfoundation.org/data/all/state/sales-tax-rates/
39131,2026,0.01967625,0.072949107653465517,https://taxfoundation.org/data/all/state/state-income-tax-rates-2026/,https://taxfoundation.org/data/all/state/sales-tax-rates/
39133,2026,0.01967625,0.072949107653465517,https://taxfoundation.org/data/all/state/state-income-tax-rates-2026/,https://taxfoundation.org/data/all/state/sales-tax-rates/
39135,2026,0.01967625,0.072949107653465517,https://taxfoundation.org/data/all/state/state-income-tax-rates-2026/,https://taxfoundation.org/data/all/state/sales-tax-rates/
39137,2026,0.01967625,0.072949107653465517,https://taxfoundation.org/data/all/state/state-income-tax-rates-2026/,https://taxfoundation.org/data/all/state/sales-tax-rates/
39139,2026,0.01967625,0.072949107653465517,https://taxfoundation.org/data/all/state/state-income-tax-rates-2026/,https://taxfoundation.org/data/all/state/sales-tax-rates/
39141,2026,0.01967625,0.072949107653465517,https://taxfoundation.org/data/all/state/state-income-tax-rates-2026/,https://taxfoundation.org/data/all/state/sales-tax-rates/
39143,2026,0.01967625,0.072949107653465517,https://taxfoundation.org/data/all/state/state-income-tax-rates-2026/,https://taxfoundation.org/data/all/state/sales-tax-rates/
39145,2026,0.01967625,0.072949107653465517,https://taxfoundation.org/data/all/state/state-income-tax-rates-2026/,https://taxfoundation.org/data/all/state/sales-tax-rates/
39147,2026,0.01967625,0.072949107653465517,https://taxfoundation.org/data/all/state/state-income-tax-rates-2026/,https://taxfoundation.org/data/all/state/sales-tax-rates/
39149,2026,0.01967625,0.072949107653465517,https://taxfoundation.org/data/all/state/state-income-tax-rates-2026/,https://taxfoundation.org/data/all/state/sales-tax-rates/
39151,2026,0.01967625,0.072949107653465517,https://taxfoundation.org/data/all/state/state-income-tax-rates-2026/,https://taxfoundation.org/data/all/state/sales-tax-rates/
39153,2026,0.01967625,0.072949107653465517,https://taxfoundation.org/data/all/state/state-income-tax-rates-2026/,https://taxfoundation.org/data/all/state/sales-tax-rates/
39155,2026,0.01967625,0.072949107653465517,https://taxfoundation.org/data/all/state/state-income-tax-rates-2026/,https://taxfoundation.org/data/all/state/sales-tax-rates/
39157,2026,0.01967625,0.072949107653465517,https://taxfoundation.org/data/all/state/state-income-tax-rates-2026/,https://taxfoundation.org/data/all/state/sales-tax-rates/
39159,2026,0.01967625,0.072949107653465517,https://taxfoundation.org/data/all/state/state-income-tax-rates-2026/,https://taxfoundation.org/data/all/state/sales-tax-rates/
39161,2026,0.01967625,0.072949107653465517,https://taxfoundation.org/data/all/state/state-income-tax-rates-2026/,https://taxfoundation.org/data/all/state/sales-tax-rates/
39163,2026,0.01967625,0.072949107653465517,https://taxfoundation.org/data/all/state/state-income-tax-rates-2026/,https://taxfoundation.org/data/all/state/sales-tax-rates/
39165,2026,0.01967625,0.072949107653465517,https://taxfoundation.org/data/all/state/state-income-tax-rates-2026/,https://taxfoundation.org/data/all/state/sales-tax-rates/
39167,2026,0.01967625,0.072949107653465517,https://taxfoundation.org/data/all/state/state-income-tax-rates-2026/,https://taxfoundation.org/data/all/state/sales-tax-rates/
39169,2026,0.01967625,0.072949107653465517,https://taxfoundation.org/data/all/state/state-income-tax-rates-2026/,https://taxfoundation.org/data/all/state/sales-tax-rates/
39171,2026,0.01967625,0.072949107653465517,https://taxfoundation.org/data/all/state/state-income-tax-rates-2026/,https://taxfoundation.org/data/all/state/sales-tax-rates/
39173,2026,0.01967625,0.072949107653465517,https://taxfoundation.org/data/all/state/state-income-tax-rates-2026/,https://taxfoundation.org/data/all/state/sales-tax-rates/
39175,2026,0.01967625,0.072949107653465517,https://taxfoundation.org/data/all/state/state-income-tax-rates-2026/,https://taxfoundation.org/data/all/state/sales-tax-rates/
40001,2026,0.0395449999999999983715,0.090592193514267005,https://taxfoundation.org/data/all/state/state-income-tax-rates-2026/,https://taxfoundation.org/data/all/state/sales-tax-rates/
40003,2026,0.0395449999999999983715,0.090592193514267005,https://taxfoundation.org/data/all/state/state-income-tax-rates-2026/,https://taxfoundation.org/data/all/state/sales-tax-rates/
40005,2026,0.0395449999999999983715,0.090592193514267005,https://taxfoundation.org/data/all/state/state-income-tax-rates-2026/,https://taxfoundation.org/data/all/state/sales-tax-rates/
40007,2026,0.0395449999999999983715,0.090592193514267005,https://taxfoundation.org/data/all/state/state-income-tax-rates-2026/,https://taxfoundation.org/data/all/state/sales-tax-rates/
40009,2026,0.0395449999999999983715,0.090592193514267005,https://taxfoundation.org/data/all/state/state-income-tax-rates-2026/,https://taxfoundation.org/data/all/state/sales-tax-rates/
40011,2026,0.0395449999999999983715,0.090592193514267005,https://taxfoundation.org/data/all/state/state-income-tax-rates-2026/,https://taxfoundation.org/data/all/state/sales-tax-rates/
40013,2026,0.0395449999999999983715,0.090592193514267005,https://taxfoundation.org/data/all/state/state-income-tax-rates-2026/,https://taxfoundation.org/data/all/state/sales-tax-rates/
40015,2026,0.0395449999999999983715,0.090592193514267005,https://taxfoundation.org/data/all/state/state-income-tax-rates-2026/,https://taxfoundation.org/data/all/state/sales-tax-rates/
40017,2026,0.0395449999999999983715,0.090592193514267005,https://taxfoundation.org/data/all/state/state-income-tax-rates-2026/,https://taxfoundation.org/data/all/state/sales-tax-rates/
40019,2026,0.0395449999999999983715,0.090592193514267005,https://taxfoundation.org/data/all/state/state-income-tax-rates-2026/,https://taxfoundation.org/data/all/state/sales-tax-rates/
40021,2026,0.0395449999999999983715,0.090592193514267005,https://taxfoundation.org/data/all/state/state-income-tax-rates-2026/,https://taxfoundation.org/data/all/state/sales-tax-rates/
40023,2026,0.0395449999999999983715,0.090592193514267005,https://taxfoundation.org/data/all/state/state-income-tax-rates-2026/,https://taxfoundation.org/data/all/state/sales-tax-rates/
40025,2026,0.0395449999999999983715,0.090592193514267005,https://taxfoundation.org/data/all/state/state-income-tax-rates-2026/,https://taxfoundation.org/data/all/state/sales-tax-rates/
40027,2026,0.0395449999999999983715,0.090592193514267005,https://taxfoundation.org/data/all/state/state-income-tax-rates-2026/,https://taxfoundation.org/data/all/state/sales-tax-rates/
40029,2026,0.0395449999999999983715,0.090592193514267005,https://taxfoundation.org/data/all/state/state-income-tax-rates-2026/,https://taxfoundation.org/data/all/state/sales-tax-rates/
40031,2026,0.0395449999999999983715,0.090592193514267005,https://taxfoundation.org/data/all/state/state-income-tax-rates-2026/,https://taxfoundation.org/data/all/state/sales-tax-rates/
40033,2026,0.0395449999999999983715,0.090592193514267005,https://taxfoundation.org/data/all/state/state-income-tax-rates-2026/,https://taxfoundation.org/data/all/state/sales-tax-rates/
40035,2026,0.0395449999999999983715,0.090592193514267005,https://taxfoundation.org/data/all/state/state-income-tax-rates-2026/,https://taxfoundation.org/data/all/state/sales-tax-rates/
40037,2026,0.0395449999999999983715,0.090592193514267005,https://taxfoundation.org/data/all/state/state-income-tax-rates-2026/,https://taxfoundation.org/data/all/state/sales-tax-rates/
40039,2026,0.0395449999999999983715,0.090592193514267005,https://taxfoundation.org/data/all/state/state-income-tax-rates-2026/,https://taxfoundation.org/data/all/state/sales-tax-rates/
40041,2026,0.0395449999999999983715,0.090592193514267005,https://taxfoundation.org/data/all/state/state-income-tax-rates-2026/,https://taxfoundation.org/data/all/state/sales-tax-rates/
40043,2026,0.0395449999999999983715,0.090592193514267005,https://taxfoundation.org/data/all/state/state-income-tax-rates-2026/,https://taxfoundation.org/data/all/state/sales-tax-rates/
40045,2026,0.0395449999999999983715,0.090592193514267005,https://taxfoundation.org/data/all/state/state-income-tax-rates-2026/,https://taxfoundation.org/data/all/state/sales-tax-rates/
40047,2026,0.0395449999999999983715,0.090592193514267005,https://taxfoundation.org/data/all/state/state-income-tax-rates-2026/,https://taxfoundation.org/data/all/state/sales-tax-rates/
40049,2026,0.0395449999999999983715,0.090592193514267005,https://taxfoundation.org/data/all/state/state-income-tax-rates-2026/,https://taxfoundation.org/data/all/state/sales-tax-rates/
40051,2026,0.0395449999999999983715,0.090592193514267005,https://taxfoundation.org/data/all/state/state-income-tax-rates-2026/,https://taxfoundation.org/data/all/state/sales-tax-rates/
40053,2026,0.0395449999999999983715,0.090592193514267005,https://taxfoundation.org/data/all/state/state-income-tax-rates-2026/,https://taxfoundation.org/data/all/state/sales-tax-rates/
40055,2026,0.0395449999999999983715,0.090592193514267005,https://taxfoundation.org/data/all/state/state-income-tax-rates-2026/,https://taxfoundation.org/data/all/state/sales-tax-rates/
40057,2026,0.0395449999999999983715,0.090592193514267005,https://taxfoundation.org/data/all/state/state-income-tax-rates-2026/,https://taxfoundation.org/data/all/state/sales-tax-rates/
40059,2026,0.0395449999999999983715,0.090592193514267005,https://taxfoundation.org/data/all/state/state-income-tax-rates-2026/,https://taxfoundation.org/data/all/state/sales-tax-rates/
40061,2026,0.0395449999999999983715,0.090592193514267005,https://taxfoundation.org/data/all/state/state-income-tax-rates-2026/,https://taxfoundation.org/data/all/state/sales-tax-rates/
40063,2026,0.0395449999999999983715,0.090592193514267005,https://taxfoundation.org/data/all/state/state-income-tax-rates-2026/,https://taxfoundation.org/data/all/state/sales-tax-rates/
40065,2026,0.0395449999999999983715,0.090592193514267005,https://taxfoundation.org/data/all/state/state-income-tax-rates-2026/,https://taxfoundation.org/data/all/state/sales-tax-rates/
40067,2026,0.0395449999999999983715,0.090592193514267005,https://taxfoundation.org/data/all/state/state-income-tax-rates-2026/,https://taxfoundation.org/data/all/state/sales-tax-rates/
40069,2026,0.0395449999999999983715,0.090592193514267005,https://taxfoundation.org/data/all/state/state-income-tax-rates-2026/,https://taxfoundation.org/data/all/state/sales-tax-rates/
40071,2026,0.0395449999999999983715,0.090592193514267005,https://taxfoundation.org/data/all/state/state-income-tax-rates-2026/,https://taxfoundation.org/data/all/state/sales-tax-rates/
40073,2026,0.0395449999999999983715,0.090592193514267005,https://taxfoundation.org/data/all/state/state-income-tax-rates-2026/,https://taxfoundation.org/data/all/state/sales-tax-rates/
40075,2026,0.0395449999999999983715,0.090592193514267005,https://taxfoundation.org/data/all/state/state-income-tax-rates-2026/,https://taxfoundation.org/data/all/state/sales-tax-rates/
40077,2026,0.0395449999999999983715,0.090592193514267005,https://taxfoundation.org/data/all/state/state-income-tax-rates-2026/,https://taxfoundation.org/data/all/state/sales-tax-rates/
40079,2026,0.0395449999999999983715,0.090592193514267005,https://taxfoundation.org/data/all/state/state-income-tax-rates-2026/,https://taxfoundation.org/data/all/state/sales-tax-rates/
40081,2026,0.0395449999999999983715,0.090592193514267005,https://taxfoundation.org/data/all/state/state-income-tax-rates-2026/,https://taxfoundation.org/data/all/state/sales-tax-rates/
40083,2026,0.0395449999999999983715,0.090592193514267005,https://taxfoundation.org/data/all/state/state-income-tax-rates-2026/,https://taxfoundation.org/data/all/state/sales-tax-rates/
40085,2026,0.0395449999999999983715,0.090592193514267005,https://taxfoundation.org/data/all/state/state-income-tax-rates-2026/,https://taxfoundation.org/data/all/state/sales-tax-rates/
40087,2026,0.0395449999999999983715,0.090592193514267005,https://taxfoundation.org/data/all/state/state-income-tax-rates-2026/,https://taxfoundation.org/data/all/state/sales-tax-rates/
40089,2026,0.0395449999999999983715,0.090592193514267005,https://taxfoundation.org/data/all/state/state-income-tax-rates-2026/,https://taxfoundation.org/data/all/state/sales-tax-rates/
40091,2026,0.0395449999999999983715,0.090592193514267005,https://taxfoundation.org/data/all/state/state-income-tax-rates-2026/,https://taxfoundation.org/data/all/state/sales-tax-rates/
40093,2026,0.0395449999999999983715,0.090592193514267005,https://taxfoundation.org/data/all/state/state-income-tax-rates-2026/,https://taxfoundation.org/data/all/state/sales-tax-rates/
40095,2026,0.0395449999999999983715,0.090592193514267005,https://taxfoundation.org/data/all/state/state-income-tax-rates-2026/,https://taxfoundation.org/data/all/state/sales-tax-rates/
40097,2026,0.0395449999999999983715,0.090592193514267005,https://taxfoundation.org/data/all/state/state-income-tax-rates-2026/,https://taxfoundation.org/data/all/state/sales-tax-rates/
40099,2026,0.0395449999999999983715,0.090592193514267005,https://taxfoundation.org/data/all/state/state-income-tax-rates-2026/,https://taxfoundation.org/data/all/state/sales-tax-rates/
40101,2026,0.0395449999999999983715,0.090592193514267005,https://taxfoundation.org/data/all/state/state-income-tax-rates-2026/,https://taxfoundation.org/data/all/state/sales-tax-rates/
40103,2026,0.0395449999999999983715,0.090592193514267005,https://taxfoundation.org/data/all/state/state-income-tax-rates-2026/,https://taxfoundation.org/data/all/state/sales-tax-rates/
40105,2026,0.0395449999999999983715,0.090592193514267005,https://taxfoundation.org/data/all/state/state-income-tax-rates-2026/,https://taxfoundation.org/data/all/state/sales-tax-rates/
40107,2026,0.0395449999999999983715,0.090592193514267005,https://taxfoundation.org/data/all/state/state-income-tax-rates-2026/,https://taxfoundation.org/data/all/state/sales-tax-rates/
40109,2026,0.0395449999999999983715,0.090592193514267005,https://taxfoundation.org/data/all/state/state-income-tax-rates-2026/,https://taxfoundation.org/data/all/state/sales-tax-rates/
40111,2026,0.0395449999999999983715,0.090592193514267005,https://taxfoundation.org/data/all/state/state-income-tax-rates-2026/,https://taxfoundation.org/data/all/state/sales-tax-rates/
40113,2026,0.0395449999999999983715,0.090592193514267005,https://taxfoundation.org/data/all/state/state-income-tax-rates-2026/,https://taxfoundation.org/data/all/state/sales-tax-rates/
40115,2026,0.0395449999999999983715,0.090592193514267005,https://taxfoundation.org/data/all/state/state-income-tax-rates-2026/,https://taxfoundation.org/data/all/state/sales-tax-rates/
40117,2026,0.0395449999999999983715,0.090592193514267005,https://taxfoundation.org/data/all/state/state-income-tax-rates-2026/,https://taxfoundation.org/data/all/state/sales-tax-rates/
40119,2026,0.0395449999999999983715,0.090592193514267005,https://taxfoundation.org/data/all/state/state-income-tax-rates-2026/,https://taxfoundation.org/data/all/state/sales-tax-rates/
40121,2026,0.0395449999999999983715,0.090592193514267005,https://taxfoundation.org/data/all/state/state-income-tax-rates-2026/,https://taxfoundation.org/data/all/state/sales-tax-rates/
40123,2026,0.0395449999999999983715,0.090592193514267005,https://taxfoundation.org/data/all/state/state-income-tax-rates-2026/,https://taxfoundation.org/data/all/state/sales-tax-rates/
40125,2026,0.0395449999999999983715,0.090592193514267005,https://taxfoundation.org/data/all/state/state-income-tax-rates-2026/,https://taxfoundation.org/data/all/state/sales-tax-rates/
40127,2026,0.0395449999999999983715,0.090592193514267005,https://taxfoundation.org/data/all/state/state-income-tax-rates-2026/,https://taxfoundation.org/data/all/state/sales-tax-rates/
40129,2026,0.0395449999999999983715,0.090592193514267005,https://taxfoundation.org/data/all/state/state-income-tax-rates-2026/,https://taxfoundation.org/data/all/state/sales-tax-rates/
40131,2026,0.0395449999999999983715,0.090592193514267005,https://taxfoundation.org/data/all/state/state-income-tax-rates-2026/,https://taxfoundation.org/data/all/state/sales-tax-rates/
40133,2026,0.0395449999999999983715,0.090592193514267005,https://taxfoundation.org/data/all/state/state-income-tax-rates-2026/,https://taxfoundation.org/data/all/state/sales-tax-rates/
40135,2026,0.0395449999999999983715,0.090592193514267005,https://taxfoundation.org/data/all/state/state-income-tax-rates-2026/,https://taxfoundation.org/data/all/state/sales-tax-rates/
40137,2026,0.0395449999999999983715,0.090592193514267005,https://taxfoundation.org/data/all/state/state-income-tax-rates-2026/,https://taxfoundation.org/data/all/state/sales-tax-rates/
40139,2026,0.0395449999999999983715,0.090592193514267005,https://taxfoundation.org/data/all/state/state-income-tax-rates-2026/,https://taxfoundation.org/data/all/state/sales-tax-rates/
40141,2026,0.0395449999999999983715,0.090592193514267005,https://taxfoundation.org/data/all/state/state-income-tax-rates-2026/,https://taxfoundation.org/data/all/state/sales-tax-rates/
40143,2026,0.0395449999999999983715,0.090592193514267005,https://taxfoundation.org/data/all/state/state-income-tax-rates-2026/,https://taxfoundation.org/data/all/state/sales-tax-rates/
40145,2026,0.0395449999999999983715,0.090592193514267005,https://taxfoundation.org/data/all/state/state-income-tax-rates-2026/,https://taxfoundation.org/data/all/state/sales-tax-rates/
40147,2026,0.0395449999999999983715,0.090592193514267005,https://taxfoundation.org/data/all/state/state-income-tax-rates-2026/,https://taxfoundation.org/data/all/state/sales-tax-rates/
40149,2026,0.0395449999999999983715,0.090592193514267005,https://taxfoundation.org/data/all/state/state-income-tax-rates-2026/,https://taxfoundation.org/data/all/state/sales-tax-rates/
40151,2026,0.0395449999999999983715,0.090592193514267005,https://taxfoundation.org/data/all/state/state-income-tax-rates-2026/,https://taxfoundation.org/data/all/state/sales-tax-rates/
40153,2026,0.0395449999999999983715,0.090592193514267005,https://taxfoundation.org/data/all/state/state-income-tax-rates-2026/,https://taxfoundation.org/data/all/state/sales-tax-rates/
41001,2026,0.0792037499999999951781,0,https://taxfoundation.org/data/all/state/state-income-tax-rates-2026/,https://taxfoundation.org/data/all/state/sales-tax-rates/
41003,2026,0.0792037499999999951781,0,https://taxfoundation.org/data/all/state/state-income-tax-rates-2026/,https://taxfoundation.org/data/all/state/sales-tax-rates/
41005,2026,0.0792037499999999951781,0,https://taxfoundation.org/data/all/state/state-income-tax-rates-2026/,https://taxfoundation.org/data/all/state/sales-tax-rates/
41007,2026,0.0792037499999999951781,0,https://taxfoundation.org/data/all/state/state-income-tax-rates-2026/,https://taxfoundation.org/data/all/state/sales-tax-rates/
41009,2026,0.0792037499999999951781,0,https://taxfoundation.org/data/all/state/state-income-tax-rates-2026/,https://taxfoundation.org/data/all/state/sales-tax-rates/
41011,2026,0.0792037499999999951781,0,https://taxfoundation.org/data/all/state/state-income-tax-rates-2026/,https://taxfoundation.org/data/all/state/sales-tax-rates/
41013,2026,0.0792037499999999951781,0,https://taxfoundation.org/data/all/state/state-income-tax-rates-2026/,https://taxfoundation.org/data/all/state/sales-tax-rates/
41015,2026,0.0792037499999999951781,0,https://taxfoundation.org/data/all/state/state-income-tax-rates-2026/,https://taxfoundation.org/data/all/state/sales-tax-rates/
41017,2026,0.0792037499999999951781,0,https://taxfoundation.org/data/all/state/state-income-tax-rates-2026/,https://taxfoundation.org/data/all/state/sales-tax-rates/
41019,2026,0.0792037499999999951781,0,https://taxfoundation.org/data/all/state/state-income-tax-rates-2026/,https://taxfoundation.org/data/all/state/sales-tax-rates/
41021,2026,0.0792037499999999951781,0,https://taxfoundation.org/data/all/state/state-income-tax-rates-2026/,https://taxfoundation.org/data/all/state/sales-tax-rates/
41023,2026,0.0792037499999999951781,0,https://taxfoundation.org/data/all/state/state-income-tax-rates-2026/,https://taxfoundation.org/data/all/state/sales-tax-rates/
41025,2026,0.0792037499999999951781,0,https://taxfoundation.org/data/all/state/state-income-tax-rates-2026/,https://taxfoundation.org/data/all/state/sales-tax-rates/
41027,2026,0.0792037499999999951781,0,https://taxfoundation.org/data/all/state/state-income-tax-rates-2026/,https://taxfoundation.org/data/all/state/sales-tax-rates/
41029,2026,0.0792037499999999951781,0,https://taxfoundation.org/data/all/state/state-income-tax-rates-2026/,https://taxfoundation.org/data/all/state/sales-tax-rates/
41031,2026,0.0792037499999999951781,0,https://taxfoundation.org/data/all/state/state-income-tax-rates-2026/,https://taxfoundation.org/data/all/state/sales-tax-rates/
41033,2026,0.0792037499999999951781,0,https://taxfoundation.org/data/all/state/state-income-tax-rates-2026/,https://taxfoundation.org/data/all/state/sales-tax-rates/
41035,2026,0.0792037499999999951781,0,https://taxfoundation.org/data/all/state/state-income-tax-rates-2026/,https://taxfoundation.org/data/all/state/sales-tax-rates/
41037,2026,0.0792037499999999951781,0,https://taxfoundation.org/data/all/state/state-income-tax-rates-2026/,https://taxfoundation.org/data/all/state/sales-tax-rates/
41039,2026,0.0792037499999999951781,0,https://taxfoundation.org/data/all/state/state-income-tax-rates-2026/,https://taxfoundation.org/data/all/state/sales-tax-rates/
41041,2026,0.0792037499999999951781,0,https://taxfoundation.org/data/all/state/state-income-tax-rates-2026/,https://taxfoundation.org/data/all/state/sales-tax-rates/
41043,2026,0.0792037499999999951781,0,https://taxfoundation.org/data/all/state/state-income-tax-rates-2026/,https://taxfoundation.org/data/all/state/sales-tax-rates/
41045,2026,0.0792037499999999951781,0,https://taxfoundation.org/data/all/state/state-income-tax-rates-2026/,https://taxfoundation.org/data/all/state/sales-tax-rates/
41047,2026,0.0792037499999999951781,0,https://taxfoundation.org/data/all/state/state-income-tax-rates-2026/,https://taxfoundation.org/data/all/state/sales-tax-rates/
41049,2026,0.0792037499999999951781,0,https://taxfoundation.org/data/all/state/state-income-tax-rates-2026/,https://taxfoundation.org/data/all/state/sales-tax-rates/
41051,2026,0.0792037499999999951781,0,https://taxfoundation.org/data/all/state/state-income-tax-rates-2026/,https://taxfoundation.org/data/all/state/sales-tax-rates/
41053,2026,0.0792037499999999951781,0,https://taxfoundation.org/data/all/state/state-income-tax-rates-2026/,https://taxfoundation.org/data/all/state/sales-tax-rates/
41055,2026,0.0792037499999999951781,0,https://taxfoundation.org/data/all/state/state-income-tax-rates-2026/,https://taxfoundation.org/data/all/state/sales-tax-rates/
41057,2026,0.0792037499999999951781,0,https://taxfoundation.org/data/all/state/state-income-tax-rates-2026/,https://taxfoundation.org/data/all/state/sales-tax-rates/
41059,2026,0.0792037499999999951781,0,https://taxfoundation.org/data/all/state/state-income-tax-rates-2026/,https://taxfoundation.org/data/all/state/sales-tax-rates/
41061,2026,0.0792037499999999951781,0,https://taxfoundation.org/data/all/state/state-income-tax-rates-2026/,https://taxfoundation.org/data/all/state/sales-tax-rates/
41063,2026,0.0792037499999999951781,0,https://taxfoundation.org/data/all/state/state-income-tax-rates-2026/,https://taxfoundation.org/data/all/state/sales-tax-rates/
41065,2026,0.0792037499999999951781,0,https://taxfoundation.org/data/all/state/state-income-tax-rates-2026/,https://taxfoundation.org/data/all/state/sales-tax-rates/
41067,2026,0.0792037499999999951781,0,https://taxfoundation.org/data/all/state/state-income-tax-rates-2026/,https://taxfoundation.org/data/all/state/sales-tax-rates/
41069,2026,0.0792037499999999951781,0,https://taxfoundation.org/data/all/state/state-income-tax-rates-2026/,https://taxfoundation.org/data/all/state/sales-tax-rates/
41071,2026,0.0792037499999999951781,0,https://taxfoundation.org/data/all/state/state-income-tax-rates-2026/,https://taxfoundation.org/data/all/state/sales-tax-rates/
42001,2026,0.030700000000000002,0.063407534703349477,https://taxfoundation.org/data/all/state/state-income-tax-rates-2026/,https://taxfoundation.org/data/all/state/sales-tax-rates/
42003,2026,0.030700000000000002,0.063407534703349477,https://taxfoundation.org/data/all/state/state-income-tax-rates-2026/,https://taxfoundation.org/data/all/state/sales-tax-rates/
42005,2026,0.030700000000000002,0.063407534703349477,https://taxfoundation.org/data/all/state/state-income-tax-rates-2026/,https://taxfoundation.org/data/all/state/sales-tax-rates/
42007,2026,0.030700000000000002,0.063407534703349477,https://taxfoundation.org/data/all/state/state-income-tax-rates-2026/,https://taxfoundation.org/data/all/state/sales-tax-rates/
42009,2026,0.030700000000000002,0.063407534703349477,https://taxfoundation.org/data/all/state/state-income-tax-rates-2026/,https://taxfoundation.org/data/all/state/sales-tax-rates/
42011,2026,0.030700000000000002,0.063407534703349477,https://taxfoundation.org/data/all/state/state-income-tax-rates-2026/,https://taxfoundation.org/data/all/state/sales-tax-rates/
42013,2026,0.030700000000000002,0.063407534703349477,https://taxfoundation.org/data/all/state/state-income-tax-rates-2026/,https://taxfoundation.org/data/all/state/sales-tax-rates/
42015,2026,0.030700000000000002,0.063407534703349477,https://taxfoundation.org/data/all/state/state-income-tax-rates-2026/,https://taxfoundation.org/data/all/state/sales-tax-rates/
42017,2026,0.030700000000000002,0.063407534703349477,https://taxfoundation.org/data/all/state/state-income-tax-rates-2026/,https://taxfoundation.org/data/all/state/sales-tax-rates/
42019,2026,0.030700000000000002,0.063407534703349477,https://taxfoundation.org/data/all/state/state-income-tax-rates-2026/,https://taxfoundation.org/data/all/state/sales-tax-rates/
42021,2026,0.030700000000000002,0.063407534703349477,https://taxfoundation.org/data/all/state/state-income-tax-rates-2026/,https://taxfoundation.org/data/all/state/sales-tax-rates/
42023,2026,0.030700000000000002,0.063407534703349477,https://taxfoundation.org/data/all/state/state-income-tax-rates-2026/,https://taxfoundation.org/data/all/state/sales-tax-rates/
42025,2026,0.030700000000000002,0.063407534703349477,https://taxfoundation.org/data/all/state/state-income-tax-rates-2026/,https://taxfoundation.org/data/all/state/sales-tax-rates/
42027,2026,0.030700000000000002,0.063407534703349477,https://taxfoundation.org/data/all/state/state-income-tax-rates-2026/,https://taxfoundation.org/data/all/state/sales-tax-rates/
42029,2026,0.030700000000000002,0.063407534703349477,https://taxfoundation.org/data/all/state/state-income-tax-rates-2026/,https://taxfoundation.org/data/all/state/sales-tax-rates/
42031,2026,0.030700000000000002,0.063407534703349477,https://taxfoundation.org/data/all/state/state-income-tax-rates-2026/,https://taxfoundation.org/data/all/state/sales-tax-rates/
42033,2026,0.030700000000000002,0.063407534703349477,https://taxfoundation.org/data/all/state/state-income-tax-rates-2026/,https://taxfoundation.org/data/all/state/sales-tax-rates/
42035,2026,0.030700000000000002,0.063407534703349477,https://taxfoundation.org/data/all/state/state-income-tax-rates-2026/,https://taxfoundation.org/data/all/state/sales-tax-rates/
42037,2026,0.030700000000000002,0.063407534703349477,https://taxfoundation.org/data/all/state/state-income-tax-rates-2026/,https://taxfoundation.org/data/all/state/sales-tax-rates/
42039,2026,0.030700000000000002,0.063407534703349477,https://taxfoundation.org/data/all/state/state-income-tax-rates-2026/,https://taxfoundation.org/data/all/state/sales-tax-rates/
42041,2026,0.030700000000000002,0.063407534703349477,https://taxfoundation.org/data/all/state/state-income-tax-rates-2026/,https://taxfoundation.org/data/all/state/sales-tax-rates/
42043,2026,0.030700000000000002,0.063407534703349477,https://taxfoundation.org/data/all/state/state-income-tax-rates-2026/,https://taxfoundation.org/data/all/state/sales-tax-rates/
42045,2026,0.030700000000000002,0.063407534703349477,https://taxfoundation.org/data/all/state/state-income-tax-rates-2026/,https://taxfoundation.org/data/all/state/sales-tax-rates/
42047,2026,0.030700000000000002,0.063407534703349477,https://taxfoundation.org/data/all/state/state-income-tax-rates-2026/,https://taxfoundation.org/data/all/state/sales-tax-rates/
42049,2026,0.030700000000000002,0.063407534703349477,https://taxfoundation.org/data/all/state/state-income-tax-rates-2026/,https://taxfoundation.org/data/all/state/sales-tax-rates/
42051,2026,0.030700000000000002,0.063407534703349477,https://taxfoundation.org/data/all/state/state-income-tax-rates-2026/,https://taxfoundation.org/data/all/state/sales-tax-rates/
42053,2026,0.030700000000000002,0.063407534703349477,https://taxfoundation.org/data/all/state/state-income-tax-rates-2026/,https://taxfoundation.org/data/all/state/sales-tax-rates/
42055,2026,0.030700000000000002,0.063407534703349477,https://taxfoundation.org/data/all/state/state-income-tax-rates-2026/,https://taxfoundation.org/data/all/state/sales-tax-rates/
42057,2026,0.030700000000000002,0.063407534703349477,https://taxfoundation.org/data/all/state/state-income-tax-rates-2026/,https://taxfoundation.org/data/all/state/sales-tax-rates/
42059,2026,0.030700000000000002,0.063407534703349477,https://taxfoundation.org/data/all/state/state-income-tax-rates-2026/,https://taxfoundation.org/data/all/state/sales-tax-rates/
42061,2026,0.030700000000000002,0.063407534703349477,https://taxfoundation.org/data/all/state/state-income-tax-rates-2026/,https://taxfoundation.org/data/all/state/sales-tax-rates/
42063,2026,0.030700000000000002,0.063407534703349477,https://taxfoundation.org/data/all/state/state-income-tax-rates-2026/,https://taxfoundation.org/data/all/state/sales-tax-rates/
42065,2026,0.030700000000000002,0.063407534703349477,https://taxfoundation.org/data/all/state/state-income-tax-rates-2026/,https://taxfoundation.org/data/all/state/sales-tax-rates/
42067,2026,0.030700000000000002,0.063407534703349477,https://taxfoundation.org/data/all/state/state-income-tax-rates-2026/,https://taxfoundation.org/data/all/state/sales-tax-rates/
42069,2026,0.030700000000000002,0.063407534703349477,https://taxfoundation.org/data/all/state/state-income-tax-rates-2026/,https://taxfoundation.org/data/all/state/sales-tax-rates/
42071,2026,0.030700000000000002,0.063407534703349477,https://taxfoundation.org/data/all/state/state-income-tax-rates-2026/,https://taxfoundation.org/data/all/state/sales-tax-rates/
42073,2026,0.030700000000000002,0.063407534703349477,https://taxfoundation.org/data/all/state/state-income-tax-rates-2026/,https://taxfoundation.org/data/all/state/sales-tax-rates/
42075,2026,0.030700000000000002,0.063407534703349477,https://taxfoundation.org/data/all/state/state-income-tax-rates-2026/,https://taxfoundation.org/data/all/state/sales-tax-rates/
42077,2026,0.030700000000000002,0.063407534703349477,https://taxfoundation.org/data/all/state/state-income-tax-rates-2026/,https://taxfoundation.org/data/all/state/sales-tax-rates/
42079,2026,0.030700000000000002,0.063407534703349477,https://taxfoundation.org/data/all/state/state-income-tax-rates-2026/,https://taxfoundation.org/data/all/state/sales-tax-rates/
42081,2026,0.030700000000000002,0.063407534703349477,https://taxfoundation.org/data/all/state/state-income-tax-rates-2026/,https://taxfoundation.org/data/all/state/sales-tax-rates/
42083,2026,0.030700000000000002,0.063407534703349477,https://taxfoundation.org/data/all/state/state-income-tax-rates-2026/,https://taxfoundation.org/data/all/state/sales-tax-rates/
42085,2026,0.030700000000000002,0.063407534703349477,https://taxfoundation.org/data/all/state/state-income-tax-rates-2026/,https://taxfoundation.org/data/all/state/sales-tax-rates/
42087,2026,0.030700000000000002,0.063407534703349477,https://taxfoundation.org/data/all/state/state-income-tax-rates-2026/,https://taxfoundation.org/data/all/state/sales-tax-rates/
42089,2026,0.030700000000000002,0.063407534703349477,https://taxfoundation.org/data/all/state/state-income-tax-rates-2026/,https://taxfoundation.org/data/all/state/sales-tax-rates/
42091,2026,0.030700000000000002,0.063407534703349477,https://taxfoundation.org/data/all/state/state-income-tax-rates-2026/,https://taxfoundation.org/data/all/state/sales-tax-rates/
42093,2026,0.030700000000000002,0.063407534703349477,https://taxfoundation.org/data/all/state/state-income-tax-rates-2026/,https://taxfoundation.org/data/all/state/sales-tax-rates/
42095,2026,0.030700000000000002,0.063407534703349477,https://taxfoundation.org/data/all/state/state-income-tax-rates-2026/,https://taxfoundation.org/data/all/state/sales-tax-rates/
42097,2026,0.030700000000000002,0.063407534703349477,https://taxfoundation.org/data/all/state/state-income-tax-rates-2026/,https://taxfoundation.org/data/all/state/sales-tax-rates/
42099,2026,0.030700000000000002,0.063407534703349477,https://taxfoundation.org/data/all/state/state-income-tax-rates-2026/,https://taxfoundation.org/data/all/state/sales-tax-rates/
42101,2026,0.030700000000000002,0.063407534703349477,https://taxfoundation.org/data/all/state/state-income-tax-rates-2026/,https://taxfoundation.org/data/all/state/sales-tax-rates/
42103,2026,0.030700000000000002,0.063407534703349477,https://taxfoundation.org/data/all/state/state-income-tax-rates-2026/,https://taxfoundation.org/data/all/state/sales-tax-rates/
42105,2026,0.030700000000000002,0.063407534703349477,https://taxfoundation.org/data/all/state/state-income-tax-rates-2026/,https://taxfoundation.org/data/all/state/sales-tax-rates/
42107,2026,0.030700000000000002,0.063407534703349477,https://taxfoundation.org/data/all/state/state-income-tax-rates-2026/,https://taxfoundation.org/data/all/state/sales-tax-rates/
42109,2026,0.030700000000000002,0.063407534703349477,https://taxfoundation.org/data/all/state/state-income-tax-rates-2026/,https://taxfoundation.org/data/all/state/sales-tax-rates/
42111,2026,0.030700000000000002,0.063407534703349477,https://taxfoundation.org/data/all/state/state-income-tax-rates-2026/,https://taxfoundation.org/data/all/state/sales-tax-rates/
42113,2026,0.030700000000000002,0.063407534703349477,https://taxfoundation.org/data/all/state/state-income-tax-rates-2026/,https://taxfoundation.org/data/all/state/sales-tax-rates/
42115,2026,0.030700000000000002,0.063407534703349477,https://taxfoundation.org/data/all/state/state-income-tax-rates-2026/,https://taxfoundation.org/data/all/state/sales-tax-rates/
42117,2026,0.030700000000000002,0.063407534703349477,https://taxfoundation.org/data/all/state/state-income-tax-rates-2026/,https://taxfoundation.org/data/all/state/sales-tax-rates/
42119,2026,0.030700000000000002,0.063407534703349477,https://taxfoundation.org/data/all/state/state-income-tax-rates-2026/,https://taxfoundation.org/data/all/state/sales-tax-rates/
42121,2026,0.030700000000000002,0.063407534703349477,https://taxfoundation.org/data/all/state/state-income-tax-rates-2026/,https://taxfoundation.org/data/all/state/sales-tax-rates/
42123,2026,0.030700000000000002,0.063407534703349477,https://taxfoundation.org/data/all/state/state-income-tax-rates-2026/,https://taxfoundation.org/data/all/state/sales-tax-rates/
42125,2026,0.030700000000000002,0.063407534703349477,https://taxfoundation.org/data/all/state/state-income-tax-rates-2026/,https://taxfoundation.org/data/all/state/sales-tax-rates/
42127,2026,0.030700000000000002,0.063407534703349477,https://taxfoundation.org/data/all/state/state-income-tax-rates-2026/,https://taxfoundation.org/data/all/state/sales-tax-rates/
42129,2026,0.030700000000000002,0.063407534703349477,https://taxfoundation.org/data/all/state/state-income-tax-rates-2026/,https://taxfoundation.org/data/all/state/sales-tax-rates/
42131,2026,0.030700000000000002,0.063407534703349477,https://taxfoundation.org/data/all/state/state-income-tax-rates-2026/,https://taxfoundation.org/data/all/state/sales-tax-rates/
42133,2026,0.030700000000000002,0.063407534703349477,https://taxfoundation.org/data/all/state/state-income-tax-rates-2026/,https://taxfoundation.org/data/all/state/sales-tax-rates/
44001,2026,0.0314812499999999991945,0.070000000000000007,https://taxfoundation.org/data/all/state/state-income-tax-rates-2026/,https://taxfoundation.org/data/all/state/sales-tax-rates/
44003,2026,0.0314812499999999991945,0.070000000000000007,https://taxfoundation.org/data/all/state/state-income-tax-rates-2026/,https://taxfoundation.org/data/all/state/sales-tax-rates/
44005,2026,0.0314812499999999991945,0.070000000000000007,https://taxfoundation.org/data/all/state/state-income-tax-rates-2026/,https://taxfoundation.org/data/all/state/sales-tax-rates/
44007,2026,0.0314812499999999991945,0.070000000000000007,https://taxfoundation.org/data/all/state/state-income-tax-rates-2026/,https://taxfoundation.org/data/all/state/sales-tax-rates/
44009,2026,0.0314812499999999991945,0.070000000000000007,https://taxfoundation.org/data/all/state/state-income-tax-rates-2026/,https://taxfoundation.org/data/all/state/sales-tax-rates/
45001,2026,0.048429,0.074862707557124042,https://taxfoundation.org/data/all/state/state-income-tax-rates-2026/,https://taxfoundation.org/data/all/state/sales-tax-rates/
45003,2026,0.048429,0.074862707557124042,https://taxfoundation.org/data/all/state/state-income-tax-rates-2026/,https://taxfoundation.org/data/all/state/sales-tax-rates/
45005,2026,0.048429,0.074862707557124042,https://taxfoundation.org/data/all/state/state-income-tax-rates-2026/,https://taxfoundation.org/data/all/state/sales-tax-rates/
45007,2026,0.048429,0.074862707557124042,https://taxfoundation.org/data/all/state/state-income-tax-rates-2026/,https://taxfoundation.org/data/all/state/sales-tax-rates/
45009,2026,0.048429,0.074862707557124042,https://taxfoundation.org/data/all/state/state-income-tax-rates-2026/,https://taxfoundation.org/data/all/state/sales-tax-rates/
45011,2026,0.048429,0.074862707557124042,https://taxfoundation.org/data/all/state/state-income-tax-rates-2026/,https://taxfoundation.org/data/all/state/sales-tax-rates/
45013,2026,0.048429,0.074862707557124042,https://taxfoundation.org/data/all/state/state-income-tax-rates-2026/,https://taxfoundation.org/data/all/state/sales-tax-rates/
45015,2026,0.048429,0.074862707557124042,https://taxfoundation.org/data/all/state/state-income-tax-rates-2026/,https://taxfoundation.org/data/all/state/sales-tax-rates/
45017,2026,0.048429,0.074862707557124042,https://taxfoundation.org/data/all/state/state-income-tax-rates-2026/,https://taxfoundation.org/data/all/state/sales-tax-rates/
45019,2026,0.048429,0.074862707557124042,https://taxfoundation.org/data/all/state/state-income-tax-rates-2026/,https://taxfoundation.org/data/all/state/sales-tax-rates/
45021,2026,0.048429,0.074862707557124042,https://taxfoundation.org/data/all/state/state-income-tax-rates-2026/,https://taxfoundation.org/data/all/state/sales-tax-rates/
45023,2026,0.048429,0.074862707557124042,https://taxfoundation.org/data/all/state/state-income-tax-rates-2026/,https://taxfoundation.org/data/all/state/sales-tax-rates/
45025,2026,0.048429,0.074862707557124042,https://taxfoundation.org/data/all/state/state-income-tax-rates-2026/,https://taxfoundation.org/data/all/state/sales-tax-rates/
45027,2026,0.048429,0.074862707557124042,https://taxfoundation.org/data/all/state/state-income-tax-rates-2026/,https://taxfoundation.org/data/all/state/sales-tax-rates/
45029,2026,0.048429,0.074862707557124042,https://taxfoundation.org/data/all/state/state-income-tax-rates-2026/,https://taxfoundation.org/data/all/state/sales-tax-rates/
45031,2026,0.048429,0.074862707557124042,https://taxfoundation.org/data/all/state/state-income-tax-rates-2026/,https://taxfoundation.org/data/all/state/sales-tax-rates/
45033,2026,0.048429,0.074862707557124042,https://taxfoundation.org/data/all/state/state-income-tax-rates-2026/,https://taxfoundation.org/data/all/state/sales-tax-rates/
45035,2026,0.048429,0.074862707557124042,https://taxfoundation.org/data/all/state/state-income-tax-rates-2026/,https://taxfoundation.org/data/all/state/sales-tax-rates/
45037,2026,0.048429,0.074862707557124042,https://taxfoundation.org/data/all/state/state-income-tax-rates-2026/,https://taxfoundation.org/data/all/state/sales-tax-rates/
45039,2026,0.048429,0.074862707557124042,https://taxfoundation.org/data/all/state/state-income-tax-rates-2026/,https://taxfoundation.org/data/all/state/sales-tax-rates/
45041,2026,0.048429,0.074862707557124042,https://taxfoundation.org/data/all/state/state-income-tax-rates-2026/,https://taxfoundation.org/data/all/state/sales-tax-rates/
45043,2026,0.048429,0.074862707557124042,https://taxfoundation.org/data/all/state/state-income-tax-rates-2026/,https://taxfoundation.org/data/all/state/sales-tax-rates/
45045,2026,0.048429,0.074862707557124042,https://taxfoundation.org/data/all/state/state-income-tax-rates-2026/,https://taxfoundation.org/data/all/state/sales-tax-rates/
45047,2026,0.048429,0.074862707557124042,https://taxfoundation.org/data/all/state/state-income-tax-rates-2026/,https://taxfoundation.org/data/all/state/sales-tax-rates/
45049,2026,0.048429,0.074862707557124042,https://taxfoundation.org/data/all/state/state-income-tax-rates-2026/,https://taxfoundation.org/data/all/state/sales-tax-rates/
45051,2026,0.048429,0.074862707557124042,https://taxfoundation.org/data/all/state/state-income-tax-rates-2026/,https://taxfoundation.org/data/all/state/sales-tax-rates/
45053,2026,0.048429,0.074862707557124042,https://taxfoundation.org/data/all/state/state-income-tax-rates-2026/,https://taxfoundation.org/data/all/state/sales-tax-rates/
45055,2026,0.048429,0.074862707557124042,https://taxfoundation.org/data/all/state/state-income-tax-rates-2026/,https://taxfoundation.org/data/all/state/sales-tax-rates/
45057,2026,0.048429,0.074862707557124042,https://taxfoundation.org/data/all/state/state-income-tax-rates-2026/,https://taxfoundation.org/data/all/state/sales-tax-rates/
45059,2026,0.048429,0.074862707557124042,https://taxfoundation.org/data/all/state/state-income-tax-rates-2026/,https://taxfoundation.org/data/all/state/sales-tax-rates/
45061,2026,0.048429,0.074862707557124042,https://taxfoundation.org/data/all/state/state-income-tax-rates-2026/,https://taxfoundation.org/data/all/state/sales-tax-rates/
45063,2026,0.048429,0.074862707557124042,https://taxfoundation.org/data/all/state/state-income-tax-rates-2026/,https://taxfoundation.org/data/all/state/sales-tax-rates/
45065,2026,0.048429,0.074862707557124042,https://taxfoundation.org/data/all/state/state-income-tax-rates-2026/,https://taxfoundation.org/data/all/state/sales-tax-rates/
45067,2026,0.048429,0.074862707557124042,https://taxfoundation.org/data/all/state/state-income-tax-rates-2026/,https://taxfoundation.org/data/all/state/sales-tax-rates/
45069,2026,0.048429,0.074862707557124042,https://taxfoundation.org/data/all/state/state-income-tax-rates-2026/,https://taxfoundation.org/data/all/state/sales-tax-rates/
45071,2026,0.048429,0.074862707557124042,https://taxfoundation.org/data/all/state/state-income-tax-rates-2026/,https://taxfoundation.org/data/all/state/sales-tax-rates/
45073,2026,0.048429,0.074862707557124042,https://taxfoundation.org/data/all/state/state-income-tax-rates-2026/,https://taxfoundation.org/data/all/state/sales-tax-rates/
45075,2026,0.048429,0.074862707557124042,https://taxfoundation.org/data/all/state/state-income-tax-rates-2026/,https://taxfoundation.org/data/all/state/sales-tax-rates/
45077,2026,0.048429,0.074862707557124042,https://taxfoundation.org/data/all/state/state-income-tax-rates-2026/,https://taxfoundation.org/data/all/state/sales-tax-rates/
45079,2026,0.048429,0.074862707557124042,https://taxfoundation.org/data/all/state/state-income-tax-rates-2026/,https://taxfoundation.org/data/all/state/sales-tax-rates/
45081,2026,0.048429,0.074862707557124042,https://taxfoundation.org/data/all/state/state-income-tax-rates-2026/,https://taxfoundation.org/data/all/state/sales-tax-rates/
45083,2026,0.048429,0.074862707557124042,https://taxfoundation.org/data/all/state/state-income-tax-rates-2026/,https://taxfoundation.org/data/all/state/sales-tax-rates/
45085,2026,0.048429,0.074862707557124042,https://taxfoundation.org/data/all/state/state-income-tax-rates-2026/,https://taxfoundation.org/data/all/state/sales-tax-rates/
45087,2026,0.048429,0.074862707557124042,https://taxfoundation.org/data/all/state/state-income-tax-rates-2026/,https://taxfoundation.org/data/all/state/sales-tax-rates/
45089,2026,0.048429,0.074862707557124042,https://taxfoundation.org/data/all/state/state-income-tax-rates-2026/,https://taxfoundation.org/data/all/state/sales-tax-rates/
45091,2026,0.048429,0.074862707557124042,https://taxfoundation.org/data/all/state/state-income-tax-rates-2026/,https://taxfoundation.org/data/all/state/sales-tax-rates/
46003,2026,0,0.06113796394497726,https://taxfoundation.org/data/all/state/state-income-tax-rates-2026/,https://taxfoundation.org/data/all/state/sales-tax-rates/
46005,2026,0,0.06113796394497726,https://taxfoundation.org/data/all/state/state-income-tax-rates-2026/,https://taxfoundation.org/data/all/state/sales-tax-rates/
46007,2026,0,0.06113796394497726,https://taxfoundation.org/data/all/state/state-income-tax-rates-2026/,https://taxfoundation.org/data/all/state/sales-tax-rates/
46009,2026,0,0.06113796394497726,https://taxfoundation.org/data/all/state/state-income-tax-rates-2026/,https://taxfoundation.org/data/all/state/sales-tax-rates/
46011,2026,0,0.06113796394497726,https://taxfoundation.org/data/all/state/state-income-tax-rates-2026/,https://taxfoundation.org/data/all/state/sales-tax-rates/
46013,2026,0,0.06113796394497726,https://taxfoundation.org/data/all/state/state-income-tax-rates-2026/,https://taxfoundation.org/data/all/state/sales-tax-rates/
46015,2026,0,0.06113796394497726,https://taxfoundation.org/data/all/state/state-income-tax-rates-2026/,https://taxfoundation.org/data/all/state/sales-tax-rates/
46017,2026,0,0.06113796394497726,https://taxfoundation.org/data/all/state/state-income-tax-rates-2026/,https://taxfoundation.org/data/all/state/sales-tax-rates/
46019,2026,0,0.06113796394497726,https://taxfoundation.org/data/all/state/state-income-tax-rates-2026/,https://taxfoundation.org/data/all/state/sales-tax-rates/
46021,2026,0,0.06113796394497726,https://taxfoundation.org/data/all/state/state-income-tax-rates-2026/,https://taxfoundation.org/data/all/state/sales-tax-rates/
46023,2026,0,0.06113796394497726,https://taxfoundation.org/data/all/state/state-income-tax-rates-2026/,https://taxfoundation.org/data/all/state/sales-tax-rates/
46025,2026,0,0.06113796394497726,https://taxfoundation.org/data/all/state/state-income-tax-rates-2026/,https://taxfoundation.org/data/all/state/sales-tax-rates/
46027,2026,0,0.06113796394497726,https://taxfoundation.org/data/all/state/state-income-tax-rates-2026/,https://taxfoundation.org/data/all/state/sales-tax-rates/
46029,2026,0,0.06113796394497726,https://taxfoundation.org/data/all/state/state-income-tax-rates-2026/,https://taxfoundation.org/data/all/state/sales-tax-rates/
46031,2026,0,0.06113796394497726,https://taxfoundation.org/data/all/state/state-income-tax-rates-2026/,https://taxfoundation.org/data/all/state/sales-tax-rates/
46033,2026,0,0.06113796394497726,https://taxfoundation.org/data/all/state/state-income-tax-rates-2026/,https://taxfoundation.org/data/all/state/sales-tax-rates/
46035,2026,0,0.06113796394497726,https://taxfoundation.org/data/all/state/state-income-tax-rates-2026/,https://taxfoundation.org/data/all/state/sales-tax-rates/
46037,2026,0,0.06113796394497726,https://taxfoundation.org/data/all/state/state-income-tax-rates-2026/,https://taxfoundation.org/data/all/state/sales-tax-rates/
46039,2026,0,0.06113796394497726,https://taxfoundation.org/data/all/state/state-income-tax-rates-2026/,https://taxfoundation.org/data/all/state/sales-tax-rates/
46041,2026,0,0.06113796394497726,https://taxfoundation.org/data/all/state/state-income-tax-rates-2026/,https://taxfoundation.org/data/all/state/sales-tax-rates/
46043,2026,0,0.06113796394497726,https://taxfoundation.org/data/all/state/state-income-tax-rates-2026/,https://taxfoundation.org/data/all/state/sales-tax-rates/
46045,2026,0,0.06113796394497726,https://taxfoundation.org/data/all/state/state-income-tax-rates-2026/,https://taxfoundation.org/data/all/state/sales-tax-rates/
46047,2026,0,0.06113796394497726,https://taxfoundation.org/data/all/state/state-income-tax-rates-2026/,https://taxfoundation.org/data/all/state/sales-tax-rates/
46049,2026,0,0.06113796394497726,https://taxfoundation.org/data/all/state/state-income-tax-rates-2026/,https://taxfoundation.org/data/all/state/sales-tax-rates/
46051,2026,0,0.06113796394497726,https://taxfoundation.org/data/all/state/state-income-tax-rates-2026/,https://taxfoundation.org/data/all/state/sales-tax-rates/
46053,2026,0,0.06113796394497726,https://taxfoundation.org/data/all/state/state-income-tax-rates-2026/,https://taxfoundation.org/data/all/state/sales-tax-rates/
46055,2026,0,0.06113796394497726,https://taxfoundation.org/data/all/state/state-income-tax-rates-2026/,https://taxfoundation.org/data/all/state/sales-tax-rates/
46057,2026,0,0.06113796394497726,https://taxfoundation.org/data/all/state/state-income-tax-rates-2026/,https://taxfoundation.org/data/all/state/sales-tax-rates/
46059,2026,0,0.06113796394497726,https://taxfoundation.org/data/all/state/state-income-tax-rates-2026/,https://taxfoundation.org/data/all/state/sales-tax-rates/
46061,2026,0,0.06113796394497726,https://taxfoundation.org/data/all/state/state-income-tax-rates-2026/,https://taxfoundation.org/data/all/state/sales-tax-rates/
46063,2026,0,0.06113796394497726,https://taxfoundation.org/data/all/state/state-income-tax-rates-2026/,https://taxfoundation.org/data/all/state/sales-tax-rates/
46065,2026,0,0.06113796394497726,https://taxfoundation.org/data/all/state/state-income-tax-rates-2026/,https://taxfoundation.org/data/all/state/sales-tax-rates/
46067,2026,0,0.06113796394497726,https://taxfoundation.org/data/all/state/state-income-tax-rates-2026/,https://taxfoundation.org/data/all/state/sales-tax-rates/
46069,2026,0,0.06113796394497726,https://taxfoundation.org/data/all/state/state-income-tax-rates-2026/,https://taxfoundation.org/data/all/state/sales-tax-rates/
46071,2026,0,0.06113796394497726,https://taxfoundation.org/data/all/state/state-income-tax-rates-2026/,https://taxfoundation.org/data/all/state/sales-tax-rates/
46073,2026,0,0.06113796394497726,https://taxfoundation.org/data/all/state/state-income-tax-rates-2026/,https://taxfoundation.org/data/all/state/sales-tax-rates/
46075,2026,0,0.06113796394497726,https://taxfoundation.org/data/all/state/state-income-tax-rates-2026/,https://taxfoundation.org/data/all/state/sales-tax-rates/
46077,2026,0,0.06113796394497726,https://taxfoundation.org/data/all/state/state-income-tax-rates-2026/,https://taxfoundation.org/data/all/state/sales-tax-rates/
46079,2026,0,0.06113796394497726,https://taxfoundation.org/data/all/state/state-income-tax-rates-2026/,https://taxfoundation.org/data/all/state/sales-tax-rates/
46081,2026,0,0.06113796394497726,https://taxfoundation.org/data/all/state/state-income-tax-rates-2026/,https://taxfoundation.org/data/all/state/sales-tax-rates/
46083,2026,0,0.06113796394497726,https://taxfoundation.org/data/all/state/state-income-tax-rates-2026/,https://taxfoundation.org/data/all/state/sales-tax-rates/
46085,2026,0,0.06113796394497726,https://taxfoundation.org/data/all/state/state-income-tax-rates-2026/,https://taxfoundation.org/data/all/state/sales-tax-rates/
46087,2026,0,0.06113796394497726,https://taxfoundation.org/data/all/state/state-income-tax-rates-2026/,https://taxfoundation.org/data/all/state/sales-tax-rates/
46089,2026,0,0.06113796394497726,https://taxfoundation.org/data/all/state/state-income-tax-rates-2026/,https://taxfoundation.org/data/all/state/sales-tax-rates/
46091,2026,0,0.06113796394497726,https://taxfoundation.org/data/all/state/state-income-tax-rates-2026/,https://taxfoundation.org/data/all/state/sales-tax-rates/
46093,2026,0,0.06113796394497726,https://taxfoundation.org/data/all/state/state-income-tax-rates-2026/,https://taxfoundation.org/data/all/state/sales-tax-rates/
46095,2026,0,0.06113796394497726,https://taxfoundation.org/data/all/state/state-income-tax-rates-2026/,https://taxfoundation.org/data/all/state/sales-tax-rates/
46097,2026,0,0.06113796394497726,https://taxfoundation.org/data/all/state/state-income-tax-rates-2026/,https://taxfoundation.org/data/all/state/sales-tax-rates/
46099,2026,0,0.06113796394497726,https://taxfoundation.org/data/all/state/state-income-tax-rates-2026/,https://taxfoundation.org/data/all/state/sales-tax-rates/
46101,2026,0,0.06113796394497726,https://taxfoundation.org/data/all/state/state-income-tax-rates-2026/,https://taxfoundation.org/data/all/state/sales-tax-rates/
46102,2026,0,0.06113796394497726,https://taxfoundation.org/data/all/state/state-income-tax-rates-2026/,https://taxfoundation.org/data/all/state/sales-tax-rates/
46103,2026,0,0.06113796394497726,https://taxfoundation.org/data/all/state/state-income-tax-rates-2026/,https://taxfoundation.org/data/all/state/sales-tax-rates/
46105,2026,0,0.06113796394497726,https://taxfoundation.org/data/all/state/state-income-tax-rates-2026/,https://taxfoundation.org/data/all/state/sales-tax-rates/
46107,2026,0,0.06113796394497726,https://taxfoundation.org/data/all/state/state-income-tax-rates-2026/,https://taxfoundation.org/data/all/state/sales-tax-rates/
46109,2026,0,0.06113796394497726,https://taxfoundation.org/data/all/state/state-income-tax-rates-2026/,https://taxfoundation.org/data/all/state/sales-tax-rates/
46111,2026,0,0.06113796394497726,https://taxfoundation.org/data/all/state/state-income-tax-rates-2026/,https://taxfoundation.org/data/all/state/sales-tax-rates/
46115,2026,0,0.06113796394497726,https://taxfoundation.org/data/all/state/state-income-tax-rates-2026/,https://taxfoundation.org/data/all/state/sales-tax-rates/
46117,2026,0,0.06113796394497726,https://taxfoundation.org/data/all/state/state-income-tax-rates-2026/,https://taxfoundation.org/data/all/state/sales-tax-rates/
46119,2026,0,0.06113796394497726,https://taxfoundation.org/data/all/state/state-income-tax-rates-2026/,https://taxfoundation.org/data/all/state/sales-tax-rates/
46121,2026,0,0.06113796394497726,https://taxfoundation.org/data/all/state/state-income-tax-rates-2026/,https://taxfoundation.org/data/all/state/sales-tax-rates/
46123,2026,0,0.06113796394497726,https://taxfoundation.org/data/all/state/state-income-tax-rates-2026/,https://taxfoundation.org/data/all/state/sales-tax-rates/
46125,2026,0,0.06113796394497726,https://taxfoundation.org/data/all/state/state-income-tax-rates-2026/,https://taxfoundation.org/data/all/state/sales-tax-rates/
46127,2026,0,0.06113796394497726,https://taxfoundation.org/data/all/state/state-income-tax-rates-2026/,https://taxfoundation.org/data/all/state/sales-tax-rates/
46129,2026,0,0.06113796394497726,https://taxfoundation.org/data/all/state/state-income-tax-rates-2026/,https://taxfoundation.org/data/all/state/sales-tax-rates/
46135,2026,0,0.06113796394497726,https://taxfoundation.org/data/all/state/state-income-tax-rates-2026/,https://taxfoundation.org/data/all/state/sales-tax-rates/
46137,2026,0,0.06113796394497726,https://taxfoundation.org/data/all/state/state-income-tax-rates-2026/,https://taxfoundation.org/data/all/state/sales-tax-rates/
47001,2026,0,0.096097171193949227,https://taxfoundation.org/data/all/state/state-income-tax-rates-2026/,https://taxfoundation.org/data/all/state/sales-tax-rates/
47003,2026,0,0.096097171193949227,https://taxfoundation.org/data/all/state/state-income-tax-rates-2026/,https://taxfoundation.org/data/all/state/sales-tax-rates/
47005,2026,0,0.096097171193949227,https://taxfoundation.org/data/all/state/state-income-tax-rates-2026/,https://taxfoundation.org/data/all/state/sales-tax-rates/
47007,2026,0,0.096097171193949227,https://taxfoundation.org/data/all/state/state-income-tax-rates-2026/,https://taxfoundation.org/data/all/state/sales-tax-rates/
47009,2026,0,0.096097171193949227,https://taxfoundation.org/data/all/state/state-income-tax-rates-2026/,https://taxfoundation.org/data/all/state/sales-tax-rates/
47011,2026,0,0.096097171193949227,https://taxfoundation.org/data/all/state/state-income-tax-rates-2026/,https://taxfoundation.org/data/all/state/sales-tax-rates/
47013,2026,0,0.096097171193949227,https://taxfoundation.org/data/all/state/state-income-tax-rates-2026/,https://taxfoundation.org/data/all/state/sales-tax-rates/
47015,2026,0,0.096097171193949227,https://taxfoundation.org/data/all/state/state-income-tax-rates-2026/,https://taxfoundation.org/data/all/state/sales-tax-rates/
47017,2026,0,0.096097171193949227,https://taxfoundation.org/data/all/state/state-income-tax-rates-2026/,https://taxfoundation.org/data/all/state/sales-tax-rates/
47019,2026,0,0.096097171193949227,https://taxfoundation.org/data/all/state/state-income-tax-rates-2026/,https://taxfoundation.org/data/all/state/sales-tax-rates/
47021,2026,0,0.096097171193949227,https://taxfoundation.org/data/all/state/state-income-tax-rates-2026/,https://taxfoundation.org/data/all/state/sales-tax-rates/
47023,2026,0,0.096097171193949227,https://taxfoundation.org/data/all/state/state-income-tax-rates-2026/,https://taxfoundation.org/data/all/state/sales-tax-rates/
47025,2026,0,0.096097171193949227,https://taxfoundation.org/data/all/state/state-income-tax-rates-2026/,https://taxfoundation.org/data/all/state/sales-tax-rates/
47027,2026,0,0.096097171193949227,https://taxfoundation.org/data/all/state/state-income-tax-rates-2026/,https://taxfoundation.org/data/all/state/sales-tax-rates/
47029,2026,0,0.096097171193949227,https://taxfoundation.org/data/all/state/state-income-tax-rates-2026/,https://taxfoundation.org/data/all/state/sales-tax-rates/
47031,2026,0,0.096097171193949227,https://taxfoundation.org/data/all/state/state-income-tax-rates-2026/,https://taxfoundation.org/data/all/state/sales-tax-rates/
47033,2026,0,0.096097171193949227,https://taxfoundation.org/data/all/state/state-income-tax-rates-2026/,https://taxfoundation.org/data/all/state/sales-tax-rates/
47035,2026,0,0.096097171193949227,https://taxfoundation.org/data/all/state/state-income-tax-rates-2026/,https://taxfoundation.org/data/all/state/sales-tax-rates/
47037,2026,0,0.096097171193949227,https://taxfoundation.org/data/all/state/state-income-tax-rates-2026/,https://taxfoundation.org/data/all/state/sales-tax-rates/
47039,2026,0,0.096097171193949227,https://taxfoundation.org/data/all/state/state-income-tax-rates-2026/,https://taxfoundation.org/data/all/state/sales-tax-rates/
47041,2026,0,0.096097171193949227,https://taxfoundation.org/data/all/state/state-income-tax-rates-2026/,https://taxfoundation.org/data/all/state/sales-tax-rates/
47043,2026,0,0.096097171193949227,https://taxfoundation.org/data/all/state/state-income-tax-rates-2026/,https://taxfoundation.org/data/all/state/sales-tax-rates/
47045,2026,0,0.096097171193949227,https://taxfoundation.org/data/all/state/state-income-tax-rates-2026/,https://taxfoundation.org/data/all/state/sales-tax-rates/
47047,2026,0,0.096097171193949227,https://taxfoundation.org/data/all/state/state-income-tax-rates-2026/,https://taxfoundation.org/data/all/state/sales-tax-rates/
47049,2026,0,0.096097171193949227,https://taxfoundation.org/data/all/state/state-income-tax-rates-2026/,https://taxfoundation.org/data/all/state/sales-tax-rates/
47051,2026,0,0.096097171193949227,https://taxfoundation.org/data/all/state/state-income-tax-rates-2026/,https://taxfoundation.org/data/all/state/sales-tax-rates/
47053,2026,0,0.096097171193949227,https://taxfoundation.org/data/all/state/state-income-tax-rates-2026/,https://taxfoundation.org/data/all/state/sales-tax-rates/
47055,2026,0,0.096097171193949227,https://taxfoundation.org/data/all/state/state-income-tax-rates-2026/,https://taxfoundation.org/data/all/state/sales-tax-rates/
47057,2026,0,0.096097171193949227,https://taxfoundation.org/data/all/state/state-income-tax-rates-2026/,https://taxfoundation.org/data/all/state/sales-tax-rates/
47059,2026,0,0.096097171193949227,https://taxfoundation.org/data/all/state/state-income-tax-rates-2026/,https://taxfoundation.org/data/all/state/sales-tax-rates/
47061,2026,0,0.096097171193949227,https://taxfoundation.org/data/all/state/state-income-tax-rates-2026/,https://taxfoundation.org/data/all/state/sales-tax-rates/
47063,2026,0,0.096097171193949227,https://taxfoundation.org/data/all/state/state-income-tax-rates-2026/,https://taxfoundation.org/data/all/state/sales-tax-rates/
47065,2026,0,0.096097171193949227,https://taxfoundation.org/data/all/state/state-income-tax-rates-2026/,https://taxfoundation.org/data/all/state/sales-tax-rates/
47067,2026,0,0.096097171193949227,https://taxfoundation.org/data/all/state/state-income-tax-rates-2026/,https://taxfoundation.org/data/all/state/sales-tax-rates/
47069,2026,0,0.096097171193949227,https://taxfoundation.org/data/all/state/state-income-tax-rates-2026/,https://taxfoundation.org/data/all/state/sales-tax-rates/
47071,2026,0,0.096097171193949227,https://taxfoundation.org/data/all/state/state-income-tax-rates-2026/,https://taxfoundation.org/data/all/state/sales-tax-rates/
47073,2026,0,0.096097171193949227,https://taxfoundation.org/data/all/state/state-income-tax-rates-2026/,https://taxfoundation.org/data/all/state/sales-tax-rates/
47075,2026,0,0.096097171193949227,https://taxfoundation.org/data/all/state/state-income-tax-rates-2026/,https://taxfoundation.org/data/all/state/sales-tax-rates/
47077,2026,0,0.096097171193949227,https://taxfoundation.org/data/all/state/state-income-tax-rates-2026/,https://taxfoundation.org/data/all/state/sales-tax-rates/
47079,2026,0,0.096097171193949227,https://taxfoundation.org/data/all/state/state-income-tax-rates-2026/,https://taxfoundation.org/data/all/state/sales-tax-rates/
47081,2026,0,0.096097171193949227,https://taxfoundation.org/data/all/state/state-income-tax-rates-2026/,https://taxfoundation.org/data/all/state/sales-tax-rates/
47083,2026,0,0.096097171193949227,https://taxfoundation.org/data/all/state/state-income-tax-rates-2026/,https://taxfoundation.org/data/all/state/sales-tax-rates/
47085,2026,0,0.096097171193949227,https://taxfoundation.org/data/all/state/state-income-tax-rates-2026/,https://taxfoundation.org/data/all/state/sales-tax-rates/
47087,2026,0,0.096097171193949227,https://taxfoundation.org/data/all/state/state-income-tax-rates-2026/,https://taxfoundation.org/data/all/state/sales-tax-rates/
47089,2026,0,0.096097171193949227,https://taxfoundation.org/data/all/state/state-income-tax-rates-2026/,https://taxfoundation.org/data/all/state/sales-tax-rates/
47091,2026,0,0.096097171193949227,https://taxfoundation.org/data/all/state/state-income-tax-rates-2026/,https://taxfoundation.org/data/all/state/sales-tax-rates/
47093,2026,0,0.096097171193949227,https://taxfoundation.org/data/all/state/state-income-tax-rates-2026/,https://taxfoundation.org/data/all/state/sales-tax-rates/
47095,2026,0,0.096097171193949227,https://taxfoundation.org/data/all/state/state-income-tax-rates-2026/,https://taxfoundation.org/data/all/state/sales-tax-rates/
47097,2026,0,0.096097171193949227,https://taxfoundation.org/data/all/state/state-income-tax-rates-2026/,https://taxfoundation.org/data/all/state/sales-tax-rates/
47099,2026,0,0.096097171193949227,https://taxfoundation.org/data/all/state/state-income-tax-rates-2026/,https://taxfoundation.org/data/all/state/sales-tax-rates/
47101,2026,0,0.096097171193949227,https://taxfoundation.org/data/all/state/state-income-tax-rates-2026/,https://taxfoundation.org/data/all/state/sales-tax-rates/
47103,2026,0,0.096097171193949227,https://taxfoundation.org/data/all/state/state-income-tax-rates-2026/,https://taxfoundation.org/data/all/state/sales-tax-rates/
47105,2026,0,0.096097171193949227,https://taxfoundation.org/data/all/state/state-income-tax-rates-2026/,https://taxfoundation.org/data/all/state/sales-tax-rates/
47107,2026,0,0.096097171193949227,https://taxfoundation.org/data/all/state/state-income-tax-rates-2026/,https://taxfoundation.org/data/all/state/sales-tax-rates/
47109,2026,0,0.096097171193949227,https://taxfoundation.org/data/all/state/state-income-tax-rates-2026/,https://taxfoundation.org/data/all/state/sales-tax-rates/
47111,2026,0,0.096097171193949227,https://taxfoundation.org/data/all/state/state-income-tax-rates-2026/,https://taxfoundation.org/data/all/state/sales-tax-rates/
47113,2026,0,0.096097171193949227,https://taxfoundation.org/data/all/state/state-income-tax-rates-2026/,https://taxfoundation.org/data/all/state/sales-tax-rates/
47115,2026,0,0.096097171193949227,https://taxfoundation.org/data/all/state/state-income-tax-rates-2026/,https://taxfoundation.org/data/all/state/sales-tax-rates/
47117,2026,0,0.096097171193949227,https://taxfoundation.org/data/all/state/state-income-tax-rates-2026/,https://taxfoundation.org/data/all/state/sales-tax-rates/
47119,2026,0,0.096097171193949227,https://taxfoundation.org/data/all/state/state-income-tax-rates-2026/,https://taxfoundation.org/data/all/state/sales-tax-rates/
47121,2026,0,0.096097171193949227,https://taxfoundation.org/data/all/state/state-income-tax-rates-2026/,https://taxfoundation.org/data/all/state/sales-tax-rates/
47123,2026,0,0.096097171193949227,https://taxfoundation.org/data/all/state/state-income-tax-rates-2026/,https://taxfoundation.org/data/all/state/sales-tax-rates/
47125,2026,0,0.096097171193949227,https://taxfoundation.org/data/all/state/state-income-tax-rates-2026/,https://taxfoundation.org/data/all/state/sales-tax-rates/
47127,2026,0,0.096097171193949227,https://taxfoundation.org/data/all/state/state-income-tax-rates-2026/,https://taxfoundation.org/data/all/state/sales-tax-rates/
47129,2026,0,0.096097171193949227,https://taxfoundation.org/data/all/state/state-income-tax-rates-2026/,https://taxfoundation.org/data/all/state/sales-tax-rates/
47131,2026,0,0.096097171193949227,https://taxfoundation.org/data/all/state/state-income-tax-rates-2026/,https://taxfoundation.org/data/all/state/sales-tax-rates/
47133,2026,0,0.096097171193949227,https://taxfoundation.org/data/all/state/state-income-tax-rates-2026/,https://taxfoundation.org/data/all/state/sales-tax-rates/
47135,2026,0,0.096097171193949227,https://taxfoundation.org/data/all/state/state-income-tax-rates-2026/,https://taxfoundation.org/data/all/state/sales-tax-rates/
47137,2026,0,0.096097171193949227,https://taxfoundation.org/data/all/state/state-income-tax-rates-2026/,https://taxfoundation.org/data/all/state/sales-tax-rates/
47139,2026,0,0.096097171193949227,https://taxfoundation.org/data/all/state/state-income-tax-rates-2026/,https://taxfoundation.org/data/all/state/sales-tax-rates/
47141,2026,0,0.096097171193949227,https://taxfoundation.org/data/all/state/state-income-tax-rates-2026/,https://taxfoundation.org/data/all/state/sales-tax-rates/
47143,2026,0,0.096097171193949227,https://taxfoundation.org/data/all/state/state-income-tax-rates-2026/,https://taxfoundation.org/data/all/state/sales-tax-rates/
47145,2026,0,0.096097171193949227,https://taxfoundation.org/data/all/state/state-income-tax-rates-2026/,https://taxfoundation.org/data/all/state/sales-tax-rates/
47147,2026,0,0.096097171193949227,https://taxfoundation.org/data/all/state/state-income-tax-rates-2026/,https://taxfoundation.org/data/all/state/sales-tax-rates/
47149,2026,0,0.096097171193949227,https://taxfoundation.org/data/all/state/state-income-tax-rates-2026/,https://taxfoundation.org/data/all/state/sales-tax-rates/
47151,2026,0,0.096097171193949227,https://taxfoundation.org/data/all/state/state-income-tax-rates-2026/,https://taxfoundation.org/data/all/state/sales-tax-rates/
47153,2026,0,0.096097171193949227,https://taxfoundation.org/data/all/state/state-income-tax-rates-2026/,https://taxfoundation.org/data/all/state/sales-tax-rates/
47155,2026,0,0.096097171193949227,https://taxfoundation.org/data/all/state/state-income-tax-rates-2026/,https://taxfoundation.org/data/all/state/sales-tax-rates/
47157,2026,0,0.096097171193949227,https://taxfoundation.org/data/all/state/state-income-tax-rates-2026/,https://taxfoundation.org/data/all/state/sales-tax-rates/
47159,2026,0,0.096097171193949227,https://taxfoundation.org/data/all/state/state-income-tax-rates-2026/,https://taxfoundation.org/data/all/state/sales-tax-rates/
47161,2026,0,0.096097171193949227,https://taxfoundation.org/data/all/state/state-income-tax-rates-2026/,https://taxfoundation.org/data/all/state/sales-tax-rates/
47163,2026,0,0.096097171193949227,https://taxfoundation.org/data/all/state/state-income-tax-rates-2026/,https://taxfoundation.org/data/all/state/sales-tax-rates/
47165,2026,0,0.096097171193949227,https://taxfoundation.org/data/all/state/state-income-tax-rates-2026/,https://taxfoundation.org/data/all/state/sales-tax-rates/
47167,2026,0,0.096097171193949227,https://taxfoundation.org/data/all/state/state-income-tax-rates-2026/,https://taxfoundation.org/data/all/state/sales-tax-rates/
47169,2026,0,0.096097171193949227,https://taxfoundation.org/data/all/state/state-income-tax-rates-2026/,https://taxfoundation.org/data/all/state/sales-tax-rates/
47171,2026,0,0.096097171193949227,https://taxfoundation.org/data/all/state/state-income-tax-rates-2026/,https://taxfoundation.org/data/all/state/sales-tax-rates/
47173,2026,0,0.096097171193949227,https://taxfoundation.org/data/all/state/state-income-tax-rates-2026/,https://taxfoundation.org/data/all/state/sales-tax-rates/
47175,2026,0,0.096097171193949227,https://taxfoundation.org/data/all/state/state-income-tax-rates-2026/,https://taxfoundation.org/data/all/state/sales-tax-rates/
47177,2026,0,0.096097171193949227,https://taxfoundation.org/data/all/state/state-income-tax-rates-2026/,https://taxfoundation.org/data/all/state/sales-tax-rates/
47179,2026,0,0.096097171193949227,https://taxfoundation.org/data/all/state/state-income-tax-rates-2026/,https://taxfoundation.org/data/all/state/sales-tax-rates/
47181,2026,0,0.096097171193949227,https://taxfoundation.org/data/all/state/state-income-tax-rates-2026/,https://taxfoundation.org/data/all/state/sales-tax-rates/
47183,2026,0,0.096097171193949227,https://taxfoundation.org/data/all/state/state-income-tax-rates-2026/,https://taxfoundation.org/data/all/state/sales-tax-rates/
47185,2026,0,0.096097171193949227,https://taxfoundation.org/data/all/state/state-income-tax-rates-2026/,https://taxfoundation.org/data/all/state/sales-tax-rates/
47187,2026,0,0.096097171193949227,https://taxfoundation.org/data/all/state/state-income-tax-rates-2026/,https://taxfoundation.org/data/all/state/sales-tax-rates/
47189,2026,0,0.096097171193949227,https://taxfoundation.org/data/all/state/state-income-tax-rates-2026/,https://taxfoundation.org/data/all/state/sales-tax-rates/
48001,2026,0,0.082008411322777502,https://taxfoundation.org/data/all/state/state-income-tax-rates-2026/,https://taxfoundation.org/data/all/state/sales-tax-rates/
48003,2026,0,0.082008411322777502,https://taxfoundation.org/data/all/state/state-income-tax-rates-2026/,https://taxfoundation.org/data/all/state/sales-tax-rates/
48005,2026,0,0.082008411322777502,https://taxfoundation.org/data/all/state/state-income-tax-rates-2026/,https://taxfoundation.org/data/all/state/sales-tax-rates/
48007,2026,0,0.082008411322777502,https://taxfoundation.org/data/all/state/state-income-tax-rates-2026/,https://taxfoundation.org/data/all/state/sales-tax-rates/
48009,2026,0,0.082008411322777502,https://taxfoundation.org/data/all/state/state-income-tax-rates-2026/,https://taxfoundation.org/data/all/state/sales-tax-rates/
48011,2026,0,0.082008411322777502,https://taxfoundation.org/data/all/state/state-income-tax-rates-2026/,https://taxfoundation.org/data/all/state/sales-tax-rates/
48013,2026,0,0.082008411322777502,https://taxfoundation.org/data/all/state/state-income-tax-rates-2026/,https://taxfoundation.org/data/all/state/sales-tax-rates/
48015,2026,0,0.082008411322777502,https://taxfoundation.org/data/all/state/state-income-tax-rates-2026/,https://taxfoundation.org/data/all/state/sales-tax-rates/
48017,2026,0,0.082008411322777502,https://taxfoundation.org/data/all/state/state-income-tax-rates-2026/,https://taxfoundation.org/data/all/state/sales-tax-rates/
48019,2026,0,0.082008411322777502,https://taxfoundation.org/data/all/state/state-income-tax-rates-2026/,https://taxfoundation.org/data/all/state/sales-tax-rates/
48021,2026,0,0.082008411322777502,https://taxfoundation.org/data/all/state/state-income-tax-rates-2026/,https://taxfoundation.org/data/all/state/sales-tax-rates/
48023,2026,0,0.082008411322777502,https://taxfoundation.org/data/all/state/state-income-tax-rates-2026/,https://taxfoundation.org/data/all/state/sales-tax-rates/
48025,2026,0,0.082008411322777502,https://taxfoundation.org/data/all/state/state-income-tax-rates-2026/,https://taxfoundation.org/data/all/state/sales-tax-rates/
48027,2026,0,0.082008411322777502,https://taxfoundation.org/data/all/state/state-income-tax-rates-2026/,https://taxfoundation.org/data/all/state/sales-tax-rates/
48029,2026,0,0.082008411322777502,https://taxfoundation.org/data/all/state/state-income-tax-rates-2026/,https://taxfoundation.org/data/all/state/sales-tax-rates/
48031,2026,0,0.082008411322777502,https://taxfoundation.org/data/all/state/state-income-tax-rates-2026/,https://taxfoundation.org/data/all/state/sales-tax-rates/
48033,2026,0,0.082008411322777502,https://taxfoundation.org/data/all/state/state-income-tax-rates-2026/,https://taxfoundation.org/data/all/state/sales-tax-rates/
48035,2026,0,0.082008411322777502,https://taxfoundation.org/data/all/state/state-income-tax-rates-2026/,https://taxfoundation.org/data/all/state/sales-tax-rates/
48037,2026,0,0.082008411322777502,https://taxfoundation.org/data/all/state/state-income-tax-rates-2026/,https://taxfoundation.org/data/all/state/sales-tax-rates/
48039,2026,0,0.082008411322777502,https://taxfoundation.org/data/all/state/state-income-tax-rates-2026/,https://taxfoundation.org/data/all/state/sales-tax-rates/
48041,2026,0,0.082008411322777502,https://taxfoundation.org/data/all/state/state-income-tax-rates-2026/,https://taxfoundation.org/data/all/state/sales-tax-rates/
48043,2026,0,0.082008411322777502,https://taxfoundation.org/data/all/state/state-income-tax-rates-2026/,https://taxfoundation.org/data/all/state/sales-tax-rates/
48045,2026,0,0.082008411322777502,https://taxfoundation.org/data/all/state/state-income-tax-rates-2026/,https://taxfoundation.org/data/all/state/sales-tax-rates/
48047,2026,0,0.082008411322777502,https://taxfoundation.org/data/all/state/state-income-tax-rates-2026/,https://taxfoundation.org/data/all/state/sales-tax-rates/
48049,2026,0,0.082008411322777502,https://taxfoundation.org/data/all/state/state-income-tax-rates-2026/,https://taxfoundation.org/data/all/state/sales-tax-rates/
48051,2026,0,0.082008411322777502,https://taxfoundation.org/data/all/state/state-income-tax-rates-2026/,https://taxfoundation.org/data/all/state/sales-tax-rates/
48053,2026,0,0.082008411322777502,https://taxfoundation.org/data/all/state/state-income-tax-rates-2026/,https://taxfoundation.org/data/all/state/sales-tax-rates/
48055,2026,0,0.082008411322777502,https://taxfoundation.org/data/all/state/state-income-tax-rates-2026/,https://taxfoundation.org/data/all/state/sales-tax-rates/
48057,2026,0,0.082008411322777502,https://taxfoundation.org/data/all/state/state-income-tax-rates-2026/,https://taxfoundation.org/data/all/state/sales-tax-rates/
48059,2026,0,0.082008411322777502,https://taxfoundation.org/data/all/state/state-income-tax-rates-2026/,https://taxfoundation.org/data/all/state/sales-tax-rates/
48061,2026,0,0.082008411322777502,https://taxfoundation.org/data/all/state/state-income-tax-rates-2026/,https://taxfoundation.org/data/all/state/sales-tax-rates/
48063,2026,0,0.082008411322777502,https://taxfoundation.org/data/all/state/state-income-tax-rates-2026/,https://taxfoundation.org/data/all/state/sales-tax-rates/
48065,2026,0,0.082008411322777502,https://taxfoundation.org/data/all/state/state-income-tax-rates-2026/,https://taxfoundation.org/data/all/state/sales-tax-rates/
48067,2026,0,0.082008411322777502,https://taxfoundation.org/data/all/state/state-income-tax-rates-2026/,https://taxfoundation.org/data/all/state/sales-tax-rates/
48069,2026,0,0.082008411322777502,https://taxfoundation.org/data/all/state/state-income-tax-rates-2026/,https://taxfoundation.org/data/all/state/sales-tax-rates/
48071,2026,0,0.082008411322777502,https://taxfoundation.org/data/all/state/state-income-tax-rates-2026/,https://taxfoundation.org/data/all/state/sales-tax-rates/
48073,2026,0,0.082008411322777502,https://taxfoundation.org/data/all/state/state-income-tax-rates-2026/,https://taxfoundation.org/data/all/state/sales-tax-rates/
48075,2026,0,0.082008411322777502,https://taxfoundation.org/data/all/state/state-income-tax-rates-2026/,https://taxfoundation.org/data/all/state/sales-tax-rates/
48077,2026,0,0.082008411322777502,https://taxfoundation.org/data/all/state/state-income-tax-rates-2026/,https://taxfoundation.org/data/all/state/sales-tax-rates/
48079,2026,0,0.082008411322777502,https://taxfoundation.org/data/all/state/state-income-tax-rates-2026/,https://taxfoundation.org/data/all/state/sales-tax-rates/
48081,2026,0,0.082008411322777502,https://taxfoundation.org/data/all/state/state-income-tax-rates-2026/,https://taxfoundation.org/data/all/state/sales-tax-rates/
48083,2026,0,0.082008411322777502,https://taxfoundation.org/data/all/state/state-income-tax-rates-2026/,https://taxfoundation.org/data/all/state/sales-tax-rates/
48085,2026,0,0.082008411322777502,https://taxfoundation.org/data/all/state/state-income-tax-rates-2026/,https://taxfoundation.org/data/all/state/sales-tax-rates/
48087,2026,0,0.082008411322777502,https://taxfoundation.org/data/all/state/state-income-tax-rates-2026/,https://taxfoundation.org/data/all/state/sales-tax-rates/
48089,2026,0,0.082008411322777502,https://taxfoundation.org/data/all/state/state-income-tax-rates-2026/,https://taxfoundation.org/data/all/state/sales-tax-rates/
48091,2026,0,0.082008411322777502,https://taxfoundation.org/data/all/state/state-income-tax-rates-2026/,https://taxfoundation.org/data/all/state/sales-tax-rates/
48093,2026,0,0.082008411322777502,https://taxfoundation.org/data/all/state/state-income-tax-rates-2026/,https://taxfoundation.org/data/all/state/sales-tax-rates/
48095,2026,0,0.082008411322777502,https://taxfoundation.org/data/all/state/state-income-tax-rates-2026/,https://taxfoundation.org/data/all/state/sales-tax-rates/
48097,2026,0,0.082008411322777502,https://taxfoundation.org/data/all/state/state-income-tax-rates-2026/,https://taxfoundation.org/data/all/state/sales-tax-rates/
48099,2026,0,0.082008411322777502,https://taxfoundation.org/data/all/state/state-income-tax-rates-2026/,https://taxfoundation.org/data/all/state/sales-tax-rates/
48101,2026,0,0.082008411322777502,https://taxfoundation.org/data/all/state/state-income-tax-rates-2026/,https://taxfoundation.org/data/all/state/sales-tax-rates/
48103,2026,0,0.082008411322777502,https://taxfoundation.org/data/all/state/state-income-tax-rates-2026/,https://taxfoundation.org/data/all/state/sales-tax-rates/
48105,2026,0,0.082008411322777502,https://taxfoundation.org/data/all/state/state-income-tax-rates-2026/,https://taxfoundation.org/data/all/state/sales-tax-rates/
48107,2026,0,0.082008411322777502,https://taxfoundation.org/data/all/state/state-income-tax-rates-2026/,https://taxfoundation.org/data/all/state/sales-tax-rates/
48109,2026,0,0.082008411322777502,https://taxfoundation.org/data/all/state/state-income-tax-rates-2026/,https://taxfoundation.org/data/all/state/sales-tax-rates/
48111,2026,0,0.082008411322777502,https://taxfoundation.org/data/all/state/state-income-tax-rates-2026/,https://taxfoundation.org/data/all/state/sales-tax-rates/
48113,2026,0,0.082008411322777502,https://taxfoundation.org/data/all/state/state-income-tax-rates-2026/,https://taxfoundation.org/data/all/state/sales-tax-rates/
48115,2026,0,0.082008411322777502,https://taxfoundation.org/data/all/state/state-income-tax-rates-2026/,https://taxfoundation.org/data/all/state/sales-tax-rates/
48117,2026,0,0.082008411322777502,https://taxfoundation.org/data/all/state/state-income-tax-rates-2026/,https://taxfoundation.org/data/all/state/sales-tax-rates/
48119,2026,0,0.082008411322777502,https://taxfoundation.org/data/all/state/state-income-tax-rates-2026/,https://taxfoundation.org/data/all/state/sales-tax-rates/
48121,2026,0,0.082008411322777502,https://taxfoundation.org/data/all/state/state-income-tax-rates-2026/,https://taxfoundation.org/data/all/state/sales-tax-rates/
48123,2026,0,0.082008411322777502,https://taxfoundation.org/data/all/state/state-income-tax-rates-2026/,https://taxfoundation.org/data/all/state/sales-tax-rates/
48125,2026,0,0.082008411322777502,https://taxfoundation.org/data/all/state/state-income-tax-rates-2026/,https://taxfoundation.org/data/all/state/sales-tax-rates/
48127,2026,0,0.082008411322777502,https://taxfoundation.org/data/all/state/state-income-tax-rates-2026/,https://taxfoundation.org/data/all/state/sales-tax-rates/
48129,2026,0,0.082008411322777502,https://taxfoundation.org/data/all/state/state-income-tax-rates-2026/,https://taxfoundation.org/data/all/state/sales-tax-rates/
48131,2026,0,0.082008411322777502,https://taxfoundation.org/data/all/state/state-income-tax-rates-2026/,https://taxfoundation.org/data/all/state/sales-tax-rates/
48133,2026,0,0.082008411322777502,https://taxfoundation.org/data/all/state/state-income-tax-rates-2026/,https://taxfoundation.org/data/all/state/sales-tax-rates/
48135,2026,0,0.082008411322777502,https://taxfoundation.org/data/all/state/state-income-tax-rates-2026/,https://taxfoundation.org/data/all/state/sales-tax-rates/
48137,2026,0,0.082008411322777502,https://taxfoundation.org/data/all/state/state-income-tax-rates-2026/,https://taxfoundation.org/data/all/state/sales-tax-rates/
48139,2026,0,0.082008411322777502,https://taxfoundation.org/data/all/state/state-income-tax-rates-2026/,https://taxfoundation.org/data/all/state/sales-tax-rates/
48141,2026,0,0.082008411322777502,https://taxfoundation.org/data/all/state/state-income-tax-rates-2026/,https://taxfoundation.org/data/all/state/sales-tax-rates/
48143,2026,0,0.082008411322777502,https://taxfoundation.org/data/all/state/state-income-tax-rates-2026/,https://taxfoundation.org/data/all/state/sales-tax-rates/
48145,2026,0,0.082008411322777502,https://taxfoundation.org/data/all/state/state-income-tax-rates-2026/,https://taxfoundation.org/data/all/state/sales-tax-rates/
48147,2026,0,0.082008411322777502,https://taxfoundation.org/data/all/state/state-income-tax-rates-2026/,https://taxfoundation.org/data/all/state/sales-tax-rates/
48149,2026,0,0.082008411322777502,https://taxfoundation.org/data/all/state/state-income-tax-rates-2026/,https://taxfoundation.org/data/all/state/sales-tax-rates/
48151,2026,0,0.082008411322777502,https://taxfoundation.org/data/all/state/state-income-tax-rates-2026/,https://taxfoundation.org/data/all/state/sales-tax-rates/
48153,2026,0,0.082008411322777502,https://taxfoundation.org/data/all/state/state-income-tax-rates-2026/,https://taxfoundation.org/data/all/state/sales-tax-rates/
48155,2026,0,0.082008411322777502,https://taxfoundation.org/data/all/state/state-income-tax-rates-2026/,https://taxfoundation.org/data/all/state/sales-tax-rates/
48157,2026,0,0.082008411322777502,https://taxfoundation.org/data/all/state/state-income-tax-rates-2026/,https://taxfoundation.org/data/all/state/sales-tax-rates/
48159,2026,0,0.082008411322777502,https://taxfoundation.org/data/all/state/state-income-tax-rates-2026/,https://taxfoundation.org/data/all/state/sales-tax-rates/
48161,2026,0,0.082008411322777502,https://taxfoundation.org/data/all/state/state-income-tax-rates-2026/,https://taxfoundation.org/data/all/state/sales-tax-rates/
48163,2026,0,0.082008411322777502,https://taxfoundation.org/data/all/state/state-income-tax-rates-2026/,https://taxfoundation.org/data/all/state/sales-tax-rates/
48165,2026,0,0.082008411322777502,https://taxfoundation.org/data/all/state/state-income-tax-rates-2026/,https://taxfoundation.org/data/all/state/sales-tax-rates/
48167,2026,0,0.082008411322777502,https://taxfoundation.org/data/all/state/state-income-tax-rates-2026/,https://taxfoundation.org/data/all/state/sales-tax-rates/
48169,2026,0,0.082008411322777502,https://taxfoundation.org/data/all/state/state-income-tax-rates-2026/,https://taxfoundation.org/data/all/state/sales-tax-rates/
48171,2026,0,0.082008411322777502,https://taxfoundation.org/data/all/state/state-income-tax-rates-2026/,https://taxfoundation.org/data/all/state/sales-tax-rates/
48173,2026,0,0.082008411322777502,https://taxfoundation.org/data/all/state/state-income-tax-rates-2026/,https://taxfoundation.org/data/all/state/sales-tax-rates/
48175,2026,0,0.082008411322777502,https://taxfoundation.org/data/all/state/state-income-tax-rates-2026/,https://taxfoundation.org/data/all/state/sales-tax-rates/
48177,2026,0,0.082008411322777502,https://taxfoundation.org/data/all/state/state-income-tax-rates-2026/,https://taxfoundation.org/data/all/state/sales-tax-rates/
48179,2026,0,0.082008411322777502,https://taxfoundation.org/data/all/state/state-income-tax-rates-2026/,https://taxfoundation.org/data/all/state/sales-tax-rates/
48181,2026,0,0.082008411322777502,https://taxfoundation.org/data/all/state/state-income-tax-rates-2026/,https://taxfoundation.org/data/all/state/sales-tax-rates/
48183,2026,0,0.082008411322777502,https://taxfoundation.org/data/all/state/state-income-tax-rates-2026/,https://taxfoundation.org/data/all/state/sales-tax-rates/
48185,2026,0,0.082008411322777502,https://taxfoundation.org/data/all/state/state-income-tax-rates-2026/,https://taxfoundation.org/data/all/state/sales-tax-rates/
48187,2026,0,0.082008411322777502,https://taxfoundation.org/data/all/state/state-income-tax-rates-2026/,https://taxfoundation.org/data/all/state/sales-tax-rates/
48189,2026,0,0.082008411322777502,https://taxfoundation.org/data/all/state/state-income-tax-rates-2026/,https://taxfoundation.org/data/all/state/sales-tax-rates/
48191,2026,0,0.082008411322777502,https://taxfoundation.org/data/all/state/state-income-tax-rates-2026/,https://taxfoundation.org/data/all/state/sales-tax-rates/
48193,2026,0,0.082008411322777502,https://taxfoundation.org/data/all/state/state-income-tax-rates-2026/,https://taxfoundation.org/data/all/state/sales-tax-rates/
48195,2026,0,0.082008411322777502,https://taxfoundation.org/data/all/state/state-income-tax-rates-2026/,https://taxfoundation.org/data/all/state/sales-tax-rates/
48197,2026,0,0.082008411322777502,https://taxfoundation.org/data/all/state/state-income-tax-rates-2026/,https://taxfoundation.org/data/all/state/sales-tax-rates/
48199,2026,0,0.082008411322777502,https://taxfoundation.org/data/all/state/state-income-tax-rates-2026/,https://taxfoundation.org/data/all/state/sales-tax-rates/
48201,2026,0,0.082008411322777502,https://taxfoundation.org/data/all/state/state-income-tax-rates-2026/,https://taxfoundation.org/data/all/state/sales-tax-rates/
48203,2026,0,0.082008411322777502,https://taxfoundation.org/data/all/state/state-income-tax-rates-2026/,https://taxfoundation.org/data/all/state/sales-tax-rates/
48205,2026,0,0.082008411322777502,https://taxfoundation.org/data/all/state/state-income-tax-rates-2026/,https://taxfoundation.org/data/all/state/sales-tax-rates/
48207,2026,0,0.082008411322777502,https://taxfoundation.org/data/all/state/state-income-tax-rates-2026/,https://taxfoundation.org/data/all/state/sales-tax-rates/
48209,2026,0,0.082008411322777502,https://taxfoundation.org/data/all/state/state-income-tax-rates-2026/,https://taxfoundation.org/data/all/state/sales-tax-rates/
48211,2026,0,0.082008411322777502,https://taxfoundation.org/data/all/state/state-income-tax-rates-2026/,https://taxfoundation.org/data/all/state/sales-tax-rates/
48213,2026,0,0.082008411322777502,https://taxfoundation.org/data/all/state/state-income-tax-rates-2026/,https://taxfoundation.org/data/all/state/sales-tax-rates/
48215,2026,0,0.082008411322777502,https://taxfoundation.org/data/all/state/state-income-tax-rates-2026/,https://taxfoundation.org/data/all/state/sales-tax-rates/
48217,2026,0,0.082008411322777502,https://taxfoundation.org/data/all/state/state-income-tax-rates-2026/,https://taxfoundation.org/data/all/state/sales-tax-rates/
48219,2026,0,0.082008411322777502,https://taxfoundation.org/data/all/state/state-income-tax-rates-2026/,https://taxfoundation.org/data/all/state/sales-tax-rates/
48221,2026,0,0.082008411322777502,https://taxfoundation.org/data/all/state/state-income-tax-rates-2026/,https://taxfoundation.org/data/all/state/sales-tax-rates/
48223,2026,0,0.082008411322777502,https://taxfoundation.org/data/all/state/state-income-tax-rates-2026/,https://taxfoundation.org/data/all/state/sales-tax-rates/
48225,2026,0,0.082008411322777502,https://taxfoundation.org/data/all/state/state-income-tax-rates-2026/,https://taxfoundation.org/data/all/state/sales-tax-rates/
48227,2026,0,0.082008411322777502,https://taxfoundation.org/data/all/state/state-income-tax-rates-2026/,https://taxfoundation.org/data/all/state/sales-tax-rates/
48229,2026,0,0.082008411322777502,https://taxfoundation.org/data/all/state/state-income-tax-rates-2026/,https://taxfoundation.org/data/all/state/sales-tax-rates/
48231,2026,0,0.082008411322777502,https://taxfoundation.org/data/all/state/state-income-tax-rates-2026/,https://taxfoundation.org/data/all/state/sales-tax-rates/
48233,2026,0,0.082008411322777502,https://taxfoundation.org/data/all/state/state-income-tax-rates-2026/,https://taxfoundation.org/data/all/state/sales-tax-rates/
48235,2026,0,0.082008411322777502,https://taxfoundation.org/data/all/state/state-income-tax-rates-2026/,https://taxfoundation.org/data/all/state/sales-tax-rates/
48237,2026,0,0.082008411322777502,https://taxfoundation.org/data/all/state/state-income-tax-rates-2026/,https://taxfoundation.org/data/all/state/sales-tax-rates/
48239,2026,0,0.082008411322777502,https://taxfoundation.org/data/all/state/state-income-tax-rates-2026/,https://taxfoundation.org/data/all/state/sales-tax-rates/
48241,2026,0,0.082008411322777502,https://taxfoundation.org/data/all/state/state-income-tax-rates-2026/,https://taxfoundation.org/data/all/state/sales-tax-rates/
48243,2026,0,0.082008411322777502,https://taxfoundation.org/data/all/state/state-income-tax-rates-2026/,https://taxfoundation.org/data/all/state/sales-tax-rates/
48245,2026,0,0.082008411322777502,https://taxfoundation.org/data/all/state/state-income-tax-rates-2026/,https://taxfoundation.org/data/all/state/sales-tax-rates/
48247,2026,0,0.082008411322777502,https://taxfoundation.org/data/all/state/state-income-tax-rates-2026/,https://taxfoundation.org/data/all/state/sales-tax-rates/
48249,2026,0,0.082008411322777502,https://taxfoundation.org/data/all/state/state-income-tax-rates-2026/,https://taxfoundation.org/data/all/state/sales-tax-rates/
48251,2026,0,0.082008411322777502,https://taxfoundation.org/data/all/state/state-income-tax-rates-2026/,https://taxfoundation.org/data/all/state/sales-tax-rates/
48253,2026,0,0.082008411322777502,https://taxfoundation.org/data/all/state/state-income-tax-rates-2026/,https://taxfoundation.org/data/all/state/sales-tax-rates/
48255,2026,0,0.082008411322777502,https://taxfoundation.org/data/all/state/state-income-tax-rates-2026/,https://taxfoundation.org/data/all/state/sales-tax-rates/
48257,2026,0,0.082008411322777502,https://taxfoundation.org/data/all/state/state-income-tax-rates-2026/,https://taxfoundation.org/data/all/state/sales-tax-rates/
48259,2026,0,0.082008411322777502,https://taxfoundation.org/data/all/state/state-income-tax-rates-2026/,https://taxfoundation.org/data/all/state/sales-tax-rates/
48261,2026,0,0.082008411322777502,https://taxfoundation.org/data/all/state/state-income-tax-rates-2026/,https://taxfoundation.org/data/all/state/sales-tax-rates/
48263,2026,0,0.082008411322777502,https://taxfoundation.org/data/all/state/state-income-tax-rates-2026/,https://taxfoundation.org/data/all/state/sales-tax-rates/
48265,2026,0,0.082008411322777502,https://taxfoundation.org/data/all/state/state-income-tax-rates-2026/,https://taxfoundation.org/data/all/state/sales-tax-rates/
48267,2026,0,0.082008411322777502,https://taxfoundation.org/data/all/state/state-income-tax-rates-2026/,https://taxfoundation.org/data/all/state/sales-tax-rates/
48269,2026,0,0.082008411322777502,https://taxfoundation.org/data/all/state/state-income-tax-rates-2026/,https://taxfoundation.org/data/all/state/sales-tax-rates/
48271,2026,0,0.082008411322777502,https://taxfoundation.org/data/all/state/state-income-tax-rates-2026/,https://taxfoundation.org/data/all/state/sales-tax-rates/
48273,2026,0,0.082008411322777502,https://taxfoundation.org/data/all/state/state-income-tax-rates-2026/,https://taxfoundation.org/data/all/state/sales-tax-rates/
48275,2026,0,0.082008411322777502,https://taxfoundation.org/data/all/state/state-income-tax-rates-2026/,https://taxfoundation.org/data/all/state/sales-tax-rates/
48277,2026,0,0.082008411322777502,https://taxfoundation.org/data/all/state/state-income-tax-rates-2026/,https://taxfoundation.org/data/all/state/sales-tax-rates/
48279,2026,0,0.082008411322777502,https://taxfoundation.org/data/all/state/state-income-tax-rates-2026/,https://taxfoundation.org/data/all/state/sales-tax-rates/
48281,2026,0,0.082008411322777502,https://taxfoundation.org/data/all/state/state-income-tax-rates-2026/,https://taxfoundation.org/data/all/state/sales-tax-rates/
48283,2026,0,0.082008411322777502,https://taxfoundation.org/data/all/state/state-income-tax-rates-2026/,https://taxfoundation.org/data/all/state/sales-tax-rates/
48285,2026,0,0.082008411322777502,https://taxfoundation.org/data/all/state/state-income-tax-rates-2026/,https://taxfoundation.org/data/all/state/sales-tax-rates/
48287,2026,0,0.082008411322777502,https://taxfoundation.org/data/all/state/state-income-tax-rates-2026/,https://taxfoundation.org/data/all/state/sales-tax-rates/
48289,2026,0,0.082008411322777502,https://taxfoundation.org/data/all/state/state-income-tax-rates-2026/,https://taxfoundation.org/data/all/state/sales-tax-rates/
48291,2026,0,0.082008411322777502,https://taxfoundation.org/data/all/state/state-income-tax-rates-2026/,https://taxfoundation.org/data/all/state/sales-tax-rates/
48293,2026,0,0.082008411322777502,https://taxfoundation.org/data/all/state/state-income-tax-rates-2026/,https://taxfoundation.org/data/all/state/sales-tax-rates/
48295,2026,0,0.082008411322777502,https://taxfoundation.org/data/all/state/state-income-tax-rates-2026/,https://taxfoundation.org/data/all/state/sales-tax-rates/
48297,2026,0,0.082008411322777502,https://taxfoundation.org/data/all/state/state-income-tax-rates-2026/,https://taxfoundation.org/data/all/state/sales-tax-rates/
48299,2026,0,0.082008411322777502,https://taxfoundation.org/data/all/state/state-income-tax-rates-2026/,https://taxfoundation.org/data/all/state/sales-tax-rates/
48301,2026,0,0.082008411322777502,https://taxfoundation.org/data/all/state/state-income-tax-rates-2026/,https://taxfoundation.org/data/all/state/sales-tax-rates/
48303,2026,0,0.082008411322777502,https://taxfoundation.org/data/all/state/state-income-tax-rates-2026/,https://taxfoundation.org/data/all/state/sales-tax-rates/
48305,2026,0,0.082008411322777502,https://taxfoundation.org/data/all/state/state-income-tax-rates-2026/,https://taxfoundation.org/data/all/state/sales-tax-rates/
48307,2026,0,0.082008411322777502,https://taxfoundation.org/data/all/state/state-income-tax-rates-2026/,https://taxfoundation.org/data/all/state/sales-tax-rates/
48309,2026,0,0.082008411322777502,https://taxfoundation.org/data/all/state/state-income-tax-rates-2026/,https://taxfoundation.org/data/all/state/sales-tax-rates/
48311,2026,0,0.082008411322777502,https://taxfoundation.org/data/all/state/state-income-tax-rates-2026/,https://taxfoundation.org/data/all/state/sales-tax-rates/
48313,2026,0,0.082008411322777502,https://taxfoundation.org/data/all/state/state-income-tax-rates-2026/,https://taxfoundation.org/data/all/state/sales-tax-rates/
48315,2026,0,0.082008411322777502,https://taxfoundation.org/data/all/state/state-income-tax-rates-2026/,https://taxfoundation.org/data/all/state/sales-tax-rates/
48317,2026,0,0.082008411322777502,https://taxfoundation.org/data/all/state/state-income-tax-rates-2026/,https://taxfoundation.org/data/all/state/sales-tax-rates/
48319,2026,0,0.082008411322777502,https://taxfoundation.org/data/all/state/state-income-tax-rates-2026/,https://taxfoundation.org/data/all/state/sales-tax-rates/
48321,2026,0,0.082008411322777502,https://taxfoundation.org/data/all/state/state-income-tax-rates-2026/,https://taxfoundation.org/data/all/state/sales-tax-rates/
48323,2026,0,0.082008411322777502,https://taxfoundation.org/data/all/state/state-income-tax-rates-2026/,https://taxfoundation.org/data/all/state/sales-tax-rates/
48325,2026,0,0.082008411322777502,https://taxfoundation.org/data/all/state/state-income-tax-rates-2026/,https://taxfoundation.org/data/all/state/sales-tax-rates/
48327,2026,0,0.082008411322777502,https://taxfoundation.org/data/all/state/state-income-tax-rates-2026/,https://taxfoundation.org/data/all/state/sales-tax-rates/
48329,2026,0,0.082008411322777502,https://taxfoundation.org/data/all/state/state-income-tax-rates-2026/,https://taxfoundation.org/data/all/state/sales-tax-rates/
48331,2026,0,0.082008411322777502,https://taxfoundation.org/data/all/state/state-income-tax-rates-2026/,https://taxfoundation.org/data/all/state/sales-tax-rates/
48333,2026,0,0.082008411322777502,https://taxfoundation.org/data/all/state/state-income-tax-rates-2026/,https://taxfoundation.org/data/all/state/sales-tax-rates/
48335,2026,0,0.082008411322777502,https://taxfoundation.org/data/all/state/state-income-tax-rates-2026/,https://taxfoundation.org/data/all/state/sales-tax-rates/
48337,2026,0,0.082008411322777502,https://taxfoundation.org/data/all/state/state-income-tax-rates-2026/,https://taxfoundation.org/data/all/state/sales-tax-rates/
48339,2026,0,0.082008411322777502,https://taxfoundation.org/data/all/state/state-income-tax-rates-2026/,https://taxfoundation.org/data/all/state/sales-tax-rates/
48341,2026,0,0.082008411322777502,https://taxfoundation.org/data/all/state/state-income-tax-rates-2026/,https://taxfoundation.org/data/all/state/sales-tax-rates/
48343,2026,0,0.082008411322777502,https://taxfoundation.org/data/all/state/state-income-tax-rates-2026/,https://taxfoundation.org/data/all/state/sales-tax-rates/
48345,2026,0,0.082008411322777502,https://taxfoundation.org/data/all/state/state-income-tax-rates-2026/,https://taxfoundation.org/data/all/state/sales-tax-rates/
48347,2026,0,0.082008411322777502,https://taxfoundation.org/data/all/state/state-income-tax-rates-2026/,https://taxfoundation.org/data/all/state/sales-tax-rates/
48349,2026,0,0.082008411322777502,https://taxfoundation.org/data/all/state/state-income-tax-rates-2026/,https://taxfoundation.org/data/all/state/sales-tax-rates/
48351,2026,0,0.082008411322777502,https://taxfoundation.org/data/all/state/state-income-tax-rates-2026/,https://taxfoundation.org/data/all/state/sales-tax-rates/
48353,2026,0,0.082008411322777502,https://taxfoundation.org/data/all/state/state-income-tax-rates-2026/,https://taxfoundation.org/data/all/state/sales-tax-rates/
48355,2026,0,0.082008411322777502,https://taxfoundation.org/data/all/state/state-income-tax-rates-2026/,https://taxfoundation.org/data/all/state/sales-tax-rates/
48357,2026,0,0.082008411322777502,https://taxfoundation.org/data/all/state/state-income-tax-rates-2026/,https://taxfoundation.org/data/all/state/sales-tax-rates/
48359,2026,0,0.082008411322777502,https://taxfoundation.org/data/all/state/state-income-tax-rates-2026/,https://taxfoundation.org/data/all/state/sales-tax-rates/
48361,2026,0,0.082008411322777502,https://taxfoundation.org/data/all/state/state-income-tax-rates-2026/,https://taxfoundation.org/data/all/state/sales-tax-rates/
48363,2026,0,0.082008411322777502,https://taxfoundation.org/data/all/state/state-income-tax-rates-2026/,https://taxfoundation.org/data/all/state/sales-tax-rates/
48365,2026,0,0.082008411322777502,https://taxfoundation.org/data/all/state/state-income-tax-rates-2026/,https://taxfoundation.org/data/all/state/sales-tax-rates/
48367,2026,0,0.082008411322777502,https://taxfoundation.org/data/all/state/state-income-tax-rates-2026/,https://taxfoundation.org/data/all/state/sales-tax-rates/
48369,2026,0,0.082008411322777502,https://taxfoundation.org/data/all/state/state-income-tax-rates-2026/,https://taxfoundation.org/data/all/state/sales-tax-rates/
48371,2026,0,0.082008411322777502,https://taxfoundation.org/data/all/state/state-income-tax-rates-2026/,https://taxfoundation.org/data/all/state/sales-tax-rates/
48373,2026,0,0.082008411322777502,https://taxfoundation.org/data/all/state/state-income-tax-rates-2026/,https://taxfoundation.org/data/all/state/sales-tax-rates/
48375,2026,0,0.082008411322777502,https://taxfoundation.org/data/all/state/state-income-tax-rates-2026/,https://taxfoundation.org/data/all/state/sales-tax-rates/
48377,2026,0,0.082008411322777502,https://taxfoundation.org/data/all/state/state-income-tax-rates-2026/,https://taxfoundation.org/data/all/state/sales-tax-rates/
48379,2026,0,0.082008411322777502,https://taxfoundation.org/data/all/state/state-income-tax-rates-2026/,https://taxfoundation.org/data/all/state/sales-tax-rates/
48381,2026,0,0.082008411322777502,https://taxfoundation.org/data/all/state/state-income-tax-rates-2026/,https://taxfoundation.org/data/all/state/sales-tax-rates/
48383,2026,0,0.082008411322777502,https://taxfoundation.org/data/all/state/state-income-tax-rates-2026/,https://taxfoundation.org/data/all/state/sales-tax-rates/
48385,2026,0,0.082008411322777502,https://taxfoundation.org/data/all/state/state-income-tax-rates-2026/,https://taxfoundation.org/data/all/state/sales-tax-rates/
48387,2026,0,0.082008411322777502,https://taxfoundation.org/data/all/state/state-income-tax-rates-2026/,https://taxfoundation.org/data/all/state/sales-tax-rates/
48389,2026,0,0.082008411322777502,https://taxfoundation.org/data/all/state/state-income-tax-rates-2026/,https://taxfoundation.org/data/all/state/sales-tax-rates/
48391,2026,0,0.082008411322777502,https://taxfoundation.org/data/all/state/state-income-tax-rates-2026/,https://taxfoundation.org/data/all/state/sales-tax-rates/
48393,2026,0,0.082008411322777502,https://taxfoundation.org/data/all/state/state-income-tax-rates-2026/,https://taxfoundation.org/data/all/state/sales-tax-rates/
48395,2026,0,0.082008411322777502,https://taxfoundation.org/data/all/state/state-income-tax-rates-2026/,https://taxfoundation.org/data/all/state/sales-tax-rates/
48397,2026,0,0.082008411322777502,https://taxfoundation.org/data/all/state/state-income-tax-rates-2026/,https://taxfoundation.org/data/all/state/sales-tax-rates/
48399,2026,0,0.082008411322777502,https://taxfoundation.org/data/all/state/state-income-tax-rates-2026/,https://taxfoundation.org/data/all/state/sales-tax-rates/
48401,2026,0,0.082008411322777502,https://taxfoundation.org/data/all/state/state-income-tax-rates-2026/,https://taxfoundation.org/data/all/state/sales-tax-rates/
48403,2026,0,0.082008411322777502,https://taxfoundation.org/data/all/state/state-income-tax-rates-2026/,https://taxfoundation.org/data/all/state/sales-tax-rates/
48405,2026,0,0.082008411322777502,https://taxfoundation.org/data/all/state/state-income-tax-rates-2026/,https://taxfoundation.org/data/all/state/sales-tax-rates/
48407,2026,0,0.082008411322777502,https://taxfoundation.org/data/all/state/state-income-tax-rates-2026/,https://taxfoundation.org/data/all/state/sales-tax-rates/
48409,2026,0,0.082008411322777502,https://taxfoundation.org/data/all/state/state-income-tax-rates-2026/,https://taxfoundation.org/data/all/state/sales-tax-rates/
48411,2026,0,0.082008411322777502,https://taxfoundation.org/data/all/state/state-income-tax-rates-2026/,https://taxfoundation.org/data/all/state/sales-tax-rates/
48413,2026,0,0.082008411322777502,https://taxfoundation.org/data/all/state/state-income-tax-rates-2026/,https://taxfoundation.org/data/all/state/sales-tax-rates/
48415,2026,0,0.082008411322777502,https://taxfoundation.org/data/all/state/state-income-tax-rates-2026/,https://taxfoundation.org/data/all/state/sales-tax-rates/
48417,2026,0,0.082008411322777502,https://taxfoundation.org/data/all/state/state-income-tax-rates-2026/,https://taxfoundation.org/data/all/state/sales-tax-rates/
48419,2026,0,0.082008411322777502,https://taxfoundation.org/data/all/state/state-income-tax-rates-2026/,https://taxfoundation.org/data/all/state/sales-tax-rates/
48421,2026,0,0.082008411322777502,https://taxfoundation.org/data/all/state/state-income-tax-rates-2026/,https://taxfoundation.org/data/all/state/sales-tax-rates/
48423,2026,0,0.082008411322777502,https://taxfoundation.org/data/all/state/state-income-tax-rates-2026/,https://taxfoundation.org/data/all/state/sales-tax-rates/
48425,2026,0,0.082008411322777502,https://taxfoundation.org/data/all/state/state-income-tax-rates-2026/,https://taxfoundation.org/data/all/state/sales-tax-rates/
48427,2026,0,0.082008411322777502,https://taxfoundation.org/data/all/state/state-income-tax-rates-2026/,https://taxfoundation.org/data/all/state/sales-tax-rates/
48429,2026,0,0.082008411322777502,https://taxfoundation.org/data/all/state/state-income-tax-rates-2026/,https://taxfoundation.org/data/all/state/sales-tax-rates/
48431,2026,0,0.082008411322777502,https://taxfoundation.org/data/all/state/state-income-tax-rates-2026/,https://taxfoundation.org/data/all/state/sales-tax-rates/
48433,2026,0,0.082008411322777502,https://taxfoundation.org/data/all/state/state-income-tax-rates-2026/,https://taxfoundation.org/data/all/state/sales-tax-rates/
48435,2026,0,0.082008411322777502,https://taxfoundation.org/data/all/state/state-income-tax-rates-2026/,https://taxfoundation.org/data/all/state/sales-tax-rates/
48437,2026,0,0.082008411322777502,https://taxfoundation.org/data/all/state/state-income-tax-rates-2026/,https://taxfoundation.org/data/all/state/sales-tax-rates/
48439,2026,0,0.082008411322777502,https://taxfoundation.org/data/all/state/state-income-tax-rates-2026/,https://taxfoundation.org/data/all/state/sales-tax-rates/
48441,2026,0,0.082008411322777502,https://taxfoundation.org/data/all/state/state-income-tax-rates-2026/,https://taxfoundation.org/data/all/state/sales-tax-rates/
48443,2026,0,0.082008411322777502,https://taxfoundation.org/data/all/state/state-income-tax-rates-2026/,https://taxfoundation.org/data/all/state/sales-tax-rates/
48445,2026,0,0.082008411322777502,https://taxfoundation.org/data/all/state/state-income-tax-rates-2026/,https://taxfoundation.org/data/all/state/sales-tax-rates/
48447,2026,0,0.082008411322777502,https://taxfoundation.org/data/all/state/state-income-tax-rates-2026/,https://taxfoundation.org/data/all/state/sales-tax-rates/
48449,2026,0,0.082008411322777502,https://taxfoundation.org/data/all/state/state-income-tax-rates-2026/,https://taxfoundation.org/data/all/state/sales-tax-rates/
48451,2026,0,0.082008411322777502,https://taxfoundation.org/data/all/state/state-income-tax-rates-2026/,https://taxfoundation.org/data/all/state/sales-tax-rates/
48453,2026,0,0.082008411322777502,https://taxfoundation.org/data/all/state/state-income-tax-rates-2026/,https://taxfoundation.org/data/all/state/sales-tax-rates/
48455,2026,0,0.082008411322777502,https://taxfoundation.org/data/all/state/state-income-tax-rates-2026/,https://taxfoundation.org/data/all/state/sales-tax-rates/
48457,2026,0,0.082008411322777502,https://taxfoundation.org/data/all/state/state-income-tax-rates-2026/,https://taxfoundation.org/data/all/state/sales-tax-rates/
48459,2026,0,0.082008411322777502,https://taxfoundation.org/data/all/state/state-income-tax-rates-2026/,https://taxfoundation.org/data/all/state/sales-tax-rates/
48461,2026,0,0.082008411322777502,https://taxfoundation.org/data/all/state/state-income-tax-rates-2026/,https://taxfoundation.org/data/all/state/sales-tax-rates/
48463,2026,0,0.082008411322777502,https://taxfoundation.org/data/all/state/state-income-tax-rates-2026/,https://taxfoundation.org/data/all/state/sales-tax-rates/
48465,2026,0,0.082008411322777502,https://taxfoundation.org/data/all/state/state-income-tax-rates-2026/,https://taxfoundation.org/data/all/state/sales-tax-rates/
48467,2026,0,0.082008411322777502,https://taxfoundation.org/data/all/state/state-income-tax-rates-2026/,https://taxfoundation.org/data/all/state/sales-tax-rates/
48469,2026,0,0.082008411322777502,https://taxfoundation.org/data/all/state/state-income-tax-rates-2026/,https://taxfoundation.org/data/all/state/sales-tax-rates/
48471,2026,0,0.082008411322777502,https://taxfoundation.org/data/all/state/state-income-tax-rates-2026/,https://taxfoundation.org/data/all/state/sales-tax-rates/
48473,2026,0,0.082008411322777502,https://taxfoundation.org/data/all/state/state-income-tax-rates-2026/,https://taxfoundation.org/data/all/state/sales-tax-rates/
48475,2026,0,0.082008411322777502,https://taxfoundation.org/data/all/state/state-income-tax-rates-2026/,https://taxfoundation.org/data/all/state/sales-tax-rates/
48477,2026,0,0.082008411322777502,https://taxfoundation.org/data/all/state/state-income-tax-rates-2026/,https://taxfoundation.org/data/all/state/sales-tax-rates/
48479,2026,0,0.082008411322777502,https://taxfoundation.org/data/all/state/state-income-tax-rates-2026/,https://taxfoundation.org/data/all/state/sales-tax-rates/
48481,2026,0,0.082008411322777502,https://taxfoundation.org/data/all/state/state-income-tax-rates-2026/,https://taxfoundation.org/data/all/state/sales-tax-rates/
48483,2026,0,0.082008411322777502,https://taxfoundation.org/data/all/state/state-income-tax-rates-2026/,https://taxfoundation.org/data/all/state/sales-tax-rates/
48485,2026,0,0.082008411322777502,https://taxfoundation.org/data/all/state/state-income-tax-rates-2026/,https://taxfoundation.org/data/all/state/sales-tax-rates/
48487,2026,0,0.082008411322777502,https://taxfoundation.org/data/all/state/state-income-tax-rates-2026/,https://taxfoundation.org/data/all/state/sales-tax-rates/
48489,2026,0,0.082008411322777502,https://taxfoundation.org/data/all/state/state-income-tax-rates-2026/,https://taxfoundation.org/data/all/state/sales-tax-rates/
48491,2026,0,0.082008411322777502,https://taxfoundation.org/data/all/state/state-income-tax-rates-2026/,https://taxfoundation.org/data/all/state/sales-tax-rates/
48493,2026,0,0.082008411322777502,https://taxfoundation.org/data/all/state/state-income-tax-rates-2026/,https://taxfoundation.org/data/all/state/sales-tax-rates/
48495,2026,0,0.082008411322777502,https://taxfoundation.org/data/all/state/state-income-tax-rates-2026/,https://taxfoundation.org/data/all/state/sales-tax-rates/
48497,2026,0,0.082008411322777502,https://taxfoundation.org/data/all/state/state-income-tax-rates-2026/,https://taxfoundation.org/data/all/state/sales-tax-rates/
48499,2026,0,0.082008411322777502,https://taxfoundation.org/data/all/state/state-income-tax-rates-2026/,https://taxfoundation.org/data/all/state/sales-tax-rates/
48501,2026,0,0.082008411322777502,https://taxfoundation.org/data/all/state/state-income-tax-rates-2026/,https://taxfoundation.org/data/all/state/sales-tax-rates/
48503,2026,0,0.082008411322777502,https://taxfoundation.org/data/all/state/state-income-tax-rates-2026/,https://taxfoundation.org/data/all/state/sales-tax-rates/
48505,2026,0,0.082008411322777502,https://taxfoundation.org/data/all/state/state-income-tax-rates-2026/,https://taxfoundation.org/data/all/state/sales-tax-rates/
48507,2026,0,0.082008411322777502,https://taxfoundation.org/data/all/state/state-income-tax-rates-2026/,https://taxfoundation.org/data/all/state/sales-tax-rates/
49001,2026,0.035339999999999998,0.074168894590717641,https://taxfoundation.org/data/all/state/state-income-tax-rates-2026/,https://taxfoundation.org/data/all/state/sales-tax-rates/
49003,2026,0.035339999999999998,0.074168894590717641,https://taxfoundation.org/data/all/state/state-income-tax-rates-2026/,https://taxfoundation.org/data/all/state/sales-tax-rates/
49005,2026,0.035339999999999998,0.074168894590717641,https://taxfoundation.org/data/all/state/state-income-tax-rates-2026/,https://taxfoundation.org/data/all/state/sales-tax-rates/
49007,2026,0.035339999999999998,0.074168894590717641,https://taxfoundation.org/data/all/state/state-income-tax-rates-2026/,https://taxfoundation.org/data/all/state/sales-tax-rates/
49009,2026,0.035339999999999998,0.074168894590717641,https://taxfoundation.org/data/all/state/state-income-tax-rates-2026/,https://taxfoundation.org/data/all/state/sales-tax-rates/
49011,2026,0.035339999999999998,0.074168894590717641,https://taxfoundation.org/data/all/state/state-income-tax-rates-2026/,https://taxfoundation.org/data/all/state/sales-tax-rates/
49013,2026,0.035339999999999998,0.074168894590717641,https://taxfoundation.org/data/all/state/state-income-tax-rates-2026/,https://taxfoundation.org/data/all/state/sales-tax-rates/
49015,2026,0.035339999999999998,0.074168894590717641,https://taxfoundation.org/data/all/state/state-income-tax-rates-2026/,https://taxfoundation.org/data/all/state/sales-tax-rates/
49017,2026,0.035339999999999998,0.074168894590717641,https://taxfoundation.org/data/all/state/state-income-tax-rates-2026/,https://taxfoundation.org/data/all/state/sales-tax-rates/
49019,2026,0.035339999999999998,0.074168894590717641,https://taxfoundation.org/data/all/state/state-income-tax-rates-2026/,https://taxfoundation.org/data/all/state/sales-tax-rates/
49021,2026,0.035339999999999998,0.074168894590717641,https://taxfoundation.org/data/all/state/state-income-tax-rates-2026/,https://taxfoundation.org/data/all/state/sales-tax-rates/
49023,2026,0.035339999999999998,0.074168894590717641,https://taxfoundation.org/data/all/state/state-income-tax-rates-2026/,https://taxfoundation.org/data/all/state/sales-tax-rates/
49025,2026,0.035339999999999998,0.074168894590717641,https://taxfoundation.org/data/all/state/state-income-tax-rates-2026/,https://taxfoundation.org/data/all/state/sales-tax-rates/
49027,2026,0.035339999999999998,0.074168894590717641,https://taxfoundation.org/data/all/state/state-income-tax-rates-2026/,https://taxfoundation.org/data/all/state/sales-tax-rates/
49029,2026,0.035339999999999998,0.074168894590717641,https://taxfoundation.org/data/all/state/state-income-tax-rates-2026/,https://taxfoundation.org/data/all/state/sales-tax-rates/
49031,2026,0.035339999999999998,0.074168894590717641,https://taxfoundation.org/data/all/state/state-income-tax-rates-2026/,https://taxfoundation.org/data/all/state/sales-tax-rates/
49033,2026,0.035339999999999998,0.074168894590717641,https://taxfoundation.org/data/all/state/state-income-tax-rates-2026/,https://taxfoundation.org/data/all/state/sales-tax-rates/
49035,2026,0.035339999999999998,0.074168894590717641,https://taxfoundation.org/data/all/state/state-income-tax-rates-2026/,https://taxfoundation.org/data/all/state/sales-tax-rates/
49037,2026,0.035339999999999998,0.074168894590717641,https://taxfoundation.org/data/all/state/state-income-tax-rates-2026/,https://taxfoundation.org/data/all/state/sales-tax-rates/
49039,2026,0.035339999999999998,0.074168894590717641,https://taxfoundation.org/data/all/state/state-income-tax-rates-2026/,https://taxfoundation.org/data/all/state/sales-tax-rates/
49041,2026,0.035339999999999998,0.074168894590717641,https://taxfoundation.org/data/all/state/state-income-tax-rates-2026/,https://taxfoundation.org/data/all/state/sales-tax-rates/
49043,2026,0.035339999999999998,0.074168894590717641,https://taxfoundation.org/data/all/state/state-income-tax-rates-2026/,https://taxfoundation.org/data/all/state/sales-tax-rates/
49045,2026,0.035339999999999998,0.074168894590717641,https://taxfoundation.org/data/all/state/state-income-tax-rates-2026/,https://taxfoundation.org/data/all/state/sales-tax-rates/
49047,2026,0.035339999999999998,0.074168894590717641,https://taxfoundation.org/data/all/state/state-income-tax-rates-2026/,https://taxfoundation.org/data/all/state/sales-tax-rates/
49049,2026,0.035339999999999998,0.074168894590717641,https://taxfoundation.org/data/all/state/state-income-tax-rates-2026/,https://taxfoundation.org/data/all/state/sales-tax-rates/
49051,2026,0.035339999999999998,0.074168894590717641,https://taxfoundation.org/data/all/state/state-income-tax-rates-2026/,https://taxfoundation.org/data/all/state/sales-tax-rates/
49053,2026,0.035339999999999998,0.074168894590717641,https://taxfoundation.org/data/all/state/state-income-tax-rates-2026/,https://taxfoundation.org/data/all/state/sales-tax-rates/
49055,2026,0.035339999999999998,0.074168894590717641,https://taxfoundation.org/data/all/state/state-income-tax-rates-2026/,https://taxfoundation.org/data/all/state/sales-tax-rates/
49057,2026,0.035339999999999998,0.074168894590717641,https://taxfoundation.org/data/all/state/state-income-tax-rates-2026/,https://taxfoundation.org/data/all/state/sales-tax-rates/
50001,2026,0.0413980000000000021175,0.063897873719875875,https://taxfoundation.org/data/all/state/state-income-tax-rates-2026/,https://taxfoundation.org/data/all/state/sales-tax-rates/
50003,2026,0.0413980000000000021175,0.063897873719875875,https://taxfoundation.org/data/all/state/state-income-tax-rates-2026/,https://taxfoundation.org/data/all/state/sales-tax-rates/
50005,2026,0.0413980000000000021175,0.063897873719875875,https://taxfoundation.org/data/all/state/state-income-tax-rates-2026/,https://taxfoundation.org/data/all/state/sales-tax-rates/
50007,2026,0.0413980000000000021175,0.063897873719875875,https://taxfoundation.org/data/all/state/state-income-tax-rates-2026/,https://taxfoundation.org/data/all/state/sales-tax-rates/
50009,2026,0.0413980000000000021175,0.063897873719875875,https://taxfoundation.org/data/all/state/state-income-tax-rates-2026/,https://taxfoundation.org/data/all/state/sales-tax-rates/
50011,2026,0.0413980000000000021175,0.063897873719875875,https://taxfoundation.org/data/all/state/state-income-tax-rates-2026/,https://taxfoundation.org/data/all/state/sales-tax-rates/
50013,2026,0.0413980000000000021175,0.063897873719875875,https://taxfoundation.org/data/all/state/state-income-tax-rates-2026/,https://taxfoundation.org/data/all/state/sales-tax-rates/
50015,2026,0.0413980000000000021175,0.063897873719875875,https://taxfoundation.org/data/all/state/state-income-tax-rates-2026/,https://taxfoundation.org/data/all/state/sales-tax-rates/
50017,2026,0.0413980000000000021175,0.063897873719875875,https://taxfoundation.org/data/all/state/state-income-tax-rates-2026/,https://taxfoundation.org/data/all/state/sales-tax-rates/
50019,2026,0.0413980000000000021175,0.063897873719875875,https://taxfoundation.org/data/all/state/state-income-tax-rates-2026/,https://taxfoundation.org/data/all/state/sales-tax-rates/
50021,2026,0.0413980000000000021175,0.063897873719875875,https://taxfoundation.org/data/all/state/state-income-tax-rates-2026/,https://taxfoundation.org/data/all/state/sales-tax-rates/
50023,2026,0.0413980000000000021175,0.063897873719875875,https://taxfoundation.org/data/all/state/state-income-tax-rates-2026/,https://taxfoundation.org/data/all/state/sales-tax-rates/
50025,2026,0.0413980000000000021175,0.063897873719875875,https://taxfoundation.org/data/all/state/state-income-tax-rates-2026/,https://taxfoundation.org/data/all/state/sales-tax-rates/
50027,2026,0.0413980000000000021175,0.063897873719875875,https://taxfoundation.org/data/all/state/state-income-tax-rates-2026/,https://taxfoundation.org/data/all/state/sales-tax-rates/
51001,2026,0.0493590000000000014664,0.057714794402472569,https://taxfoundation.org/data/all/state/state-income-tax-rates-2026/,https://taxfoundation.org/data/all/state/sales-tax-rates/
51003,2026,0.0493590000000000014664,0.057714794402472569,https://taxfoundation.org/data/all/state/state-income-tax-rates-2026/,https://taxfoundation.org/data/all/state/sales-tax-rates/
51005,2026,0.0493590000000000014664,0.057714794402472569,https://taxfoundation.org/data/all/state/state-income-tax-rates-2026/,https://taxfoundation.org/data/all/state/sales-tax-rates/
51007,2026,0.0493590000000000014664,0.057714794402472569,https://taxfoundation.org/data/all/state/state-income-tax-rates-2026/,https://taxfoundation.org/data/all/state/sales-tax-rates/
51009,2026,0.0493590000000000014664,0.057714794402472569,https://taxfoundation.org/data/all/state/state-income-tax-rates-2026/,https://taxfoundation.org/data/all/state/sales-tax-rates/
51011,2026,0.0493590000000000014664,0.057714794402472569,https://taxfoundation.org/data/all/state/state-income-tax-rates-2026/,https://taxfoundation.org/data/all/state/sales-tax-rates/
51013,2026,0.0493590000000000014664,0.057714794402472569,https://taxfoundation.org/data/all/state/state-income-tax-rates-2026/,https://taxfoundation.org/data/all/state/sales-tax-rates/
51015,2026,0.0493590000000000014664,0.057714794402472569,https://taxfoundation.org/data/all/state/state-income-tax-rates-2026/,https://taxfoundation.org/data/all/state/sales-tax-rates/
51017,2026,0.0493590000000000014664,0.057714794402472569,https://taxfoundation.org/data/all/state/state-income-tax-rates-2026/,https://taxfoundation.org/data/all/state/sales-tax-rates/
51019,2026,0.0493590000000000014664,0.057714794402472569,https://taxfoundation.org/data/all/state/state-income-tax-rates-2026/,https://taxfoundation.org/data/all/state/sales-tax-rates/
51021,2026,0.0493590000000000014664,0.057714794402472569,https://taxfoundation.org/data/all/state/state-income-tax-rates-2026/,https://taxfoundation.org/data/all/state/sales-tax-rates/
51023,2026,0.0493590000000000014664,0.057714794402472569,https://taxfoundation.org/data/all/state/state-income-tax-rates-2026/,https://taxfoundation.org/data/all/state/sales-tax-rates/
51025,2026,0.0493590000000000014664,0.057714794402472569,https://taxfoundation.org/data/all/state/state-income-tax-rates-2026/,https://taxfoundation.org/data/all/state/sales-tax-rates/
51027,2026,0.0493590000000000014664,0.057714794402472569,https://taxfoundation.org/data/all/state/state-income-tax-rates-2026/,https://taxfoundation.org/data/all/state/sales-tax-rates/
51029,2026,0.0493590000000000014664,0.057714794402472569,https://taxfoundation.org/data/all/state/state-income-tax-rates-2026/,https://taxfoundation.org/data/all/state/sales-tax-rates/
51031,2026,0.0493590000000000014664,0.057714794402472569,https://taxfoundation.org/data/all/state/state-income-tax-rates-2026/,https://taxfoundation.org/data/all/state/sales-tax-rates/
51033,2026,0.0493590000000000014664,0.057714794402472569,https://taxfoundation.org/data/all/state/state-income-tax-rates-2026/,https://taxfoundation.org/data/all/state/sales-tax-rates/
51035,2026,0.0493590000000000014664,0.057714794402472569,https://taxfoundation.org/data/all/state/state-income-tax-rates-2026/,https://taxfoundation.org/data/all/state/sales-tax-rates/
51036,2026,0.0493590000000000014664,0.057714794402472569,https://taxfoundation.org/data/all/state/state-income-tax-rates-2026/,https://taxfoundation.org/data/all/state/sales-tax-rates/
51037,2026,0.0493590000000000014664,0.057714794402472569,https://taxfoundation.org/data/all/state/state-income-tax-rates-2026/,https://taxfoundation.org/data/all/state/sales-tax-rates/
51041,2026,0.0493590000000000014664,0.057714794402472569,https://taxfoundation.org/data/all/state/state-income-tax-rates-2026/,https://taxfoundation.org/data/all/state/sales-tax-rates/
51043,2026,0.0493590000000000014664,0.057714794402472569,https://taxfoundation.org/data/all/state/state-income-tax-rates-2026/,https://taxfoundation.org/data/all/state/sales-tax-rates/
51045,2026,0.0493590000000000014664,0.057714794402472569,https://taxfoundation.org/data/all/state/state-income-tax-rates-2026/,https://taxfoundation.org/data/all/state/sales-tax-rates/
51047,2026,0.0493590000000000014664,0.057714794402472569,https://taxfoundation.org/data/all/state/state-income-tax-rates-2026/,https://taxfoundation.org/data/all/state/sales-tax-rates/
51049,2026,0.0493590000000000014664,0.057714794402472569,https://taxfoundation.org/data/all/state/state-income-tax-rates-2026/,https://taxfoundation.org/data/all/state/sales-tax-rates/
51051,2026,0.0493590000000000014664,0.057714794402472569,https://taxfoundation.org/data/all/state/state-income-tax-rates-2026/,https://taxfoundation.org/data/all/state/sales-tax-rates/
51053,2026,0.0493590000000000014664,0.057714794402472569,https://taxfoundation.org/data/all/state/state-income-tax-rates-2026/,https://taxfoundation.org/data/all/state/sales-tax-rates/
51057,2026,0.0493590000000000014664,0.057714794402472569,https://taxfoundation.org/data/all/state/state-income-tax-rates-2026/,https://taxfoundation.org/data/all/state/sales-tax-rates/
51059,2026,0.0493590000000000014664,0.057714794402472569,https://taxfoundation.org/data/all/state/state-income-tax-rates-2026/,https://taxfoundation.org/data/all/state/sales-tax-rates/
51061,2026,0.0493590000000000014664,0.057714794402472569,https://taxfoundation.org/data/all/state/state-income-tax-rates-2026/,https://taxfoundation.org/data/all/state/sales-tax-rates/
51063,2026,0.0493590000000000014664,0.057714794402472569,https://taxfoundation.org/data/all/state/state-income-tax-rates-2026/,https://taxfoundation.org/data/all/state/sales-tax-rates/
51065,2026,0.0493590000000000014664,0.057714794402472569,https://taxfoundation.org/data/all/state/state-income-tax-rates-2026/,https://taxfoundation.org/data/all/state/sales-tax-rates/
51067,2026,0.0493590000000000014664,0.057714794402472569,https://taxfoundation.org/data/all/state/state-income-tax-rates-2026/,https://taxfoundation.org/data/all/state/sales-tax-rates/
51069,2026,0.0493590000000000014664,0.057714794402472569,https://taxfoundation.org/data/all/state/state-income-tax-rates-2026/,https://taxfoundation.org/data/all/state/sales-tax-rates/
51071,2026,0.0493590000000000014664,0.057714794402472569,https://taxfoundation.org/data/all/state/state-income-tax-rates-2026/,https://taxfoundation.org/data/all/state/sales-tax-rates/
51073,2026,0.0493590000000000014664,0.057714794402472569,https://taxfoundation.org/data/all/state/state-income-tax-rates-2026/,https://taxfoundation.org/data/all/state/sales-tax-rates/
51075,2026,0.0493590000000000014664,0.057714794402472569,https://taxfoundation.org/data/all/state/state-income-tax-rates-2026/,https://taxfoundation.org/data/all/state/sales-tax-rates/
51077,2026,0.0493590000000000014664,0.057714794402472569,https://taxfoundation.org/data/all/state/state-income-tax-rates-2026/,https://taxfoundation.org/data/all/state/sales-tax-rates/
51079,2026,0.0493590000000000014664,0.057714794402472569,https://taxfoundation.org/data/all/state/state-income-tax-rates-2026/,https://taxfoundation.org/data/all/state/sales-tax-rates/
51081,2026,0.0493590000000000014664,0.057714794402472569,https://taxfoundation.org/data/all/state/state-income-tax-rates-2026/,https://taxfoundation.org/data/all/state/sales-tax-rates/
51083,2026,0.0493590000000000014664,0.057714794402472569,https://taxfoundation.org/data/all/state/state-income-tax-rates-2026/,https://taxfoundation.org/data/all/state/sales-tax-rates/
51085,2026,0.0493590000000000014664,0.057714794402472569,https://taxfoundation.org/data/all/state/state-income-tax-rates-2026/,https://taxfoundation.org/data/all/state/sales-tax-rates/
51087,2026,0.0493590000000000014664,0.057714794402472569,https://taxfoundation.org/data/all/state/state-income-tax-rates-2026/,https://taxfoundation.org/data/all/state/sales-tax-rates/
51089,2026,0.0493590000000000014664,0.057714794402472569,https://taxfoundation.org/data/all/state/state-income-tax-rates-2026/,https://taxfoundation.org/data/all/state/sales-tax-rates/
51091,2026,0.0493590000000000014664,0.057714794402472569,https://taxfoundation.org/data/all/state/state-income-tax-rates-2026/,https://taxfoundation.org/data/all/state/sales-tax-rates/
51093,2026,0.0493590000000000014664,0.057714794402472569,https://taxfoundation.org/data/all/state/state-income-tax-rates-2026/,https://taxfoundation.org/data/all/state/sales-tax-rates/
51095,2026,0.0493590000000000014664,0.057714794402472569,https://taxfoundation.org/data/all/state/state-income-tax-rates-2026/,https://taxfoundation.org/data/all/state/sales-tax-rates/
51097,2026,0.0493590000000000014664,0.057714794402472569,https://taxfoundation.org/data/all/state/state-income-tax-rates-2026/,https://taxfoundation.org/data/all/state/sales-tax-rates/
51099,2026,0.0493590000000000014664,0.057714794402472569,https://taxfoundation.org/data/all/state/state-income-tax-rates-2026/,https://taxfoundation.org/data/all/state/sales-tax-rates/
51101,2026,0.0493590000000000014664,0.057714794402472569,https://taxfoundation.org/data/all/state/state-income-tax-rates-2026/,https://taxfoundation.org/data/all/state/sales-tax-rates/
51103,2026,0.0493590000000000014664,0.057714794402472569,https://taxfoundation.org/data/all/state/state-income-tax-rates-2026/,https://taxfoundation.org/data/all/state/sales-tax-rates/
51105,2026,0.0493590000000000014664,0.057714794402472569,https://taxfoundation.org/data/all/state/state-income-tax-rates-2026/,https://taxfoundation.org/data/all/state/sales-tax-rates/
51107,2026,0.0493590000000000014664,0.057714794402472569,https://taxfoundation.org/data/all/state/state-income-tax-rates-2026/,https://taxfoundation.org/data/all/state/sales-tax-rates/
51109,2026,0.0493590000000000014664,0.057714794402472569,https://taxfoundation.org/data/all/state/state-income-tax-rates-2026/,https://taxfoundation.org/data/all/state/sales-tax-rates/
51111,2026,0.0493590000000000014664,0.057714794402472569,https://taxfoundation.org/data/all/state/state-income-tax-rates-2026/,https://taxfoundation.org/data/all/state/sales-tax-rates/
51113,2026,0.0493590000000000014664,0.057714794402472569,https://taxfoundation.org/data/all/state/state-income-tax-rates-2026/,https://taxfoundation.org/data/all/state/sales-tax-rates/
51115,2026,0.0493590000000000014664,0.057714794402472569,https://taxfoundation.org/data/all/state/state-income-tax-rates-2026/,https://taxfoundation.org/data/all/state/sales-tax-rates/
51117,2026,0.0493590000000000014664,0.057714794402472569,https://taxfoundation.org/data/all/state/state-income-tax-rates-2026/,https://taxfoundation.org/data/all/state/sales-tax-rates/
51119,2026,0.0493590000000000014664,0.057714794402472569,https://taxfoundation.org/data/all/state/state-income-tax-rates-2026/,https://taxfoundation.org/data/all/state/sales-tax-rates/
51121,2026,0.0493590000000000014664,0.057714794402472569,https://taxfoundation.org/data/all/state/state-income-tax-rates-2026/,https://taxfoundation.org/data/all/state/sales-tax-rates/
51125,2026,0.0493590000000000014664,0.057714794402472569,https://taxfoundation.org/data/all/state/state-income-tax-rates-2026/,https://taxfoundation.org/data/all/state/sales-tax-rates/
51127,2026,0.0493590000000000014664,0.057714794402472569,https://taxfoundation.org/data/all/state/state-income-tax-rates-2026/,https://taxfoundation.org/data/all/state/sales-tax-rates/
51131,2026,0.0493590000000000014664,0.057714794402472569,https://taxfoundation.org/data/all/state/state-income-tax-rates-2026/,https://taxfoundation.org/data/all/state/sales-tax-rates/
51133,2026,0.0493590000000000014664,0.057714794402472569,https://taxfoundation.org/data/all/state/state-income-tax-rates-2026/,https://taxfoundation.org/data/all/state/sales-tax-rates/
51135,2026,0.0493590000000000014664,0.057714794402472569,https://taxfoundation.org/data/all/state/state-income-tax-rates-2026/,https://taxfoundation.org/data/all/state/sales-tax-rates/
51137,2026,0.0493590000000000014664,0.057714794402472569,https://taxfoundation.org/data/all/state/state-income-tax-rates-2026/,https://taxfoundation.org/data/all/state/sales-tax-rates/
51139,2026,0.0493590000000000014664,0.057714794402472569,https://taxfoundation.org/data/all/state/state-income-tax-rates-2026/,https://taxfoundation.org/data/all/state/sales-tax-rates/
51141,2026,0.0493590000000000014664,0.057714794402472569,https://taxfoundation.org/data/all/state/state-income-tax-rates-2026/,https://taxfoundation.org/data/all/state/sales-tax-rates/
51143,2026,0.0493590000000000014664,0.057714794402472569,https://taxfoundation.org/data/all/state/state-income-tax-rates-2026/,https://taxfoundation.org/data/all/state/sales-tax-rates/
51145,2026,0.0493590000000000014664,0.057714794402472569,https://taxfoundation.org/data/all/state/state-income-tax-rates-2026/,https://taxfoundation.org/data/all/state/sales-tax-rates/
51147,2026,0.0493590000000000014664,0.057714794402472569,https://taxfoundation.org/data/all/state/state-income-tax-rates-2026/,https://taxfoundation.org/data/all/state/sales-tax-rates/
51149,2026,0.0493590000000000014664,0.057714794402472569,https://taxfoundation.org/data/all/state/state-income-tax-rates-2026/,https://taxfoundation.org/data/all/state/sales-tax-rates/
51153,2026,0.0493590000000000014664,0.057714794402472569,https://taxfoundation.org/data/all/state/state-income-tax-rates-2026/,https://taxfoundation.org/data/all/state/sales-tax-rates/
51155,2026,0.0493590000000000014664,0.057714794402472569,https://taxfoundation.org/data/all/state/state-income-tax-rates-2026/,https://taxfoundation.org/data/all/state/sales-tax-rates/
51157,2026,0.0493590000000000014664,0.057714794402472569,https://taxfoundation.org/data/all/state/state-income-tax-rates-2026/,https://taxfoundation.org/data/all/state/sales-tax-rates/
51159,2026,0.0493590000000000014664,0.057714794402472569,https://taxfoundation.org/data/all/state/state-income-tax-rates-2026/,https://taxfoundation.org/data/all/state/sales-tax-rates/
51161,2026,0.0493590000000000014664,0.057714794402472569,https://taxfoundation.org/data/all/state/state-income-tax-rates-2026/,https://taxfoundation.org/data/all/state/sales-tax-rates/
51163,2026,0.0493590000000000014664,0.057714794402472569,https://taxfoundation.org/data/all/state/state-income-tax-rates-2026/,https://taxfoundation.org/data/all/state/sales-tax-rates/
51165,2026,0.0493590000000000014664,0.057714794402472569,https://taxfoundation.org/data/all/state/state-income-tax-rates-2026/,https://taxfoundation.org/data/all/state/sales-tax-rates/
51167,2026,0.0493590000000000014664,0.057714794402472569,https://taxfoundation.org/data/all/state/state-income-tax-rates-2026/,https://taxfoundation.org/data/all/state/sales-tax-rates/
51169,2026,0.0493590000000000014664,0.057714794402472569,https://taxfoundation.org/data/all/state/state-income-tax-rates-2026/,https://taxfoundation.org/data/all/state/sales-tax-rates/
51171,2026,0.0493590000000000014664,0.057714794402472569,https://taxfoundation.org/data/all/state/state-income-tax-rates-2026/,https://taxfoundation.org/data/all/state/sales-tax-rates/
51173,2026,0.0493590000000000014664,0.057714794402472569,https://taxfoundation.org/data/all/state/state-income-tax-rates-2026/,https://taxfoundation.org/data/all/state/sales-tax-rates/
51175,2026,0.0493590000000000014664,0.057714794402472569,https://taxfoundation.org/data/all/state/state-income-tax-rates-2026/,https://taxfoundation.org/data/all/state/sales-tax-rates/
51177,2026,0.0493590000000000014664,0.057714794402472569,https://taxfoundation.org/data/all/state/state-income-tax-rates-2026/,https://taxfoundation.org/data/all/state/sales-tax-rates/
51179,2026,0.0493590000000000014664,0.057714794402472569,https://taxfoundation.org/data/all/state/state-income-tax-rates-2026/,https://taxfoundation.org/data/all/state/sales-tax-rates/
51181,2026,0.0493590000000000014664,0.057714794402472569,https://taxfoundation.org/data/all/state/state-income-tax-rates-2026/,https://taxfoundation.org/data/all/state/sales-tax-rates/
51183,2026,0.0493590000000000014664,0.057714794402472569,https://taxfoundation.org/data/all/state/state-income-tax-rates-2026/,https://taxfoundation.org/data/all/state/sales-tax-rates/
51185,2026,0.0493590000000000014664,0.057714794402472569,https://taxfoundation.org/data/all/state/state-income-tax-rates-2026/,https://taxfoundation.org/data/all/state/sales-tax-rates/
51187,2026,0.0493590000000000014664,0.057714794402472569,https://taxfoundation.org/data/all/state/state-income-tax-rates-2026/,https://taxfoundation.org/data/all/state/sales-tax-rates/
51191,2026,0.0493590000000000014664,0.057714794402472569,https://taxfoundation.org/data/all/state/state-income-tax-rates-2026/,https://taxfoundation.org/data/all/state/sales-tax-rates/
51193,2026,0.0493590000000000014664,0.057714794402472569,https://taxfoundation.org/data/all/state/state-income-tax-rates-2026/,https://taxfoundation.org/data/all/state/sales-tax-rates/
51195,2026,0.0493590000000000014664,0.057714794402472569,https://taxfoundation.org/data/all/state/state-income-tax-rates-2026/,https://taxfoundation.org/data/all/state/sales-tax-rates/
51197,2026,0.0493590000000000014664,0.057714794402472569,https://taxfoundation.org/data/all/state/state-income-tax-rates-2026/,https://taxfoundation.org/data/all/state/sales-tax-rates/
51199,2026,0.0493590000000000014664,0.057714794402472569,https://taxfoundation.org/data/all/state/state-income-tax-rates-2026/,https://taxfoundation.org/data/all/state/sales-tax-rates/
51510,2026,0.0493590000000000014664,0.057714794402472569,https://taxfoundation.org/data/all/state/state-income-tax-rates-2026/,https://taxfoundation.org/data/all/state/sales-tax-rates/
51520,2026,0.0493590000000000014664,0.057714794402472569,https://taxfoundation.org/data/all/state/state-income-tax-rates-2026/,https://taxfoundation.org/data/all/state/sales-tax-rates/
51530,2026,0.0493590000000000014664,0.057714794402472569,https://taxfoundation.org/data/all/state/state-income-tax-rates-2026/,https://taxfoundation.org/data/all/state/sales-tax-rates/
51540,2026,0.0493590000000000014664,0.057714794402472569,https://taxfoundation.org/data/all/state/state-income-tax-rates-2026/,https://taxfoundation.org/data/all/state/sales-tax-rates/
51550,2026,0.0493590000000000014664,0.057714794402472569,https://taxfoundation.org/data/all/state/state-income-tax-rates-2026/,https://taxfoundation.org/data/all/state/sales-tax-rates/
51570,2026,0.0493590000000000014664,0.057714794402472569,https://taxfoundation.org/data/all/state/state-income-tax-rates-2026/,https://taxfoundation.org/data/all/state/sales-tax-rates/
51580,2026,0.0493590000000000014664,0.057714794402472569,https://taxfoundation.org/data/all/state/state-income-tax-rates-2026/,https://taxfoundation.org/data/all/state/sales-tax-rates/
51590,2026,0.0493590000000000014664,0.057714794402472569,https://taxfoundation.org/data/all/state/state-income-tax-rates-2026/,https://taxfoundation.org/data/all/state/sales-tax-rates/
51595,2026,0.0493590000000000014664,0.057714794402472569,https://taxfoundation.org/data/all/state/state-income-tax-rates-2026/,https://taxfoundation.org/data/all/state/sales-tax-rates/
51600,2026,0.0493590000000000014664,0.057714794402472569,https://taxfoundation.org/data/all/state/state-income-tax-rates-2026/,https://taxfoundation.org/data/all/state/sales-tax-rates/
51610,2026,0.0493590000000000014664,0.057714794402472569,https://taxfoundation.org/data/all/state/state-income-tax-rates-2026/,https://taxfoundation.org/data/all/state/sales-tax-rates/
51620,2026,0.0493590000000000014664,0.057714794402472569,https://taxfoundation.org/data/all/state/state-income-tax-rates-2026/,https://taxfoundation.org/data/all/state/sales-tax-rates/
51630,2026,0.0493590000000000014664,0.057714794402472569,https://taxfoundation.org/data/all/state/state-income-tax-rates-2026/,https://taxfoundation.org/data/all/state/sales-tax-rates/
51640,2026,0.0493590000000000014664,0.057714794402472569,https://taxfoundation.org/data/all/state/state-income-tax-rates-2026/,https://taxfoundation.org/data/all/state/sales-tax-rates/
51650,2026,0.0493590000000000014664,0.057714794402472569,https://taxfoundation.org/data/all/state/state-income-tax-rates-2026/,https://taxfoundation.org/data/all/state/sales-tax-rates/
51660,2026,0.0493590000000000014664,0.057714794402472569,https://taxfoundation.org/data/all/state/state-income-tax-rates-2026/,https://taxfoundation.org/data/all/state/sales-tax-rates/
51670,2026,0.0493590000000000014664,0.057714794402472569,https://taxfoundation.org/data/all/state/state-income-tax-rates-2026/,https://taxfoundation.org/data/all/state/sales-tax-rates/
51678,2026,0.0493590000000000014664,0.057714794402472569,https://taxfoundation.org/data/all/state/state-income-tax-rates-2026/,https://taxfoundation.org/data/all/state/sales-tax-rates/
51680,2026,0.0493590000000000014664,0.057714794402472569,https://taxfoundation.org/data/all/state/state-income-tax-rates-2026/,https://taxfoundation.org/data/all/state/sales-tax-rates/
51683,2026,0.0493590000000000014664,0.057714794402472569,https://taxfoundation.org/data/all/state/state-income-tax-rates-2026/,https://taxfoundation.org/data/all/state/sales-tax-rates/
51685,2026,0.0493590000000000014664,0.057714794402472569,https://taxfoundation.org/data/all/state/state-income-tax-rates-2026/,https://taxfoundation.org/data/all/state/sales-tax-rates/
51690,2026,0.0493590000000000014664,0.057714794402472569,https://taxfoundation.org/data/all/state/state-income-tax-rates-2026/,https://taxfoundation.org/data/all/state/sales-tax-rates/
51700,2026,0.0493590000000000014664,0.057714794402472569,https://taxfoundation.org/data/all/state/state-income-tax-rates-2026/,https://taxfoundation.org/data/all/state/sales-tax-rates/
51710,2026,0.0493590000000000014664,0.057714794402472569,https://taxfoundation.org/data/all/state/state-income-tax-rates-2026/,https://taxfoundation.org/data/all/state/sales-tax-rates/
51720,2026,0.0493590000000000014664,0.057714794402472569,https://taxfoundation.org/data/all/state/state-income-tax-rates-2026/,https://taxfoundation.org/data/all/state/sales-tax-rates/
51730,2026,0.0493590000000000014664,0.057714794402472569,https://taxfoundation.org/data/all/state/state-income-tax-rates-2026/,https://taxfoundation.org/data/all/state/sales-tax-rates/
51735,2026,0.0493590000000000014664,0.057714794402472569,https://taxfoundation.org/data/all/state/state-income-tax-rates-2026/,https://taxfoundation.org/data/all/state/sales-tax-rates/
51740,2026,0.0493590000000000014664,0.057714794402472569,https://taxfoundation.org/data/all/state/state-income-tax-rates-2026/,https://taxfoundation.org/data/all/state/sales-tax-rates/
51750,2026,0.0493590000000000014664,0.057714794402472569,https://taxfoundation.org/data/all/state/state-income-tax-rates-2026/,https://taxfoundation.org/data/all/state/sales-tax-rates/
51760,2026,0.0493590000000000014664,0.057714794402472569,https://taxfoundation.org/data/all/state/state-income-tax-rates-2026/,https://taxfoundation.org/data/all/state/sales-tax-rates/
51770,2026,0.0493590000000000014664,0.057714794402472569,https://taxfoundation.org/data/all/state/state-income-tax-rates-2026/,https://taxfoundation.org/data/all/state/sales-tax-rates/
51775,2026,0.0493590000000000014664,0.057714794402472569,https://taxfoundation.org/data/all/state/state-income-tax-rates-2026/,https://taxfoundation.org/data/all/state/sales-tax-rates/
51790,2026,0.0493590000000000014664,0.057714794402472569,https://taxfoundation.org/data/all/state/state-income-tax-rates-2026/,https://taxfoundation.org/data/all/state/sales-tax-rates/
51800,2026,0.0493590000000000014664,0.057714794402472569,https://taxfoundation.org/data/all/state/state-income-tax-rates-2026/,https://taxfoundation.org/data/all/state/sales-tax-rates/
51810,2026,0.0493590000000000014664,0.057714794402472569,https://taxfoundation.org/data/all/state/state-income-tax-rates-2026/,https://taxfoundation.org/data/all/state/sales-tax-rates/
51820,2026,0.0493590000000000014664,0.057714794402472569,https://taxfoundation.org/data/all/state/state-income-tax-rates-2026/,https://taxfoundation.org/data/all/state/sales-tax-rates/
51830,2026,0.0493590000000000014664,0.057714794402472569,https://taxfoundation.org/data/all/state/state-income-tax-rates-2026/,https://taxfoundation.org/data/all/state/sales-tax-rates/
51840,2026,0.0493590000000000014664,0.057714794402472569,https://taxfoundation.org/data/all/state/state-income-tax-rates-2026/,https://taxfoundation.org/data/all/state/sales-tax-rates/
53001,2026,0,0.095132843641391365,https://taxfoundation.org/data/all/state/state-income-tax-rates-2026/,https://taxfoundation.org/data/all/state/sales-tax-rates/
53003,2026,0,0.095132843641391365,https://taxfoundation.org/data/all/state/state-income-tax-rates-2026/,https://taxfoundation.org/data/all/state/sales-tax-rates/
53005,2026,0,0.095132843641391365,https://taxfoundation.org/data/all/state/state-income-tax-rates-2026/,https://taxfoundation.org/data/all/state/sales-tax-rates/
53007,2026,0,0.095132843641391365,https://taxfoundation.org/data/all/state/state-income-tax-rates-2026/,https://taxfoundation.org/data/all/state/sales-tax-rates/
53009,2026,0,0.095132843641391365,https://taxfoundation.org/data/all/state/state-income-tax-rates-2026/,https://taxfoundation.org/data/all/state/sales-tax-rates/
53011,2026,0,0.095132843641391365,https://taxfoundation.org/data/all/state/state-income-tax-rates-2026/,https://taxfoundation.org/data/all/state/sales-tax-rates/
53013,2026,0,0.095132843641391365,https://taxfoundation.org/data/all/state/state-income-tax-rates-2026/,https://taxfoundation.org/data/all/state/sales-tax-rates/
53015,2026,0,0.095132843641391365,https://taxfoundation.org/data/all/state/state-income-tax-rates-2026/,https://taxfoundation.org/data/all/state/sales-tax-rates/
53017,2026,0,0.095132843641391365,https://taxfoundation.org/data/all/state/state-income-tax-rates-2026/,https://taxfoundation.org/data/all/state/sales-tax-rates/
53019,2026,0,0.095132843641391365,https://taxfoundation.org/data/all/state/state-income-tax-rates-2026/,https://taxfoundation.org/data/all/state/sales-tax-rates/
53021,2026,0,0.095132843641391365,https://taxfoundation.org/data/all/state/state-income-tax-rates-2026/,https://taxfoundation.org/data/all/state/sales-tax-rates/
53023,2026,0,0.095132843641391365,https://taxfoundation.org/data/all/state/state-income-tax-rates-2026/,https://taxfoundation.org/data/all/state/sales-tax-rates/
53025,2026,0,0.095132843641391365,https://taxfoundation.org/data/all/state/state-income-tax-rates-2026/,https://taxfoundation.org/data/all/state/sales-tax-rates/
53027,2026,0,0.095132843641391365,https://taxfoundation.org/data/all/state/state-income-tax-rates-2026/,https://taxfoundation.org/data/all/state/sales-tax-rates/
53029,2026,0,0.095132843641391365,https://taxfoundation.org/data/all/state/state-income-tax-rates-2026/,https://taxfoundation.org/data/all/state/sales-tax-rates/
53031,2026,0,0.095132843641391365,https://taxfoundation.org/data/all/state/state-income-tax-rates-2026/,https://taxfoundation.org/data/all/state/sales-tax-rates/
53033,2026,0,0.095132843641391365,https://taxfoundation.org/data/all/state/state-income-tax-rates-2026/,https://taxfoundation.org/data/all/state/sales-tax-rates/
53035,2026,0,0.095132843641391365,https://taxfoundation.org/data/all/state/state-income-tax-rates-2026/,https://taxfoundation.org/data/all/state/sales-tax-rates/
53037,2026,0,0.095132843641391365,https://taxfoundation.org/data/all/state/state-income-tax-rates-2026/,https://taxfoundation.org/data/all/state/sales-tax-rates/
53039,2026,0,0.095132843641391365,https://taxfoundation.org/data/all/state/state-income-tax-rates-2026/,https://taxfoundation.org/data/all/state/sales-tax-rates/
53041,2026,0,0.095132843641391365,https://taxfoundation.org/data/all/state/state-income-tax-rates-2026/,https://taxfoundation.org/data/all/state/sales-tax-rates/
53043,2026,0,0.095132843641391365,https://taxfoundation.org/data/all/state/state-income-tax-rates-2026/,https://taxfoundation.org/data/all/state/sales-tax-rates/
53045,2026,0,0.095132843641391365,https://taxfoundation.org/data/all/state/state-income-tax-rates-2026/,https://taxfoundation.org/data/all/state/sales-tax-rates/
53047,2026,0,0.095132843641391365,https://taxfoundation.org/data/all/state/state-income-tax-rates-2026/,https://taxfoundation.org/data/all/state/sales-tax-rates/
53049,2026,0,0.095132843641391365,https://taxfoundation.org/data/all/state/state-income-tax-rates-2026/,https://taxfoundation.org/data/all/state/sales-tax-rates/
53051,2026,0,0.095132843641391365,https://taxfoundation.org/data/all/state/state-income-tax-rates-2026/,https://taxfoundation.org/data/all/state/sales-tax-rates/
53053,2026,0,0.095132843641391365,https://taxfoundation.org/data/all/state/state-income-tax-rates-2026/,https://taxfoundation.org/data/all/state/sales-tax-rates/
53055,2026,0,0.095132843641391365,https://taxfoundation.org/data/all/state/state-income-tax-rates-2026/,https://taxfoundation.org/data/all/state/sales-tax-rates/
53057,2026,0,0.095132843641391365,https://taxfoundation.org/data/all/state/state-income-tax-rates-2026/,https://taxfoundation.org/data/all/state/sales-tax-rates/
53059,2026,0,0.095132843641391365,https://taxfoundation.org/data/all/state/state-income-tax-rates-2026/,https://taxfoundation.org/data/all/state/sales-tax-rates/
53061,2026,0,0.095132843641391365,https://taxfoundation.org/data/all/state/state-income-tax-rates-2026/,https://taxfoundation.org/data/all/state/sales-tax-rates/
53063,2026,0,0.095132843641391365,https://taxfoundation.org/data/all/state/state-income-tax-rates-2026/,https://taxfoundation.org/data/all/state/sales-tax-rates/
53065,2026,0,0.095132843641391365,https://taxfoundation.org/data/all/state/state-income-tax-rates-2026/,https://taxfoundation.org/data/all/state/sales-tax-rates/
53067,2026,0,0.095132843641391365,https://taxfoundation.org/data/all/state/state-income-tax-rates-2026/,https://taxfoundation.org/data/all/state/sales-tax-rates/
53069,2026,0,0.095132843641391365,https://taxfoundation.org/data/all/state/state-income-tax-rates-2026/,https://taxfoundation.org/data/all/state/sales-tax-rates/
53071,2026,0,0.095132843641391365,https://taxfoundation.org/data/all/state/state-income-tax-rates-2026/,https://taxfoundation.org/data/all/state/sales-tax-rates/
53073,2026,0,0.095132843641391365,https://taxfoundation.org/data/all/state/state-income-tax-rates-2026/,https://taxfoundation.org/data/all/state/sales-tax-rates/
53075,2026,0,0.095132843641391365,https://taxfoundation.org/data/all/state/state-income-tax-rates-2026/,https://taxfoundation.org/data/all/state/sales-tax-rates/
53077,2026,0,0.095132843641391365,https://taxfoundation.org/data/all/state/state-income-tax-rates-2026/,https://taxfoundation.org/data/all/state/sales-tax-rates/
54001,2026,0.0388510000000000011,0.065872490582656318,https://taxfoundation.org/data/all/state/state-income-tax-rates-2026/,https://taxfoundation.org/data/all/state/sales-tax-rates/
54003,2026,0.0388510000000000011,0.065872490582656318,https://taxfoundation.org/data/all/state/state-income-tax-rates-2026/,https://taxfoundation.org/data/all/state/sales-tax-rates/
54005,2026,0.0388510000000000011,0.065872490582656318,https://taxfoundation.org/data/all/state/state-income-tax-rates-2026/,https://taxfoundation.org/data/all/state/sales-tax-rates/
54007,2026,0.0388510000000000011,0.065872490582656318,https://taxfoundation.org/data/all/state/state-income-tax-rates-2026/,https://taxfoundation.org/data/all/state/sales-tax-rates/
54009,2026,0.0388510000000000011,0.065872490582656318,https://taxfoundation.org/data/all/state/state-income-tax-rates-2026/,https://taxfoundation.org/data/all/state/sales-tax-rates/
54011,2026,0.0388510000000000011,0.065872490582656318,https://taxfoundation.org/data/all/state/state-income-tax-rates-2026/,https://taxfoundation.org/data/all/state/sales-tax-rates/
54013,2026,0.0388510000000000011,0.065872490582656318,https://taxfoundation.org/data/all/state/state-income-tax-rates-2026/,https://taxfoundation.org/data/all/state/sales-tax-rates/
54015,2026,0.0388510000000000011,0.065872490582656318,https://taxfoundation.org/data/all/state/state-income-tax-rates-2026/,https://taxfoundation.org/data/all/state/sales-tax-rates/
54017,2026,0.0388510000000000011,0.065872490582656318,https://taxfoundation.org/data/all/state/state-income-tax-rates-2026/,https://taxfoundation.org/data/all/state/sales-tax-rates/
54019,2026,0.0388510000000000011,0.065872490582656318,https://taxfoundation.org/data/all/state/state-income-tax-rates-2026/,https://taxfoundation.org/data/all/state/sales-tax-rates/
54021,2026,0.0388510000000000011,0.065872490582656318,https://taxfoundation.org/data/all/state/state-income-tax-rates-2026/,https://taxfoundation.org/data/all/state/sales-tax-rates/
54023,2026,0.0388510000000000011,0.065872490582656318,https://taxfoundation.org/data/all/state/state-income-tax-rates-2026/,https://taxfoundation.org/data/all/state/sales-tax-rates/
54025,2026,0.0388510000000000011,0.065872490582656318,https://taxfoundation.org/data/all/state/state-income-tax-rates-2026/,https://taxfoundation.org/data/all/state/sales-tax-rates/
54027,2026,0.0388510000000000011,0.065872490582656318,https://taxfoundation.org/data/all/state/state-income-tax-rates-2026/,https://taxfoundation.org/data/all/state/sales-tax-rates/
54029,2026,0.0388510000000000011,0.065872490582656318,https://taxfoundation.org/data/all/state/state-income-tax-rates-2026/,https://taxfoundation.org/data/all/state/sales-tax-rates/
54031,2026,0.0388510000000000011,0.065872490582656318,https://taxfoundation.org/data/all/state/state-income-tax-rates-2026/,https://taxfoundation.org/data/all/state/sales-tax-rates/
54033,2026,0.0388510000000000011,0.065872490582656318,https://taxfoundation.org/data/all/state/state-income-tax-rates-2026/,https://taxfoundation.org/data/all/state/sales-tax-rates/
54035,2026,0.0388510000000000011,0.065872490582656318,https://taxfoundation.org/data/all/state/state-income-tax-rates-2026/,https://taxfoundation.org/data/all/state/sales-tax-rates/
54037,2026,0.0388510000000000011,0.065872490582656318,https://taxfoundation.org/data/all/state/state-income-tax-rates-2026/,https://taxfoundation.org/data/all/state/sales-tax-rates/
54039,2026,0.0388510000000000011,0.065872490582656318,https://taxfoundation.org/data/all/state/state-income-tax-rates-2026/,https://taxfoundation.org/data/all/state/sales-tax-rates/
54041,2026,0.0388510000000000011,0.065872490582656318,https://taxfoundation.org/data/all/state/state-income-tax-rates-2026/,https://taxfoundation.org/data/all/state/sales-tax-rates/
54043,2026,0.0388510000000000011,0.065872490582656318,https://taxfoundation.org/data/all/state/state-income-tax-rates-2026/,https://taxfoundation.org/data/all/state/sales-tax-rates/
54045,2026,0.0388510000000000011,0.065872490582656318,https://taxfoundation.org/data/all/state/state-income-tax-rates-2026/,https://taxfoundation.org/data/all/state/sales-tax-rates/
54047,2026,0.0388510000000000011,0.065872490582656318,https://taxfoundation.org/data/all/state/state-income-tax-rates-2026/,https://taxfoundation.org/data/all/state/sales-tax-rates/
54049,2026,0.0388510000000000011,0.065872490582656318,https://taxfoundation.org/data/all/state/state-income-tax-rates-2026/,https://taxfoundation.org/data/all/state/sales-tax-rates/
54051,2026,0.0388510000000000011,0.065872490582656318,https://taxfoundation.org/data/all/state/state-income-tax-rates-2026/,https://taxfoundation.org/data/all/state/sales-tax-rates/
54053,2026,0.0388510000000000011,0.065872490582656318,https://taxfoundation.org/data/all/state/state-income-tax-rates-2026/,https://taxfoundation.org/data/all/state/sales-tax-rates/
54055,2026,0.0388510000000000011,0.065872490582656318,https://taxfoundation.org/data/all/state/state-income-tax-rates-2026/,https://taxfoundation.org/data/all/state/sales-tax-rates/
54057,2026,0.0388510000000000011,0.065872490582656318,https://taxfoundation.org/data/all/state/state-income-tax-rates-2026/,https://taxfoundation.org/data/all/state/sales-tax-rates/
54059,2026,0.0388510000000000011,0.065872490582656318,https://taxfoundation.org/data/all/state/state-income-tax-rates-2026/,https://taxfoundation.org/data/all/state/sales-tax-rates/
54061,2026,0.0388510000000000011,0.065872490582656318,https://taxfoundation.org/data/all/state/state-income-tax-rates-2026/,https://taxfoundation.org/data/all/state/sales-tax-rates/
54063,2026,0.0388510000000000011,0.065872490582656318,https://taxfoundation.org/data/all/state/state-income-tax-rates-2026/,https://taxfoundation.org/data/all/state/sales-tax-rates/
54065,2026,0.0388510000000000011,0.065872490582656318,https://taxfoundation.org/data/all/state/state-income-tax-rates-2026/,https://taxfoundation.org/data/all/state/sales-tax-rates/
54067,2026,0.0388510000000000011,0.065872490582656318,https://taxfoundation.org/data/all/state/state-income-tax-rates-2026/,https://taxfoundation.org/data/all/state/sales-tax-rates/
54069,2026,0.0388510000000000011,0.065872490582656318,https://taxfoundation.org/data/all/state/state-income-tax-rates-2026/,https://taxfoundation.org/data/all/state/sales-tax-rates/
54071,2026,0.0388510000000000011,0.065872490582656318,https://taxfoundation.org/data/all/state/state-income-tax-rates-2026/,https://taxfoundation.org/data/all/state/sales-tax-rates/
54073,2026,0.0388510000000000011,0.065872490582656318,https://taxfoundation.org/data/all/state/state-income-tax-rates-2026/,https://taxfoundation.org/data/all/state/sales-tax-rates/
54075,2026,0.0388510000000000011,0.065872490582656318,https://taxfoundation.org/data/all/state/state-income-tax-rates-2026/,https://taxfoundation.org/data/all/state/sales-tax-rates/
54077,2026,0.0388510000000000011,0.065872490582656318,https://taxfoundation.org/data/all/state/state-income-tax-rates-2026/,https://taxfoundation.org/data/all/state/sales-tax-rates/
54079,2026,0.0388510000000000011,0.065872490582656318,https://taxfoundation.org/data/all/state/state-income-tax-rates-2026/,https://taxfoundation.org/data/all/state/sales-tax-rates/
54081,2026,0.0388510000000000011,0.065872490582656318,https://taxfoundation.org/data/all/state/state-income-tax-rates-2026/,https://taxfoundation.org/data/all/state/sales-tax-rates/
54083,2026,0.0388510000000000011,0.065872490582656318,https://taxfoundation.org/data/all/state/state-income-tax-rates-2026/,https://taxfoundation.org/data/all/state/sales-tax-rates/
54085,2026,0.0388510000000000011,0.065872490582656318,https://taxfoundation.org/data/all/state/state-income-tax-rates-2026/,https://taxfoundation.org/data/all/state/sales-tax-rates/
54087,2026,0.0388510000000000011,0.065872490582656318,https://taxfoundation.org/data/all/state/state-income-tax-rates-2026/,https://taxfoundation.org/data/all/state/sales-tax-rates/
54089,2026,0.0388510000000000011,0.065872490582656318,https://taxfoundation.org/data/all/state/state-income-tax-rates-2026/,https://taxfoundation.org/data/all/state/sales-tax-rates/
54091,2026,0.0388510000000000011,0.065872490582656318,https://taxfoundation.org/data/all/state/state-income-tax-rates-2026/,https://taxfoundation.org/data/all/state/sales-tax-rates/
54093,2026,0.0388510000000000011,0.065872490582656318,https://taxfoundation.org/data/all/state/state-income-tax-rates-2026/,https://taxfoundation.org/data/all/state/sales-tax-rates/
54095,2026,0.0388510000000000011,0.065872490582656318,https://taxfoundation.org/data/all/state/state-income-tax-rates-2026/,https://taxfoundation.org/data/all/state/sales-tax-rates/
54097,2026,0.0388510000000000011,0.065872490582656318,https://taxfoundation.org/data/all/state/state-income-tax-rates-2026/,https://taxfoundation.org/data/all/state/sales-tax-rates/
54099,2026,0.0388510000000000011,0.065872490582656318,https://taxfoundation.org/data/all/state/state-income-tax-rates-2026/,https://taxfoundation.org/data/all/state/sales-tax-rates/
54101,2026,0.0388510000000000011,0.065872490582656318,https://taxfoundation.org/data/all/state/state-income-tax-rates-2026/,https://taxfoundation.org/data/all/state/sales-tax-rates/
54103,2026,0.0388510000000000011,0.065872490582656318,https://taxfoundation.org/data/all/state/state-income-tax-rates-2026/,https://taxfoundation.org/data/all/state/sales-tax-rates/
54105,2026,0.0388510000000000011,0.065872490582656318,https://taxfoundation.org/data/all/state/state-income-tax-rates-2026/,https://taxfoundation.org/data/all/state/sales-tax-rates/
54107,2026,0.0388510000000000011,0.065872490582656318,https://taxfoundation.org/data/all/state/state-income-tax-rates-2026/,https://taxfoundation.org/data/all/state/sales-tax-rates/
54109,2026,0.0388510000000000011,0.065872490582656318,https://taxfoundation.org/data/all/state/state-income-tax-rates-2026/,https://taxfoundation.org/data/all/state/sales-tax-rates/
55001,2026,0.0391947999999999990142,0.057200208815982222,https://taxfoundation.org/data/all/state/state-income-tax-rates-2026/,https://taxfoundation.org/data/all/state/sales-tax-rates/
55003,2026,0.0391947999999999990142,0.057200208815982222,https://taxfoundation.org/data/all/state/state-income-tax-rates-2026/,https://taxfoundation.org/data/all/state/sales-tax-rates/
55005,2026,0.0391947999999999990142,0.057200208815982222,https://taxfoundation.org/data/all/state/state-income-tax-rates-2026/,https://taxfoundation.org/data/all/state/sales-tax-rates/
55007,2026,0.0391947999999999990142,0.057200208815982222,https://taxfoundation.org/data/all/state/state-income-tax-rates-2026/,https://taxfoundation.org/data/all/state/sales-tax-rates/
55009,2026,0.0391947999999999990142,0.057200208815982222,https://taxfoundation.org/data/all/state/state-income-tax-rates-2026/,https://taxfoundation.org/data/all/state/sales-tax-rates/
55011,2026,0.0391947999999999990142,0.057200208815982222,https://taxfoundation.org/data/all/state/state-income-tax-rates-2026/,https://taxfoundation.org/data/all/state/sales-tax-rates/
55013,2026,0.0391947999999999990142,0.057200208815982222,https://taxfoundation.org/data/all/state/state-income-tax-rates-2026/,https://taxfoundation.org/data/all/state/sales-tax-rates/
55015,2026,0.0391947999999999990142,0.057200208815982222,https://taxfoundation.org/data/all/state/state-income-tax-rates-2026/,https://taxfoundation.org/data/all/state/sales-tax-rates/
55017,2026,0.0391947999999999990142,0.057200208815982222,https://taxfoundation.org/data/all/state/state-income-tax-rates-2026/,https://taxfoundation.org/data/all/state/sales-tax-rates/
55019,2026,0.0391947999999999990142,0.057200208815982222,https://taxfoundation.org/data/all/state/state-income-tax-rates-2026/,https://taxfoundation.org/data/all/state/sales-tax-rates/
55021,2026,0.0391947999999999990142,0.057200208815982222,https://taxfoundation.org/data/all/state/state-income-tax-rates-2026/,https://taxfoundation.org/data/all/state/sales-tax-rates/
55023,2026,0.0391947999999999990142,0.057200208815982222,https://taxfoundation.org/data/all/state/state-income-tax-rates-2026/,https://taxfoundation.org/data/all/state/sales-tax-rates/
55025,2026,0.0391947999999999990142,0.057200208815982222,https://taxfoundation.org/data/all/state/state-income-tax-rates-2026/,https://taxfoundation.org/data/all/state/sales-tax-rates/
55027,2026,0.0391947999999999990142,0.057200208815982222,https://taxfoundation.org/data/all/state/state-income-tax-rates-2026/,https://taxfoundation.org/data/all/state/sales-tax-rates/
55029,2026,0.0391947999999999990142,0.057200208815982222,https://taxfoundation.org/data/all/state/state-income-tax-rates-2026/,https://taxfoundation.org/data/all/state/sales-tax-rates/
55031,2026,0.0391947999999999990142,0.057200208815982222,https://taxfoundation.org/data/all/state/state-income-tax-rates-2026/,https://taxfoundation.org/data/all/state/sales-tax-rates/
55033,2026,0.0391947999999999990142,0.057200208815982222,https://taxfoundation.org/data/all/state/state-income-tax-rates-2026/,https://taxfoundation.org/data/all/state/sales-tax-rates/
55035,2026,0.0391947999999999990142,0.057200208815982222,https://taxfoundation.org/data/all/state/state-income-tax-rates-2026/,https://taxfoundation.org/data/all/state/sales-tax-rates/
55037,2026,0.0391947999999999990142,0.057200208815982222,https://taxfoundation.org/data/all/state/state-income-tax-rates-2026/,https://taxfoundation.org/data/all/state/sales-tax-rates/
55039,2026,0.0391947999999999990142,0.057200208815982222,https://taxfoundation.org/data/all/state/state-income-tax-rates-2026/,https://taxfoundation.org/data/all/state/sales-tax-rates/
55041,2026,0.0391947999999999990142,0.057200208815982222,https://taxfoundation.org/data/all/state/state-income-tax-rates-2026/,https://taxfoundation.org/data/all/state/sales-tax-rates/
55043,2026,0.0391947999999999990142,0.057200208815982222,https://taxfoundation.org/data/all/state/state-income-tax-rates-2026/,https://taxfoundation.org/data/all/state/sales-tax-rates/
55045,2026,0.0391947999999999990142,0.057200208815982222,https://taxfoundation.org/data/all/state/state-income-tax-rates-2026/,https://taxfoundation.org/data/all/state/sales-tax-rates/
55047,2026,0.0391947999999999990142,0.057200208815982222,https://taxfoundation.org/data/all/state/state-income-tax-rates-2026/,https://taxfoundation.org/data/all/state/sales-tax-rates/
55049,2026,0.0391947999999999990142,0.057200208815982222,https://taxfoundation.org/data/all/state/state-income-tax-rates-2026/,https://taxfoundation.org/data/all/state/sales-tax-rates/
55051,2026,0.0391947999999999990142,0.057200208815982222,https://taxfoundation.org/data/all/state/state-income-tax-rates-2026/,https://taxfoundation.org/data/all/state/sales-tax-rates/
55053,2026,0.0391947999999999990142,0.057200208815982222,https://taxfoundation.org/data/all/state/state-income-tax-rates-2026/,https://taxfoundation.org/data/all/state/sales-tax-rates/
55055,2026,0.0391947999999999990142,0.057200208815982222,https://taxfoundation.org/data/all/state/state-income-tax-rates-2026/,https://taxfoundation.org/data/all/state/sales-tax-rates/
55057,2026,0.0391947999999999990142,0.057200208815982222,https://taxfoundation.org/data/all/state/state-income-tax-rates-2026/,https://taxfoundation.org/data/all/state/sales-tax-rates/
55059,2026,0.0391947999999999990142,0.057200208815982222,https://taxfoundation.org/data/all/state/state-income-tax-rates-2026/,https://taxfoundation.org/data/all/state/sales-tax-rates/
55061,2026,0.0391947999999999990142,0.057200208815982222,https://taxfoundation.org/data/all/state/state-income-tax-rates-2026/,https://taxfoundation.org/data/all/state/sales-tax-rates/
55063,2026,0.0391947999999999990142,0.057200208815982222,https://taxfoundation.org/data/all/state/state-income-tax-rates-2026/,https://taxfoundation.org/data/all/state/sales-tax-rates/
55065,2026,0.0391947999999999990142,0.057200208815982222,https://taxfoundation.org/data/all/state/state-income-tax-rates-2026/,https://taxfoundation.org/data/all/state/sales-tax-rates/
55067,2026,0.0391947999999999990142,0.057200208815982222,https://taxfoundation.org/data/all/state/state-income-tax-rates-2026/,https://taxfoundation.org/data/all/state/sales-tax-rates/
55069,2026,0.0391947999999999990142,0.057200208815982222,https://taxfoundation.org/data/all/state/state-income-tax-rates-2026/,https://taxfoundation.org/data/all/state/sales-tax-rates/
55071,2026,0.0391947999999999990142,0.057200208815982222,https://taxfoundation.org/data/all/state/state-income-tax-rates-2026/,https://taxfoundation.org/data/all/state/sales-tax-rates/
55073,2026,0.0391947999999999990142,0.057200208815982222,https://taxfoundation.org/data/all/state/state-income-tax-rates-2026/,https://taxfoundation.org/data/all/state/sales-tax-rates/
55075,2026,0.0391947999999999990142,0.057200208815982222,https://taxfoundation.org/data/all/state/state-income-tax-rates-2026/,https://taxfoundation.org/data/all/state/sales-tax-rates/
55077,2026,0.0391947999999999990142,0.057200208815982222,https://taxfoundation.org/data/all/state/state-income-tax-rates-2026/,https://taxfoundation.org/data/all/state/sales-tax-rates/
55078,2026,0.0391947999999999990142,0.057200208815982222,https://taxfoundation.org/data/all/state/state-income-tax-rates-2026/,https://taxfoundation.org/data/all/state/sales-tax-rates/
55079,2026,0.0391947999999999990142,0.057200208815982222,https://taxfoundation.org/data/all/state/state-income-tax-rates-2026/,https://taxfoundation.org/data/all/state/sales-tax-rates/
55081,2026,0.0391947999999999990142,0.057200208815982222,https://taxfoundation.org/data/all/state/state-income-tax-rates-2026/,https://taxfoundation.org/data/all/state/sales-tax-rates/
55083,2026,0.0391947999999999990142,0.057200208815982222,https://taxfoundation.org/data/all/state/state-income-tax-rates-2026/,https://taxfoundation.org/data/all/state/sales-tax-rates/
55085,2026,0.0391947999999999990142,0.057200208815982222,https://taxfoundation.org/data/all/state/state-income-tax-rates-2026/,https://taxfoundation.org/data/all/state/sales-tax-rates/
55087,2026,0.0391947999999999990142,0.057200208815982222,https://taxfoundation.org/data/all/state/state-income-tax-rates-2026/,https://taxfoundation.org/data/all/state/sales-tax-rates/
55089,2026,0.0391947999999999990142,0.057200208815982222,https://taxfoundation.org/data/all/state/state-income-tax-rates-2026/,https://taxfoundation.org/data/all/state/sales-tax-rates/
55091,2026,0.0391947999999999990142,0.057200208815982222,https://taxfoundation.org/data/all/state/state-income-tax-rates-2026/,https://taxfoundation.org/data/all/state/sales-tax-rates/
55093,2026,0.0391947999999999990142,0.057200208815982222,https://taxfoundation.org/data/all/state/state-income-tax-rates-2026/,https://taxfoundation.org/data/all/state/sales-tax-rates/
55095,2026,0.0391947999999999990142,0.057200208815982222,https://taxfoundation.org/data/all/state/state-income-tax-rates-2026/,https://taxfoundation.org/data/all/state/sales-tax-rates/
55097,2026,0.0391947999999999990142,0.057200208815982222,https://taxfoundation.org/data/all/state/state-income-tax-rates-2026/,https://taxfoundation.org/data/all/state/sales-tax-rates/
55099,2026,0.0391947999999999990142,0.057200208815982222,https://taxfoundation.org/data/all/state/state-income-tax-rates-2026/,https://taxfoundation.org/data/all/state/sales-tax-rates/
55101,2026,0.0391947999999999990142,0.057200208815982222,https://taxfoundation.org/data/all/state/state-income-tax-rates-2026/,https://taxfoundation.org/data/all/state/sales-tax-rates/
55103,2026,0.0391947999999999990142,0.057200208815982222,https://taxfoundation.org/data/all/state/state-income-tax-rates-2026/,https://taxfoundation.org/data/all/state/sales-tax-rates/
55105,2026,0.0391947999999999990142,0.057200208815982222,https://taxfoundation.org/data/all/state/state-income-tax-rates-2026/,https://taxfoundation.org/data/all/state/sales-tax-rates/
55107,2026,0.0391947999999999990142,0.057200208815982222,https://taxfoundation.org/data/all/state/state-income-tax-rates-2026/,https://taxfoundation.org/data/all/state/sales-tax-rates/
55109,2026,0.0391947999999999990142,0.057200208815982222,https://taxfoundation.org/data/all/state/state-income-tax-rates-2026/,https://taxfoundation.org/data/all/state/sales-tax-rates/
55111,2026,0.0391947999999999990142,0.057200208815982222,https://taxfoundation.org/data/all/state/state-income-tax-rates-2026/,https://taxfoundation.org/data/all/state/sales-tax-rates/
55113,2026,0.0391947999999999990142,0.057200208815982222,https://taxfoundation.org/data/all/state/state-income-tax-rates-2026/,https://taxfoundation.org/data/all/state/sales-tax-rates/
55115,2026,0.0391947999999999990142,0.057200208815982222,https://taxfoundation.org/data/all/state/state-income-tax-rates-2026/,https://taxfoundation.org/data/all/state/sales-tax-rates/
55117,2026,0.0391947999999999990142,0.057200208815982222,https://taxfoundation.org/data/all/state/state-income-tax-rates-2026/,https://taxfoundation.org/data/all/state/sales-tax-rates/
55119,2026,0.0391947999999999990142,0.057200208815982222,https://taxfoundation.org/data/all/state/state-income-tax-rates-2026/,https://taxfoundation.org/data/all/state/sales-tax-rates/
55121,2026,0.0391947999999999990142,0.057200208815982222,https://taxfoundation.org/data/all/state/state-income-tax-rates-2026/,https://taxfoundation.org/data/all/state/sales-tax-rates/
55123,2026,0.0391947999999999990142,0.057200208815982222,https://taxfoundation.org/data/all/state/state-income-tax-rates-2026/,https://taxfoundation.org/data/all/state/sales-tax-rates/
55125,2026,0.0391947999999999990142,0.057200208815982222,https://taxfoundation.org/data/all/state/state-income-tax-rates-2026/,https://taxfoundation.org/data/all/state/sales-tax-rates/
55127,2026,0.0391947999999999990142,0.057200208815982222,https://taxfoundation.org/data/all/state/state-income-tax-rates-2026/,https://taxfoundation.org/data/all/state/sales-tax-rates/
55129,2026,0.0391947999999999990142,0.057200208815982222,https://taxfoundation.org/data/all/state/state-income-tax-rates-2026/,https://taxfoundation.org/data/all/state/sales-tax-rates/
55131,2026,0.0391947999999999990142,0.057200208815982222,https://taxfoundation.org/data/all/state/state-income-tax-rates-2026/,https://taxfoundation.org/data/all/state/sales-tax-rates/
55133,2026,0.0391947999999999990142,0.057200208815982222,https://taxfoundation.org/data/all/state/state-income-tax-rates-2026/,https://taxfoundation.org/data/all/state/sales-tax-rates/
55135,2026,0.0391947999999999990142,0.057200208815982222,https://taxfoundation.org/data/all/state/state-income-tax-rates-2026/,https://taxfoundation.org/data/all/state/sales-tax-rates/
55137,2026,0.0391947999999999990142,0.057200208815982222,https://taxfoundation.org/data/all/state/state-income-tax-rates-2026/,https://taxfoundation.org/data/all/state/sales-tax-rates/
55139,2026,0.0391947999999999990142,0.057200208815982222,https://taxfoundation.org/data/all/state/state-income-tax-rates-2026/,https://taxfoundation.org/data/all/state/sales-tax-rates/
55141,2026,0.0391947999999999990142,0.057200208815982222,https://taxfoundation.org/data/all/state/state-income-tax-rates-2026/,https://taxfoundation.org/data/all/state/sales-tax-rates/
56001,2026,0,0.055598356888927433,https://taxfoundation.org/data/all/state/state-income-tax-rates-2026/,https://taxfoundation.org/data/all/state/sales-tax-rates/
56003,2026,0,0.055598356888927433,https://taxfoundation.org/data/all/state/state-income-tax-rates-2026/,https://taxfoundation.org/data/all/state/sales-tax-rates/
56005,2026,0,0.055598356888927433,https://taxfoundation.org/data/all/state/state-income-tax-rates-2026/,https://taxfoundation.org/data/all/state/sales-tax-rates/
56007,2026,0,0.055598356888927433,https://taxfoundation.org/data/all/state/state-income-tax-rates-2026/,https://taxfoundation.org/data/all/state/sales-tax-rates/
56009,2026,0,0.055598356888927433,https://taxfoundation.org/data/all/state/state-income-tax-rates-2026/,https://taxfoundation.org/data/all/state/sales-tax-rates/
56011,2026,0,0.055598356888927433,https://taxfoundation.org/data/all/state/state-income-tax-rates-2026/,https://taxfoundation.org/data/all/state/sales-tax-rates/
56013,2026,0,0.055598356888927433,https://taxfoundation.org/data/all/state/state-income-tax-rates-2026/,https://taxfoundation.org/data/all/state/sales-tax-rates/
56015,2026,0,0.055598356888927433,https://taxfoundation.org/data/all/state/state-income-tax-rates-2026/,https://taxfoundation.org/data/all/state/sales-tax-rates/
56017,2026,0,0.055598356888927433,https://taxfoundation.org/data/all/state/state-income-tax-rates-2026/,https://taxfoundation.org/data/all/state/sales-tax-rates/
56019,2026,0,0.055598356888927433,https://taxfoundation.org/data/all/state/state-income-tax-rates-2026/,https://taxfoundation.org/data/all/state/sales-tax-rates/
56021,2026,0,0.055598356888927433,https://taxfoundation.org/data/all/state/state-income-tax-rates-2026/,https://taxfoundation.org/data/all/state/sales-tax-rates/
56023,2026,0,0.055598356888927433,https://taxfoundation.org/data/all/state/state-income-tax-rates-2026/,https://taxfoundation.org/data/all/state/sales-tax-rates/
56025,2026,0,0.055598356888927433,https://taxfoundation.org/data/all/state/state-income-tax-rates-2026/,https://taxfoundation.org/data/all/state/sales-tax-rates/
56027,2026,0,0.055598356888927433,https://taxfoundation.org/data/all/state/state-income-tax-rates-2026/,https://taxfoundation.org/data/all/state/sales-tax-rates/
56029,2026,0,0.055598356888927433,https://taxfoundation.org/data/all/state/state-income-tax-rates-2026/,https://taxfoundation.org/data/all/state/sales-tax-rates/
56031,2026,0,0.055598356888927433,https://taxfoundation.org/data/all/state/state-income-tax-rates-2026/,https://taxfoundation.org/data/all/state/sales-tax-rates/
56033,2026,0,0.055598356888927433,https://taxfoundation.org/data/all/state/state-income-tax-rates-2026/,https://taxfoundation.org/data/all/state/sales-tax-rates/
56035,2026,0,0.055598356888927433,https://taxfoundation.org/data/all/state/state-income-tax-rates-2026/,https://taxfoundation.org/data/all/state/sales-tax-rates/
56037,2026,0,0.055598356888927433,https://taxfoundation.org/data/all/state/state-income-tax-rates-2026/,https://taxfoundation.org/data/all/state/sales-tax-rates/
56039,2026,0,0.055598356888927433,https://taxfoundation.org/data/all/state/state-income-tax-rates-2026/,https://taxfoundation.org/data/all/state/sales-tax-rates/
56041,2026,0,0.055598356888927433,https://taxfoundation.org/data/all/state/state-income-tax-rates-2026/,https://taxfoundation.org/data/all/state/sales-tax-rates/
56043,2026,0,0.055598356888927433,https://taxfoundation.org/data/all/state/state-income-tax-rates-2026/,https://taxfoundation.org/data/all/state/sales-tax-rates/
56045,2026,0,0.055598356888927433,https://taxfoundation.org/data/all/state/state-income-tax-rates-2026/,https://taxfoundation.org/data/all/state/sales-tax-rates/
